"sample","Acidimicrobiia","Acidobacteriae","Actinobacteria","AD3","Alphaproteobacteria","Anaerolineae","Armatimonadia","Babeliae","Bacilli","Bacteroidia","Bathyarchaeia","Bdellovibrionia","Blastocatellia","Chlamydiae","Chloroflexia","Chthonomonadetes","Clostridia","Cyanobacteriia","Deferribacteres","Dehalococcoidia","Desulfitobacteriia","Elusimicrobia","Entotheonellia","FFCH5909","Fimbriimonadia","Gammaproteobacteria","Gemmatimonadetes","Holophagae","JG30.KF.CM66","KD4.96","Ktedonobacteria","Lineage.IIa","Lineage.IIb","Lineage.IIc","MB.A2.108","Methylomirabilia","Myxococcia","Nitrososphaeria","Nitrospiria","Oligoflexia","P2.11E","Parcubacteria","Phycisphaerae","Planctomycetes","Polyangia","Saccharimonadia","Sericytochromatia","SHA.26","Subgroup.5","Symbiobacteriia","Thermoanaerobaculia","Thermoleophilia","Thermoplasmata","TK10","Unclassified.Class.in.Armatimonadota","Unclassified.Class.in.Chloroflexi","Unclassified.Class.in.Cyanobacteria","Unclassified.Class.in.Desulfobacterota","Unclassified.Class.in.FCPU426","Unclassified.Class.in.GAL15","Unclassified.Class.in.Latescibacterota","Unclassified.Class.in.NB1.j","Unclassified.Class.in.Patescibacteria","Unclassified.Class.in.RCP2.54","Unclassified.Class.in.WPS.2","Vampirivibrionia","Verrucomicrobiae","Vicinamibacteria","bacteriap25","Chitinivibrionia","Gitt.GS.136","Ignavibacteria","Kapabacteria","Limnochordia","Longimicrobia","Pla4.lineage","Spirochaetia","Syntrophobacteria","Unclassified.Class.in.Firmicutes","Unclassified.Class.in.Margulisbacteria","Unclassified.Class.in.Myxococcota","Unclassified.Class.in.Proteobacteria","Unclassified.Class.in.SAR324.clade.Marine.group.B.","Unclassified.Class.in.TX1A.33"
"P66",0.0290439296810477,0.183879340858143,0.113914343021198,0.185118181460652,0.118614071656114,0.00017697722892987,0.00011798481928658,0.0002163055020254,0.00684311951862194,0.00556495064301727,0.00568293546230385,3.93282730955284e-05,0.00088488614464938,7.86565461910568e-05,0.00287096393597357,0.00165178747001219,0.00019664136547764,0.00039328273095528,0,5.89924096432926e-05,0,0,0.00023596963857317,7.86565461910568e-05,0.00015731309238211,0.0340779486372753,0.0155150037361859,0.00167145160655996,0.00178943642584654,0,0.0993038895662091,0.00039328273095528,0,7.86565461910568e-05,0.00031462618476422,0.00133716128524796,0.00971408345459551,0.0036771935344319,5.89924096432926e-05,0.00017697722892987,0.00013764895583434,3.93282730955284e-05,0.00127816887560467,0.00678412710897864,0.00880953317339836,0.00100287096393597,0.00013764895583434,0.00023596963857317,0.00218271915680182,0,0.00153380265072561,0.0692570889212255,0.0002163055020254,0.0209029771502733,0.00182876469894207,0.00407047626538719,0.00023596963857317,0.00015731309238211,0.00011798481928658,0.0101466944586463,0,0.00019664136547764,0,0.00353954457859755,0.0181696621701341,5.89924096432926e-05,0.0159476147402368,0.00908483108506705,0,0,0,0,0,0,0,0,0,0,0,0,0,0,0,0
"I07",0.0215425160221215,0.172180406093397,0.115858406372911,0.0892047836764031,0.203925170203845,9.98263022341126e-05,0,0,0.0139756823127758,0.00137760297083075,0.00489148880947152,5.98957813404676e-05,0.00161718609619262,0,0.00269531016032104,0.00049913151117056,0.0005390620320642,0.00011979156268093,3.99305208936451e-05,0.00011979156268093,0,0,0,0,0,0.0303871264000639,0.00481162776768423,0.0022161439095973,0.00215624812825683,0.00071874937608561,0.0980094635334518,3.99305208936451e-05,0,0,0.00037933994848962,0.00173697765887356,0.00896440194062332,0.00576996026913171,0,0.00021961786491504,0,0,0.00043923572983009,0.00840537464811228,0.00854513147124004,0.00161718609619262,0.00021961786491504,0.0001796873440214,0.00547048136242937,7.98610417872901e-05,0,0.0540459600295486,0.00011979156268093,0.0222612653982071,0.0005390620320642,0.00269531016032104,0,0.00023958312536187,3.99305208936451e-05,0.00563020344600395,0.00119791562680935,3.99305208936451e-05,0,0.00798610417872901,0.0211631760736319,0.00033940942759598,0.046459161059756,0.0281310519695729,0,0,0,0,0,0,0,0,0,0,0,0,0,0,0,0
"I22",0.0203667126299706,0.262736183058175,0.085622181642008,0.0957403197555249,0.203592591212313,9.31688592404875e-05,0,0.00011180263108858,0.0309320612678418,0.00346588156374613,0.0007080833302277,3.7267543696195e-05,0.00042857675250624,0.00014907017478478,0.00199381358774643,0,0.00106212499534156,0.00029814034956956,0,0.00014907017478478,9.31688592404875e-05,0.00011180263108858,0,5.59013155442925e-05,0.00022360526217717,0.0498453396936608,0.00933551969589684,0.00348451533559423,0.00229195393731599,0.00016770394663287,0.0275779823351843,0.00018633771848097,7.453508739239e-05,9.31688592404875e-05,0.00026087280587336,0.00128573025751873,0.00970819513285879,0.00111802631088585,0,0.00115529385458204,9.31688592404875e-05,9.31688592404875e-05,0.00013043640293668,0.00624231356911266,0.0118883464390862,0.00229195393731599,0.00018633771848097,0,0.00570193418551783,7.453508739239e-05,0.00011180263108858,0.0646778220847464,0.00035404166511385,0.00913054820556777,0,0.00087578727686058,0.00027950657772146,0.00014907017478478,0.00042857675250624,0.00469571050572057,0,0.00024223903402526,0.00014907017478478,0.00585100436030261,0.0313047367048038,0.00035404166511385,0.0248760854172102,0.0152610591435918,0,0,0,0,0,0,0,0,0,0,0,0,0,0,0,0
"2",0.0223426530360882,0.36445375046188,0.0776819805394753,0.0304778913659318,0.2609311491563,0.00012316787781746,0,4.31087572361128e-05,0.0338465328242394,0.00207537874122429,0,0,0.00056041384406946,0,0,0,0.00107771893090282,0,0,0,0,0,0.00012316787781746,0,0,0.0372336494642197,0.00302377140041877,0.00097302623475797,0.00096070944697622,0,0.0224781377016874,0.00046803793570636,5.54255450178593e-05,0,0,0.00062815617686907,0.00517305086833354,0.00012932627170833,0,7.39007266904791e-05,0,0,0.00028328611898017,0.00193989407562508,0.00501293262717083,0.0022108634068235,0.00030176130065279,0,0.005296218746151,0,0,0.0340559182165291,0,0.0106232294617564,0,0.00102229338588496,0,0.00033871166399802,0,0.00266658455474812,0,0,0,0.00450178593422835,0.031050621997783,0,0.0304286242148048,0.00506219977829782,0,0,0.00020938539228969,0,0,0,6.15839389087326e-05,0,0,0,0,0,0,0,0,0
"4",0.0146618791143028,0.397602596884464,0.0744156103222531,0.0499066064595688,0.195192499501297,0,0,0,0.0130297589902617,0.00444299367100085,0,0,0.00222149683550043,0,0,0,0,0,0,0,0,0,0,0,0.00039896269698783,0.0523003826414957,0.0050233030484377,0.00100647407649203,0,0,0.0375750321890358,0,0,0,0,0.0018588034746024,0.0229312877427779,0.00013601001033676,0.00012694267631431,0.00035362602687557,0,0,0.00029015468871842,0.00190414014471465,0.00874090999764249,0.00296501822534139,0.0007163193877736,0,0.0025025841901964,0,0,0.0296411149193914,0,0.00706345320348911,0,0.0006619153836389,0,0.00052590537330214,0.00028108735469597,0.00364506827702519,0,0.00085232939811036,0,0.00565801643000925,0.0304753096494569,0,0.0262045953248826,0.00456993634731516,0,0,0,0,0,0,0,0.00011787534229185,0,0,0,0,0,0,0,0
"10",0.0145936468646865,0.338428217821782,0.104269801980198,0.0222462871287129,0.272277227722772,0.00021658415841584,0,0,0.0437396864686469,0.00634282178217822,0,0,0.00443481848184818,3.09405940594059e-05,0,0,0.00241336633663366,6.18811881188119e-05,0,0.00027846534653465,0,0,0,0,0.00034034653465346,0.0382838283828383,0.00313531353135314,0.00233085808580858,0.0005569306930693,0.00067037953795379,0.0225350660066007,0,0,0,0,0.00241336633663366,0.0087046204620462,0,0,0,0,0,0,0.00089727722772277,0.00981848184818482,0.00555899339933993,0.00045379537953795,0,0.00536303630363036,0,0,0.0203898514851485,0.00014438943894389,0.00691006600660066,0,0,0,0.00234117161716172,0,0.00089727722772277,0.00059818481848184,0.00043316831683168,0,0.00478547854785479,0.0100041254125413,0,0.0363448844884488,0.00663160066006601,0,0,0,0,0.00012376237623762,0,0,0,0,0,0,0,0,0,0,0
"13",0.0194681558545673,0.381965764469021,0.0712405141706675,0.042826298863978,0.24109721323871,0.00033707148648525,0,0,0.0159972305477867,0.00392642731554446,0,0,0.00027330120525831,7.28803214022174e-05,0,0,0.00016398072315498,0,0,0,0,0,0,0,0.00041906184806275,0.0567191101312757,0.0039901975967714,0.00145760642804435,0.00053749237034135,0,0.0179194490247702,0,0,0,0,0.00112964498173437,0.0146398345616704,0,0,0,0,5.4660241051663e-05,0.00022775100438192,0.00073791325419745,0.00829924659967751,0.00185844819575654,0,0,0.00383532691379169,0,0,0.0310287968369941,0.00012754056245388,0.00987528355000046,0,0.00183111807523071,0,0,0.00039173172753691,0.00429082892255555,0,0.00018220080350554,0,0.00414506827975111,0.0340351100948355,0.00044639196858858,0.0180196594666982,0.0059852963951571,0.00025508112490776,0,0,0,0.00019131084368082,0,0,0,0,0,0,0,0,0,0,0
"16",0.0148874161050316,0.382350880634449,0.0596547520632207,0.0810646078829744,0.18246717762614,0.00015412854320503,0,7.00584287295605e-05,0.0108800739817007,0.00480600821084785,0,0.00030825708641006,0.00049040900110692,9.10759573484286e-05,9.80818002213846e-05,0,0,0,0,0,0,0,0,0,0.00020316944331572,0.0476327256932281,0.00844204066191204,0.00186355420420631,0,0,0.0415726716081212,0.00065154338718491,0,0,0,0.00253611512001009,0.0207443007468229,0.00020316944331572,0.00088974204486541,0.00106488811668932,0,0,0.00024520450055346,0.00107889980243523,0.00647339881461139,0.00268323782034217,0.00086872451624655,0,0.00240300410542392,0,0,0.0280794182348078,6.30525858566044e-05,0.0101234429514215,0,0.00186355420420631,0,0.0005254382154717,0,0.00743319928820636,0,0.00068657260154969,0,0.00453978618167552,0.0463646681332231,0.00066555507293082,0.0147683167761913,0.00533845226919251,0,0,0,0,0,0,0,0,0,0,0,0,0,0.00248006837702644,0,0.00018915775756981
"19",0.0242184484754921,0.338989358769366,0.106853393615262,0.0913464189226443,0.208813475216408,5.51359100181949e-05,0,6.89198875227436e-05,0.0116474609913437,0.00275679550090974,0,0.00019297568506368,0.00034459943761371,0,0,0,0.00062027898770469,0.00017919170755913,0,0.00015162375255003,0,0,8.27038650272923e-05,0,0.00044108728014555,0.0359072613993494,0.00682306886475161,0.00027567955009097,0.0010475822903457,0,0.0238324971053647,0.0004824392126592,0,0,0,0.00151623752550036,0.0100347356233115,0,0,6.89198875227436e-05,0,0,0,0,0.00651982135965154,0.00384572972376909,6.89198875227436e-05,0,0.00290841925345978,0,0,0.0460936207752109,0,0.0133704581794123,0,0.00226057231074599,0,0,0,0.00474168826156476,0,0,0,0.00170921321056404,0.0365964602745768,0,0.0100623035783206,0.00507250372167393,0,0,0,0,0,0,0,0,0,0,0,0,0,0,0,0
"25",0.0314617937076413,0.321348335730333,0.123788575242285,0.0797119840576032,0.197240160551968,0.000234999953,0,0,0.0106313978737204,0.0025003994999201,0,0,0.00042299991540001,0,0,0,0,0,0,0,0,0,9.39999812000038e-05,0,0,0.050421589915682,0.00529219894156021,0.00061099987780002,0.00070499985900002,0,0.0220241955951609,0,0,0,0,0.00084599983080003,0.0074541985091603,0.00027259994548001,0,8.45999830800034e-05,0,0,0.000234999953,0,0.00642959871408026,0.00225599954880009,0.00022559995488,0,0.00349679930064014,0,0.00045119990976001,0.0557231888553622,0,0.0115619976876005,0,0.00181419963716007,0,0,0,0.00384459923108015,0,0.00037599992480001,0,0.00273539945292011,0.0417077916584417,0,0.00912739817452037,0.00486919902616019,0,0,0,0,0,0,0,0,0,0,0,0,0,0,0,0
"28",0.0205769925641367,0.339273149116635,0.0647072247684613,0.0719624213148736,0.196489359678984,0.00080824601106821,0,0.0007511933514634,0.0117433391019911,0.00427894947036114,0,0,0.00137877260711637,0,0.00034231595762889,0,0.00099842154308426,0.00341365079968811,0,5.70526596048152e-05,0,0,0.00046593005343932,0,0.00055150904284654,0.0325580510811479,0.00623775745012647,0.00198733430956773,0.00082726356426982,0,0.0494646558773748,0.00081775478766901,4.75438830040127e-05,0,0.00028526329802407,0.00079873723446741,0.0191316585208147,0.00052298271304414,0.00020919308521765,0.0004088773938345,0,0,0,0.00542951143905825,0.0105547420268908,0.00068463191525778,0,0,0.00719814388680752,0,0.00060856170245136,0.0473632162485975,0,0.0154517619763041,0,0.00027575452142327,0,0,0.00041838617043531,0.00454519521518361,0,0.00033280718102808,0,0.00741684574862598,0.0202441853831086,0.00029477207462487,0.0366848601258962,0.0114010231443622,0,0,0,0,0,0,0,0,0,0,0,0,0,0,0,0
"34",0.0192311878278662,0.330314969199626,0.0745956770640604,0.0681308634988355,0.163731742887617,0.00085979843712587,0,0.00129513941794911,0.0128207918852441,0.0053111599660434,0,0.00014148581876755,0.00143662523671666,8.7068196164646e-05,0.00050064212794671,0,0.00088156548616704,0.00363509718987397,0,0,0,0,0.00079449729000239,8.7068196164646e-05,0.00080538081452297,0.0387126967197057,0.00793408937550336,0.00240525891904834,0.00085979843712587,0,0.0517293920463203,0.00093598310876994,0,0,0,0.00085979843712587,0.0215493785507499,0.00027208811301451,0.00030473868657626,0.00051152565246729,0,0,0.00027208811301451,0.00581180209399012,0.0113841666485275,0.00051152565246729,0,0,0.0082497115866002,0,0.00093598310876994,0.0537754946561895,0,0.0198515487255393,0,0.00261204588493938,0,0,0.00054417622602903,0.00467991554384972,0,0.00052240917698787,0,0.00797762347358569,0.0201562874121155,0.00025032106397335,0.0393983587645023,0.0120045275462006,0,0,0,0,0,0,0,0.00029385516205568,0,0,3.26505735617422e-05,0,0,0,0,0
"37",0.0247538954598733,0.286071425644052,0.0955320038360341,0.109826968631405,0.236940680814092,7.37698871320727e-05,0,6.55732330062868e-05,0.00815567085515692,0.0030737452971697,0,0,0.00174588732879239,2.45899623773576e-05,0,0,0.00390160736387407,3.27866165031434e-05,0,0.00010655650363521,0,0,0.00036065278153457,0,0.00046720928516979,0.0259014270374833,0.0051556954451193,0.00099179514922008,0.00093441857033958,0.00065573233006286,0.027598134441521,0,0,0,0,0.00117212153998738,0.0220489995983639,0.00014753977426414,0.00035245612740879,0,0,0,0,0.00290981221465398,0.00997532807108138,0.00080327210432701,0,0,0.00487700920484258,0,0.00070491225481758,0.0451963508495832,0.00022130966139621,0.0213113007270432,0,0.00447537315267908,0,0,0,0.00474586273883001,0.00021311300727043,0.00054917582642765,0,0.00316390849255334,0.0161474086277981,0.0002868828944025,0.0185080450160245,0.00947533216940845,0,0,0,9.01631953836444e-05,1.63933082515717e-05,0,0,0.00019671969901886,0,0,0,4.09832706289293e-05,0,0,0,0
"40",0.0202878086259526,0.409577008534585,0.0586519093797371,0.0723570820441473,0.198444670556721,0.00020765413127894,0,0.0001765060115871,0.00745478331291401,0.00124592478767365,0,0,0.00093444359075523,0,0,0,0,0,0,0,0,0,0.00028033307722657,0,0,0.0436177502751417,0.00665531490749008,0.00113171501547023,0.00102788794983076,0,0.0244097431318396,0.0012563074942376,0,0,0,0.0007060240463484,0.0203604875719002,0.00011420977220341,0.00022841954440683,0,0,0,0,0.00208692401935337,0.00993625018169736,0,0,0,0.00781817804265216,0,0,0.0295907137072492,0.00025956766409867,0.01020620055236,0,0.00281371347882966,0,0,0.0005087526216334,0.00499408185725855,0,0.00066449322009261,0,0.00559627883796748,0.0185123658035177,0.00034262931661025,0.0289469859002845,0.00859688103494819,0,0,0,0,0,0,0,0,0,0,0,0,0,0,0,0
"43",0.0192368681863231,0.328473736372646,0.0902477700693756,0.103191278493558,0.174796828543112,0.00044598612487611,0,0,0.00961347869177403,0.00427155599603568,0,0,0.00206144697720515,0,0.00032705649157581,0,0,5.94648166501487e-05,0,0,0,0,0.00047571853320118,0,0,0.0350941526263627,0.00533201189296333,0.00037661050545094,0.00064420218037661,0.00024777006937561,0.0434985133795837,0,0,0,0,0.00163528245787909,0.0296927651139742,0.00051536174430128,0.00071357779980178,0,0,0,0,0.00402378592666006,0.00553022794846383,0.00134786917740337,0.00031714568880079,0,0.0045193260654113,0,0,0.0347373637264618,0,0.0191575817641229,0,0.00272547076313181,0,0,0,0.00623389494549058,0,0,0,0.00580773042616452,0.0252923686818632,0.00023785926660059,0.0288602576808722,0.0101288404360753,0,0,0,0,0,0,0,0.00012884043607532,0,0,0,0,0,0,0,0
"46",0.0216104576480367,0.331410724630381,0.125746165277183,0.0464952270609274,0.244616275848173,0,0,0,0.0400851321058862,0.00157418834848752,0,0,0.0004659597511523,0,0,0,0,0,0,0,0,0,0,0,0,0.049190237513538,0.00251870135758003,0.0006674558597587,0.0005415207918797,0,0.0179331536659698,0,0,0,0,0.00095710651588041,0.00629675339395008,0,0,0,0,0,0,0.00086895196836511,0.00751832355237639,0.0005289272850918,0,0,0.00630934690073798,0,0,0.0337380046847845,0,0.0116489937788076,0,0.00294688058836864,0,0,0,0.00206533511321563,0,0.0002140896153943,0,0.00449588192328036,0.0135128327834169,0,0.0186006095257285,0.00744276251164899,0,0,0,0,0,0,0,0,0,0,0,0,0,0,0,0
"49",0.0199983550119262,0.299881325860388,0.110637197880315,0.0490088946855135,0.223401130341805,0.00065799522953458,0,0,0.01398239862761,0.00829543985806103,0,8.22494036918232e-05,0.00123374105537735,0,0.00050524633696405,0,0.00048174650733782,0,0,0,0,0,0,0,0.00052874616659029,0.0452489219453159,0.0104691740984878,0.00125724088500358,0,0.00096349301467564,0.0319362684620536,0.00032899761476729,0,0,0,0.00095174309986252,0.0141116476905542,9.39993185049408e-05,0.00042299693327223,0,0,0,0.00064624531472146,0.0035367243587484,0.0118674139612488,0.00240873253668911,0.00044649676289846,0,0.0058749574065588,0,0,0.0543316060958558,0.00032899761476729,0.0197046071415982,0,0.00076374446285264,0,0.00062274548509523,0,0.00224423372930546,0,0,0,0.00365422350687958,0.0262845594369441,0,0.0234998296262352,0.00930593253198914,0,0,0,0,0,0,0,0,0,0,0,0,0,0,0,0
"52",0.0288466531650828,0.247468453030067,0.149659863945578,0.0688321129978709,0.232694604559381,0.00018175209014903,0,0,0.0126187879732045,0.00589396063769019,0,0,0.00301189177961261,0,0.0004933271018331,0,0.00010385833722802,0.00083086669782416,0,0,0,0,0,0,0,0.0474372955288986,0.0105156566443371,0.0004933271018331,0,0.00275224593654256,0.0217583216492704,0,0,0,0,0,0.0171366256426235,0,0.00010385833722802,0,0,0,0.00067507919198213,0,0.0133198317494937,0.00031157501168406,0,0,0.00275224593654256,0,0,0.0660019733084073,0,0.0180453860933686,0,0.00096068961935919,0,0.00044139793321908,0,0.00262242301500753,0.00023368125876304,0,0,0,0.014877706807914,0,0.0212649945474373,0.0074258711118035,0,0,0,0,0.00023368125876304,0,0,0,0,0,0,0,0,0,0,0
"55",0.0231737457640074,0.291194231406222,0.112441715290341,0.123690982750274,0.194626340866818,0.00010191861798354,0,0.00014013809972736,0.0100517236986266,0.00329961525721711,0,0,0.00029301602670267,0,0.00043315412643004,0,0,0,0,0.00010191861798354,0,0,0,0,0,0.0333528677351135,0.00848472494712972,0.00151603944250516,0.00091726756185186,0,0.0505898540015797,0,0,0,0,0.00054781257166152,0.0119499579585701,0.00015287792697531,0.00015287792697531,0.00031849568119856,0,0,0,0.00208933166866257,0.00727444135857518,0.00105740566157923,0.00026753637220679,0,0.00507045124468112,0,0.00061151170790124,0.0453792646571713,0,0.0204729023874436,0,0.003325094911713,0,0,0.00040767447193416,0.00458633780925931,0,0,0,0.00284098147629118,0.0177720590108798,0,0.0144597039264148,0.00671388895966571,0,0,0,0,0,0,0,0.00014013809972736,0,0,0,0,0,0,0,0
"58",0.0166890120665159,0.343985752306245,0.0936905929201769,0.128309287014988,0.194665119164349,0,0,0,0.00970524083004823,0.00520280951713926,0,0,0.00020010805835151,0,0,0,0,0,0,0,0,0,0.00040021611670302,0,0,0.0341784563664379,0.00500270145878775,0,0.00078042142757088,0,0.0286154523442659,0,0,0,0,0.00122065915594421,0.021471594661117,0,0,0,0,0,0,0.0019610589718448,0.00592319852720469,0.00120064835010906,0.00050027014587877,0,0.00368198827366778,0,0,0.031937246112901,0,0.0185900386208553,0,0,0,0,0,0.00420226922538171,0,0,0,0.00350189102115142,0.0249934964881036,0,0.0121865807536069,0.00720389010065435,0,0,0,0,0,0,0,0,0,0,0,0,0,0,0,0
"61",0.0212191938965015,0.379460924559554,0.0751392862520705,0.091853636500527,0.21146413692717,0.00025096621994679,0,0,0.0122471515334036,0.00383978316518597,0,0,0.00038899764091753,0,0.00038899764091753,0,0,0,0,0,0,0,0,0,0,0.0327887366360488,0.00450484364804497,0.00121718616674196,0.00099131656878984,0,0.0265020328263816,0,0,0,0,0.00050193243989359,0.0106033227927521,0.00017567635396275,0,0,0,0,0,0.00194498820458766,0.0113562214525925,0.00160618380765949,0,0,0.00494403453295186,0,0,0.034532951864679,0,0.0166265120714752,0,0.00190734327159564,0,0.00046428750690157,0,0.00271043517542539,0,0,0,0.00257240375445465,0.025410329769613,0.00021332128695477,0.0135521758771269,0.00862068965517241,0,0,0,0,0,0,0,0,0,0,0,0,0,0,0,0
"64",0.0185204274473422,0.340487234992956,0.0964711541765454,0.0525031783664914,0.198165137614679,0.00081091296429921,0,8.24657251829708e-05,0.0296601724908085,0.00566951860632924,0,0,0.00064598151393327,0,0.00028863003814039,0,0.00077655224547297,0,0,0,0,6.87214376524757e-05,0.00028175789437515,0,0.00042607291344534,0.0395698038002955,0.00659725801463767,0.0012713465965708,0.0006803422327595,0,0.0312613819881112,0,0.00014431501907019,0,0,0.00085214582689069,0.0139435796996873,0.00058413222004604,6.87214376524757e-05,0,0,0,0.00046043363227158,0.00520221283029241,0.0115108408067897,0.00463182489777686,0.00044668934474109,0,0.00476239562931657,0,0,0.0451018795313198,0.00021990860048792,0.0196474590248428,0,0,0,0.00024739717554891,0.0002748857506099,0.00252894890561111,0,0.00050166649486307,0.00019929216919218,0.00498917637356973,0.0243205167852111,0.00030237432567089,0.0267532556781088,0.0079167096175652,0,0,0,0,0.00015118716283544,0,0,0,0,0,0,0,0,0,0,0
"67",0.0170765853742849,0.376946609744715,0.0897298511848177,0.0535803792108129,0.201073335983546,0.00036296385917002,0,0.00235062308795824,0.0202914081269336,0.00636915152876921,0,0,0.00210864718184489,0,0.00034567986587621,0,0.00063086575522408,7.77779698221477e-05,0,0.0003370378692293,0,0,0,0,0.00044938382563907,0.0375235494408628,0.00662841142817637,0.00170247333944034,0.00096790362445339,0.00061358176193027,0.020256840140346,0,0,0,0.00014691394299739,0.00084691567139672,0.0189691826399571,0,0.00021604991617263,0,0,0,0,0.00232469709801753,0.0113987935772681,0.00127901550374198,0,0,0.00819261282126623,0,0.00058765577198956,0.0387766389546641,6.04939765283371e-05,0.0132827488462934,0,0,0,0.00035432186252311,5.18519798814318e-05,0.00199630122543512,0.00026790189605406,0.00020740791952572,0,0.00437285030333408,0.0159790518001279,0.00035432186252311,0.0296679744888259,0.0110876816979795,0,0,0,0,0.00015555593964429,0,0,0,0,0,0,0,0,0,0,0
"70",0.0128127767285494,0.422947017013173,0.0692125040162374,0.0648945590759128,0.193210403817972,0.00063476141590978,0,0.00047019364141465,0.0122015249947103,0.0039652997092636,0,0.00016456777449513,0.00339323077887577,0.00011754841035366,0,0,0.00039182803451221,0.00014889465311464,0,0,0,0,0.00037615491313172,0,0.00036048179175123,0.0406952596644385,0.00411419436237824,0.00077581950833418,0,0,0.0260800739771329,0,0,0,0,0.00166135086633178,0.0257587749888329,0.00035264523106099,0.00014889465311464,0,0,0,0.00014105809242439,0.00296221994091233,0.0105715203711395,0.00057206893038783,0,0,0.00597929580665637,0,0.00041533771658294,0.0283526765773038,0.00017240433518537,0.010524501006998,0,0.00122250346767811,0.00025860650277806,0.00028211618484879,0.00023509682070732,0.00357347167475138,0,0.00086985823661711,0,0.0067629518756808,0.016331392478469,0.0002664430634683,0.0200302491242643,0.00558746777214416,0,0,0,0,0,0,0,0,0,0,0,0,0,0,0,0
"73",0.0179075546073087,0.355438614750153,0.0880611966123304,0.0489481832255714,0.212431862828002,0.00040979874328385,0,2.60189678275463e-05,0.0125086187830929,0.006537265666671,0,0.00012359009718084,0.00065697893764554,0,0.00029921813001678,0,0.00035776080762876,3.90284517413194e-05,0,0,0,0,0.00015611380696527,0,0.00061795048590422,0.066289825282631,0.00496311811310445,0.00086513068026591,0,0,0.0225584451064826,0.000286208646103,0,0,0,0.00109930139071383,0.0158325419230619,0,0,0,0,0,0,0.00322635201061574,0.0159626367621996,0.00051387461459403,0,0,0.00450128143416551,0,0,0.042261308493892,0.00020815174262037,0.0160732173754667,0,0.00207501268424682,0,0.00026669442023234,0.00044882719502517,0.00267995368623727,0,0.00048785564676649,0,0.00451429091807928,0.0211859445535796,0.00062445522786111,0.0222462174925521,0.00625756176252488,0,0,0,0,5.20379356550926e-05,0,0,0,0,0,0,0,0,0,0,0
"76",0.0235118288193052,0.321127838734371,0.0765865927897058,0.0785276856340903,0.228939598294025,0.00014580979112747,0,0,0.0194564940035723,0.00297998760616775,0,0,0.00138519301571101,0,0,0,0.00059235227645536,0,0,0.00012758356723654,0,0,0.00023694091058214,0,0.00030984580614588,0.0382112783873437,0.00473881821164291,0.00174060438158422,0.00096598986621951,0.00041920314949148,0.02565341012649,0,0,0,0.00019137535085481,0.00105712098567419,0.0142437939707651,0.0001093573433456,0,0,0,0,0,0.00312579739729523,0.00888528414683046,0.00085663252287391,0,0,0.00594174898844457,0,0.0007472751795283,0.0430412277184413,0.00020960157474574,0.0157747967776036,0,0.00275215980753108,0.00020048846280027,0.00024605402252761,0.00012758356723654,0.00404622170378741,0.00020960157474574,0.00042831626143695,0,0.00527649181642547,0.0251795283053257,0,0.0324517916378085,0.00921335617686728,0,0,0,0,0,2.73393358364014e-05,0,0,0,0,0,0,0,0,0,0
"79",0.0190937612340273,0.358099937906468,0.0809585280564724,0.0511781430765711,0.253782803359587,0,0,0,0.0211199712408902,0.00138076407725743,0,0,0.00036765907382594,0,0.00030229746070133,0,0.00068629693780842,0,0,0,0,0,0,0,0,0.0384326285172718,0.00609497042387006,0.00102127520507206,0.00091506258374456,0,0.0273048138828066,0.000694467139449,3.2680806562306e-05,0,0,0.00045753129187228,0.00589888558449623,9.80424196869179e-05,0,0.00026144645249844,0,0,0,0,0.010899048988529,0.00102944540671264,0,0,0.00700186280597405,0,0.00038399947710709,0.0391597764632831,0.00024510604921729,0.0166835517500572,0,0.00142161508546031,0.00019608483937383,0.00019608483937383,0.00045753129187228,0.00245106049217295,0,0,0,0.00310467662341907,0.0208421843851106,0.00053106310663747,0.0189875486126998,0.00811301022909245,0,0,0,0,0,0,0,0.00011438282296807,0,0,0,0,0,0,0,0
"82",0.0160655840886203,0.389366188318228,0.077212361530715,0.0178279204431017,0.19173275427996,0.00055073011077542,0,0,0.0360806898288016,0.00822948136958711,0,0,0.00018882175226586,0,0,4.72054380664653e-05,0.00195115810674723,0,0,7.86757301107754e-05,0,0,0,0,0.00102278449144008,0.0391333081570997,0.00390231621349446,0,0.00069234642497482,0,0.0342554128902316,0,0,0,0,0,0.00810360020140987,0,0,0.00073955186304128,0,0,0.00058220040281973,0.00547583081570997,0.00926800100704935,0.0017151309164149,0.00040911379657603,0,0.00986593655589124,0,0,0.060470166163142,0,0.0120059164149043,0,0.00105425478348439,0,0,0,0,0,0,0,0.00497230614300101,0.0228474320241692,0.00047205438066465,0.0362537764350453,0.00706508056394763,0,0,0,0,0.00036190835850956,0,0,0,0,0,0,0,0,0,0,0
"85",0.0162112880708852,0.360537337246075,0.0774523490697741,0.0152995811846491,0.17536112139947,0,0,0.00019943588136414,0.0430781503746545,0.0118664349411664,0,0,0.00108265192740534,0,0.00047009886321547,0,0.00180916835237471,0,0,0,0,0,0,0,0.0010684065073079,0.0457135530926807,0.00405994472777002,0.00142454200974387,0.00064104390438474,0,0.039944157953218,0,0,0,0,0,0.00980084902703781,0.0001139633607795,0,0.00101142482691815,0,0,0.00052708054360523,0.00675232912618593,0.00824809823641699,0.00215105843471324,0.00039887176272828,0,0.0106270833926892,0,0,0.0697740676372546,0.00014245420097438,0.0145588193395823,0,0,0,0,0.00039887176272828,0.00156699621071825,0,0,0,0.00572665887917035,0.021952192370153,0,0.0402860480355566,0.00960141314567367,0,0,0,0,0,0,0,0.00014245420097438,0,0,0,0,0,0,0,0
"88",0.0190810127614466,0.368932197170465,0.0652668487788967,0.0814286296734211,0.216879357442818,0.00032617115831532,0,4.89256737472989e-05,0.0139845884127696,0.00181840420760794,0,0,0.00100297631181963,0.00027724548456802,0.00015493130019978,0,0.00061157092184123,0,0,0,0,0,0,0,0.00019570269498919,0.0449300770579362,0.00405267664206792,0.00083989073266196,0.00052187385330452,0,0.0218126962123374,0.00060341664288335,0,0,0.00020385697394707,0.00066865087454641,0.0173196885065438,0.00017939413707342,0,7.33885106209483e-05,0,0,0,0.003000774656501,0.00797488482080972,0.00132099319117707,0,0,0.00563460675989726,0,0.000627879479757,0.0310107228768296,0.00024462836873649,0.0123700411791087,0,0.00368573408896318,0,0.00030170832144167,0,0.00548782973865536,0,0.00042402250580992,0,0.0043054592897623,0.02777347413055,0.00025278264769437,0.0272352917193297,0.00698006278794798,0,0,0,0,0,0,0,0.00015493130019978,0,0,0,0,0,0,0,0
"91",0.0145921923895999,0.403096475550717,0.0718995870909427,0.0420099016002794,0.224956689058252,0,0,8.21709566753631e-05,0.0385313311010223,0.00308141087532612,0,0,0.00102713695844204,0,0,0,0.00147222964043359,0,0,0,0,0,0,0,0.00017803707279662,0.0312660490149757,0.00335531406424399,0.00016434191335072,0.00046563542116039,4.10854783376815e-05,0.0307661756952005,0,0,0,0,0.00058204427645048,0.00831980936338051,6.16282175065223e-05,3.42378986147346e-05,0.00012325643501304,0,0,0,0.00336900922368989,0.00458787841437444,0,0,0,0.0102371316858057,0,0,0.0339160623677561,0.00013010401473599,0.0114628484562132,0,0.00195840780076282,0.00015064675390483,0,0,0.00256099481638215,0,0,0,0.00454679293603676,0.0149756568540849,0,0.0303758636509926,0.00562186295253942,0,0,0,0,0,0,0,0,0,0,0,0,0,0,0,0
"94",0.0218477496817828,0.367840112468416,0.104679218040542,0.0236715618291316,0.183027148203735,0.00017098238881395,0,0,0.0327336284362711,0.00645933468852708,0,0,0.00108288846248836,0,0.0005699412960465,0,0.00028497064802325,0.00039895890723255,0,0,0,0,0.0001899804320155,0,0,0.0465452058437981,0.00541444231244182,0.00123487280810077,0.0005319452096434,0,0.0235005794403176,0,0,0,0,0.0005699412960465,0.0136595930619146,0,0,0,0,0,0.00036096282082945,0.00155783954252712,0.0127476869882402,0.00159583562893022,0,0,0.00689628968216274,0,0.0002659726048217,0.066189182514201,0,0.0117787867849611,0,0,0,0,0,0.00178581606094572,0,0,0,0.00469251667078291,0.0256093622356897,0,0.0246974561620153,0.00740923684860459,0,0,0,0,0,0,0,0,0,0,0,0,0,0,0,0
"97",0.0222688334346147,0.343716307607865,0.0970536921961069,0.0265226510889381,0.183208201830906,0.0001568227706663,0,0,0.0377158763452453,0.0101738772469763,0,0,0.0007841138533315,0,0.00066649677533177,0,0.0023719444063278,0.00025483700233273,0,0,0,0,0.00025483700233273,0,0.0004704683119989,0.0508693862348813,0.00664536490698449,0.00131339070433027,0,0,0.0299727520435967,0.00068609962166506,0,0,0,0.0006272910826652,0.0129770842726364,0,0,0,0,0,0.00056848254366534,0.00133299355066356,0.0149765745986317,0.00188187324799561,0.00054887969733205,0,0.0069590104483171,0,0.00049007115833219,0.0579264109148648,0,0.0129182757336365,0,0.00080371669966479,0,0.00019602846333287,0,0.00215631309666164,0,0,0,0.00544959128065395,0.0266990767059377,0,0.0297963264265971,0.00766471291631545,0,0.00050967400466547,0,0,0,0,0,0,0.00037245408033246,0,0,0,0,0,3.92056926665752e-05,0
"149",0.020058969870082,0.339039896802727,0.0766239749378052,0.101704597807058,0.20647747166682,0.00038698977241315,0,9.21404220031328e-05,0.00667096655302681,0.00300377775730213,0,0,0.00103197272643509,0,0.00038698977241315,0,0.00081083571362756,0,0,0,0,6.44982954021929e-05,0,0,0.00027642126600939,0.0256058232746706,0.00469916152215977,0.00101354464203446,0.00078319358702662,0,0.0528056758499954,0.00054362848981848,0,0,0,0.00064498295402192,0.0164562793697595,0.00032249147701096,0.00020270892840689,0.00042384594121441,0,0,0,0.00192573481986547,0.00730673546484843,0.00164931355385608,0.0004883442366166,0,0.00453330876255413,0,0.00038698977241315,0.0331705519211278,0,0.0188335022574403,0,0.00457016493135539,0.00020270892840689,0,0.00024877913940845,0.00415553303234129,0,0,0,0.0020823735372708,0.0313738136920667,0.00047913019441629,0.0196811941398692,0.00878098221689855,0,0,0,0,0,0,0,0,0,0,0,0,0,0,0,0
"166",0.0153100205700852,0.422186306200411,0.0645312959153688,0.0488686453129592,0.159741404642962,0,0,0.00017631501616221,0.036115192477226,0.00320305612694681,0,0,0.00111666176902733,0,0.00032324419629738,0,0,0,0,0,0,0,0,0,0,0.0538936232735821,0.00549515133705554,0.00105789009697326,0.00082280340875697,0,0.0256832206876286,0,0,0,0,0.00108727593300029,0.0192771084337349,0,0,0.00026447252424331,0,0,0,0.00085218924478401,0.0115780193946518,0,0,0,0.00681751395827211,0,0,0.0372318542462533,0,0.0116661769027329,0,0.00349691448721716,0,0.00017631501616221,0,0.00170437848956803,0,8.81575080811049e-05,0,0.00669997061416397,0.0241551572142227,0,0.0290332059947105,0.00734645900675874,0,0,0,0,0,0,0,0,0,0,0,0,0,0,0,0
"175",0.0130047010236809,0.415711084750231,0.0789508369579544,0.0500417380607179,0.160669566363517,0,0,0,0.0326435569614692,0.00140591362418171,0,0,0.00057115240982382,0,0.00021967400377839,0,0,0,0,0,0,0,0,0,0,0.0450331707745705,0.00659022011335179,0.00105443521813629,0,0,0.0245156188216686,0,0,0,0,0,0.016124071877334,0,0,0,0,0,0,0.0043056104740565,0.00834761214357893,0,0,0,0.00773252493299943,0,0,0.0396731250823778,0,0.0129607662229252,0,0.00412987127103379,0,0,0,0.00193313123324986,0,0,0,0.00724924212468696,0.0240762708141119,0,0.0342252097886736,0.00883089495189139,0,0,0,0,0,0,0,0,0,0,0,0,0,0,0,0
"271",0.01381188734809,0.37785673796126,0.0819864784526262,0.112292441482669,0.216040592293548,0,0,0,0.0107840561876979,0.00107840561876979,0,0,0.00352555683059354,0,0,0,0.00087101992285252,0,0,0,0,0.00013825713061151,0.00037329425265108,0,0,0.0260061662680253,0.00573767092037772,0.00098162562734173,0.00019355998285611,0,0.0275961232700577,0,0,0,0,0.00174203984570504,0.0193698239986727,0.0001106057044892,0.00016590855673381,0,0,0,0,0.00055302852244604,0.00940148488158277,0,0,0,0.00521229382405398,0,0.00033181711346762,0.0233931064994677,0,0.0146690815578813,0,0.00132726845387051,0,0.00041477139183453,0,0.00436892532732376,0,0.00040094567877338,0,0.00474221957997484,0.0126920045901367,0.00024886283510072,0.0164525985427698,0.00483899957140289,0,0,0,0,0,0,0,0.00029033997428417,0,0,0,0,0,0,0,0
"274",0.0217556322596354,0.301384970137924,0.0960312799873963,0.0600392432076309,0.241804041763939,0.00080205095888056,0,0.00025780209392589,0.0177453774652325,0.00746193838529955,0,0.0001861904011687,0.0023345411838845,0,0.00060153821916042,0,0.00187622635023847,0.00020051273972014,0,0,0,0,0,0,0.00088798499018919,0.0423941221122585,0.00650234170235316,0.00057289354205754,0.00030076910958021,0.00098824136004926,0.0463470875524556,0,0,0,0,0.00071611692757193,0.0121883101072743,0,0,0,0,0,0.00075908394322625,0,0.0108992996376448,0.00289311238739061,0,0,0.00355193996075679,0,0,0.0440125463685711,0,0.0163274659486401,0,0.00224860715257587,0,0.00020051273972014,0,0.00186190401168703,0.00064450523481474,0,0,0.00201944973575285,0.0206384898526231,0,0.0213689291187465,0.00896578393320061,0,0,0,0,0.00022915741682301,0,0,0,0,0,0,0,0,0,0,0
"295",0.0182302279457712,0.355023048152073,0.0688637125184521,0.1126868983255,0.233714601389229,0,0,0.00026263120239809,0.00647521757636681,0.00105958105795093,0,0,0.00166634969797412,0.00017206871881254,0,0,0,0,0,0.00012678747701977,0,9.96187319441048e-05,0,0,0,0.0303203195044421,0.00402097427119841,0.00073355611704295,0.00081506235226994,0,0.0207659774861666,0,0,0,0,0.00115919978989504,0.0211372836688673,9.05624835855499e-05,0,0,0,0,0,0.00203765588067487,0.0116282228923846,0,0,0,0.00460057416614593,0,0.00025357495403954,0.0309542568895409,0.00017206871881254,0.0148703598047473,0,0.00273498700428361,0,0,0.00030791244419086,0.00373117432372465,0,0.00041658742449352,0,0.00539752402169877,0.0162106845618134,0,0.0214451961130582,0.0073627299155052,0,0,0,0,0,0,0,0.00045281241792774,0,0,0,0,0,0,0,0
"319",0.01450206749592,0.40511927210614,0.068705130264927,0.0369358780304247,0.223264191308907,0,0,0,0.0337902400662952,0.00186877954320601,0,0,0.00098935387581494,9.30161763586704e-05,0,0,0.00141215467744527,0,0,0,0,0,0,0,0,0.0310420348556981,0.00241842058532543,0.00031287259320643,0.00065111323451069,0,0.0241503817891239,0,0,0,0,0.00047353689782595,0.0112803253874969,0,0,8.4560160326064e-05,0,0,0.00020294438478255,0.00275666122662969,0.00601222739918315,0.00095552981168452,0,0,0.00816851148749778,0,0,0.0360733643950989,0.00015220828858691,0.0128869684336922,0,0.00078640949103239,0,0,0,0.00126840240489096,0,0,0,0.00432948020869448,0.0287758225589596,0,0.0318453563787957,0.00851520814483464,0,0,0,0,0,0,0,0,0,0,0,0,0.00017757633668473,0,0,0
"373",0.0185486254803429,0.378633362892896,0.0679130948861957,0.0514829047196768,0.231352842644596,0,0,0,0.0216277465760173,0.00184747265740467,0,0,0.00152724406345453,0,0,0,0.00261109468913193,0,0,0,0,0,0,0,0.00046802640654251,0.0326633165829146,0.00275889250172431,0.00034486156271553,0.00100995171938122,0,0.0405704995566066,0,0,0,0,0.00076362203172726,0.0109863040693664,0,0,0,0,0,0.00044339343777712,0.00253719578283575,0.0108138732880087,0.00332545078332841,0,0,0.00332545078332841,0,0,0.0258399842349,0,0.0175633067297271,0,0.00061582421913489,0,0,0,0.00133018031333136,0,0.00024632968765395,0,0.00174894078234309,0.0350034486156272,0,0.0264065425165041,0.00569021578480639,0,0,0,0,0,0,0,0,0,0,0,0,0,0,0,0
