sample,Abditibacteria,ABY1,Acidimicrobiia,Acidobacteriae,Actinobacteria,AD3,Alphaproteobacteria,Anaerolineae,Armatimonadia,AT-s3-28,Babeliae,Bacilli,bacteriap25,Bacteroidia,Bathyarchaeia,BD2-11 terrestrial group,BD7-11,Bdellovibrionia,Berkelbacteria,Blastocatellia,BRH-c20a,Chlamydiae,Chloroflexia,Chthonomonadetes,Clostridia,Coriobacteriia,Cyanobacteriia,Deferribacteres,Dehalococcoidia,Desulfitobacteriia,Desulfovibrionia,Desulfuromonadia,Dojkabacteria,Elusimicrobia,Endomicrobia,Entotheonellia,FFCH5909,Fibrobacteria,Fimbriimonadia,Gammaproteobacteria,Gemmatimonadetes,Gitt-GS-136,Gracilibacteria,Halanaerobiia,Holophagae,JG30-KF-CM66,Kapabacteria,KD4-96,Kryptonia,Ktedonobacteria,Latescibacteria,Leptospirae,Limnochordia,Lineage IIa,Lineage IIb,Lineage IIc,Longimicrobia,MB-A2-108,Methanobacteria,Methylomirabilia,Microgenomatia,Myxococcia,Nanoarchaeia,Negativicutes,Nitrososphaeria,Nitrospiria,OLB14,Oligoflexia,OM190,P2-11E,Parcubacteria,Phycisphaerae,Pla4 lineage,Planctomycetes,Polyangia,S0134 terrestrial group,Saccharimonadia,Sericytochromatia,SHA-26,Spirochaetia,Subgroup 11,Subgroup 18,Subgroup 22,Subgroup 25,Subgroup 5,Sulfobacillia,Sumerlaeia,Symbiobacteriia,Synergistia,Syntrophobacteria,Thermoanaerobaculia,Thermoleophilia,Thermoplasmata,TK10,Unclassified Class in Acidobacteriota,Unclassified Class in Actinobacteriota,Unclassified Class in Armatimonadota,Unclassified Class in Bdellovibrionota,Unclassified Class in Chloroflexi,Unclassified Class in Cyanobacteria,Unclassified Class in Desulfobacterota,Unclassified Class in Elusimicrobiota,Unclassified Class in FCPU426,Unclassified Class in Firmicutes,Unclassified Class in GAL15,Unclassified Class in Gemmatimonadota,Unclassified Class in Latescibacterota,Unclassified Class in Margulisbacteria,Unclassified Class in MBNT15,Unclassified Class in Myxococcota,Unclassified Class in NB1-j,Unclassified Class in Nitrospirota,Unclassified Class in Patescibacteria,Unclassified Class in Proteobacteria,Unclassified Class in RCP2-54,Unclassified Class in SAR324 clade(Marine group B),Unclassified Class in TX1A-33,Unclassified Class in WPS-2,Unclassified Class in WS4,vadinHA49,Vampirivibrionia,Verrucomicrobiae,Vicinamibacteria,WWE3
F90,0,0,1427,12941,4126,789,14719,2,0,0,41,31,0,351,0,0,4,30,0,52,0,8,33,0,3,0,17,0,14,0,0,0,0,14,0,0,0,0,11,4666,1342,0,0,0,203,108,5,9,0,434,0,0,0,80,0,2,0,0,0,96,0,683,0,0,26,19,0,17,0,0,6,0,0,150,1165,0,66,0,20,0,0,0,0,0,326,0,0,0,0,0,52,1354,17,254,7,0,0,0,0,7,56,0,15,0,67,0,23,0,0,3,18,2,0,0,758,0,0,375,0,0,17,789,840,0
F93,0,0,1427,2708,3326,96,11302,15,6,15,2,289,400,883,0,18,0,29,0,324,0,11,122,40,7,0,2,0,69,0,0,0,0,0,0,206,0,0,12,3124,922,12,0,0,379,118,0,452,0,805,23,0,0,33,7,0,7,239,0,1294,2,203,0,0,25,392,8,30,26,4,5,36,0,194,1179,0,58,0,0,0,50,20,67,15,598,0,0,0,0,0,78,3160,2,343,0,6,0,0,5,0,372,0,0,0,92,0,232,0,65,0,268,0,0,0,314,6,0,31,0,0,11,4338,3464,4
F96,0,3,1841,3969,3806,153,12651,10,13,11,8,234,284,920,4,7,0,44,0,353,0,10,100,16,5,0,0,0,66,0,0,0,0,7,0,134,0,6,16,3973,835,5,0,0,445,141,0,403,0,489,33,0,0,38,15,0,3,399,0,1215,0,354,0,0,147,274,19,58,0,0,14,96,3,243,1222,15,36,0,0,0,49,13,86,24,436,0,7,0,0,0,40,4348,2,347,8,13,3,0,7,0,444,2,0,0,57,0,235,0,176,0,354,0,2,0,342,10,0,45,0,0,7,5604,3305,0
F99,0,0,1784,7407,6066,6712,9524,10,5,0,4,642,0,175,166,0,0,2,0,27,0,0,305,95,24,0,10,0,9,0,0,0,0,0,0,10,0,0,14,1562,458,0,0,0,123,272,0,0,0,8069,0,0,0,16,0,0,0,39,0,53,0,502,0,0,217,0,0,18,0,4,0,2,0,0,314,0,31,17,20,0,0,0,0,0,140,0,0,0,0,0,22,4760,11,1736,0,0,57,0,263,5,5,0,0,4,581,7,0,0,0,0,0,0,7,0,35,0,0,940,0,0,11,196,638,0
F102,0,0,2069,8723,6839,756,15538,3,7,0,6,35,0,146,2,0,0,12,0,14,0,0,13,25,11,0,10,0,0,0,0,0,0,0,0,8,0,0,20,4545,574,0,0,0,24,48,11,9,0,643,0,0,0,17,0,0,0,0,0,25,0,242,0,0,164,7,2,29,0,0,0,64,0,209,560,0,26,0,9,0,0,0,0,0,144,2,0,0,0,0,189,2588,16,218,0,0,7,0,32,3,12,0,0,0,108,0,0,0,0,0,0,0,0,0,755,0,0,417,0,0,11,1608,530,0
F105,0,0,2390,16472,5455,570,17123,0,0,0,33,67,0,90,0,0,3,6,0,16,0,4,11,19,6,0,5,0,2,0,0,0,0,3,0,0,0,0,10,3996,785,0,0,0,62,106,2,12,0,1103,0,0,0,38,3,0,0,0,0,11,0,175,0,2,176,9,0,12,0,0,0,30,0,221,596,0,35,0,5,0,0,0,0,0,389,6,0,0,0,0,43,1866,45,363,0,0,3,0,15,0,16,0,15,0,260,0,0,0,0,0,0,0,0,3,813,0,0,1044,0,0,21,1230,1308,0
F108,0,0,2137,10194,5809,1543,13162,8,0,0,9,28,0,210,68,0,0,6,0,12,0,9,10,49,2,0,8,0,8,0,0,0,0,0,0,0,3,0,28,3932,728,0,0,0,51,115,0,45,0,3345,0,0,0,36,2,0,0,0,0,21,0,426,0,0,225,33,4,15,0,3,0,10,0,72,732,0,44,0,0,2,0,0,0,0,185,2,0,0,0,0,28,1863,70,329,5,3,0,0,19,0,25,0,0,0,177,0,0,0,0,0,15,0,3,5,1316,5,0,435,0,0,8,947,374,0
P37,0,0,1341,11364,7109,2030,8880,4,0,0,7,3169,0,203,5,0,0,8,0,128,0,0,160,3,59,0,6,0,5,0,0,0,0,0,0,0,0,0,0,3004,175,0,0,0,67,118,0,36,0,2107,0,0,0,12,0,0,0,7,0,51,2,57,0,0,40,0,0,27,0,0,0,8,0,553,327,0,27,7,5,0,0,0,0,0,448,0,0,0,0,0,9,3689,0,909,0,0,0,0,95,2,13,0,4,0,132,0,0,0,0,0,0,0,0,0,155,0,0,956,0,0,8,1569,747,0
P65,0,0,1229,10525,6940,3576,8449,0,0,0,9,719,0,377,134,0,0,4,0,45,0,4,127,51,29,0,27,0,2,0,0,0,0,0,0,2,0,0,6,4103,566,0,0,0,67,56,0,4,0,4752,0,0,0,8,5,0,0,17,0,48,0,595,0,0,139,0,0,37,0,0,0,61,0,587,387,0,83,9,9,0,0,0,0,0,183,0,0,0,0,0,32,3914,9,997,0,0,31,0,161,0,5,0,7,0,83,0,0,0,0,0,0,0,2,3,232,0,0,773,0,0,10,1057,427,0
P66,0,0,1477,9351,5793,9414,6032,9,6,0,11,348,0,283,289,0,0,2,0,45,0,4,146,84,10,0,20,0,3,0,0,0,0,0,0,12,4,0,8,1733,789,0,0,0,85,91,0,0,0,5050,0,0,0,20,0,4,0,16,0,68,0,494,0,0,187,3,0,9,0,7,2,65,0,345,448,0,51,7,12,0,0,0,0,0,111,0,0,0,0,0,78,3522,11,1063,0,0,93,0,207,12,8,0,6,0,516,0,0,0,0,0,10,0,0,0,180,0,0,924,0,0,3,811,462,0
P154,0,0,2116,8518,5430,785,15674,0,0,0,7,67,0,282,13,0,0,0,0,0,0,2,22,0,182,0,19,0,0,0,25,4,0,5,3,0,0,0,0,6215,576,0,0,0,0,64,5,8,0,195,0,0,0,53,0,0,0,0,0,8,0,96,0,0,195,0,0,7,0,0,11,0,0,49,414,0,44,0,7,58,0,0,0,0,185,21,0,0,0,0,41,2100,68,235,0,0,0,0,17,0,17,0,27,5,251,0,0,0,0,0,0,0,2,0,1860,0,0,902,0,5,11,194,576,0
P160,0,0,1581,8889,5687,3903,9518,6,0,0,23,418,0,125,170,0,0,0,0,14,0,2,120,29,18,0,7,0,0,2,3,0,0,2,0,8,0,0,14,1926,486,0,2,0,144,108,4,9,0,4031,0,0,0,20,0,0,0,10,0,30,0,451,0,0,52,0,0,11,0,0,0,20,2,231,409,3,46,20,7,5,0,0,0,0,198,0,0,0,0,0,21,5414,0,1096,0,0,20,0,126,9,4,0,9,0,422,0,0,2,0,0,0,0,6,0,233,0,0,982,0,0,0,1557,675,0
G42,0,0,1126,10209,5094,4929,8134,0,5,0,48,393,0,131,273,0,0,10,0,313,0,2,83,38,22,0,0,0,5,0,0,0,0,6,0,3,0,0,16,2739,405,0,0,0,98,168,0,9,0,4099,0,0,0,0,3,0,0,9,0,81,0,709,0,0,173,0,0,11,0,0,0,6,4,176,529,0,54,5,4,0,0,0,0,0,202,0,0,0,0,0,15,2239,21,765,0,2,9,0,60,0,15,0,4,0,120,0,0,0,0,0,9,0,0,0,534,0,0,793,0,0,0,4761,904,0
G45,0,0,1169,12848,4859,4107,9809,0,5,0,5,1112,0,166,107,0,0,0,0,174,0,0,132,33,40,0,0,0,5,0,0,0,0,13,0,2,0,0,8,3483,383,0,0,0,118,138,0,5,0,4304,0,0,0,4,0,0,0,8,0,117,0,530,0,0,66,0,0,51,0,0,0,32,2,116,841,0,30,0,5,0,0,0,0,0,233,0,0,2,0,0,7,3026,12,927,0,0,8,0,128,0,6,0,42,0,126,0,0,0,0,0,8,0,0,0,626,0,0,998,0,0,12,2697,834,0
G48,0,0,1230,10403,6138,4336,8982,3,2,0,0,767,0,81,68,0,0,8,0,80,0,0,102,43,37,0,12,0,3,0,0,0,0,0,0,5,0,0,10,2677,336,0,0,0,121,125,0,9,0,3823,0,0,0,6,0,7,3,2,0,67,0,493,0,0,95,0,0,29,0,0,0,37,0,202,489,0,58,5,6,0,0,0,0,0,166,0,0,13,0,0,0,1738,6,1158,0,0,16,0,78,0,12,0,9,0,397,0,0,0,0,0,20,0,0,0,277,0,0,1227,0,0,0,4969,548,0
G07,0,0,981,8769,5983,2950,7044,4,19,0,9,3175,0,125,419,0,0,5,0,133,0,0,85,21,87,0,3,0,0,0,0,0,0,4,0,0,0,0,13,2261,544,0,0,0,36,81,0,8,0,5921,0,0,0,19,0,0,0,14,0,86,0,359,0,0,315,0,0,20,0,0,0,22,0,101,385,0,61,10,3,0,0,0,0,0,192,0,0,5,0,0,14,2547,57,756,0,0,19,0,190,0,11,0,0,3,179,4,0,0,0,0,13,0,0,4,487,0,0,670,0,0,0,2893,451,0
G27,0,0,1158,9021,6925,4372,9478,8,13,0,4,1127,0,199,485,0,2,0,0,197,0,3,142,67,66,0,21,0,5,0,0,0,2,12,0,0,0,0,14,2416,620,0,4,0,86,117,0,8,0,5200,0,0,0,0,0,3,0,20,0,228,0,852,0,0,217,0,0,103,0,10,0,60,8,259,542,0,199,26,13,0,0,0,0,0,187,0,0,0,0,0,7,3112,16,1110,0,0,10,0,225,3,10,0,2,3,253,0,0,0,0,0,22,0,9,0,421,0,0,1360,0,0,21,2285,512,0
I01,0,0,1192,9612,6763,4614,11919,0,2,0,2,1593,0,99,148,0,0,0,0,54,0,0,154,11,55,0,8,0,11,0,0,0,0,0,0,0,0,0,4,2882,198,0,0,0,58,119,0,4,0,2526,0,0,0,9,0,0,0,0,0,61,0,318,0,0,89,0,0,13,0,0,4,7,0,375,503,0,56,5,0,0,0,0,0,0,192,0,0,0,0,0,10,3427,11,1288,0,0,0,0,68,0,4,0,13,0,142,0,0,0,0,0,2,0,0,0,426,0,0,1023,0,0,7,1686,585,0
I03,0,0,1370,8540,7735,4127,7593,14,0,0,0,874,2,61,433,0,4,5,0,295,0,0,141,42,40,0,11,0,8,0,0,7,0,0,0,6,0,0,20,2022,935,3,0,0,110,106,2,56,3,3045,0,0,0,0,0,0,6,10,0,199,4,572,0,0,90,14,0,25,0,0,3,93,3,729,580,0,41,0,18,0,8,0,0,0,122,0,0,0,0,0,3,2992,4,950,12,35,13,2,118,0,39,0,4,0,203,0,72,0,0,0,14,0,3,0,233,0,0,895,0,3,4,2161,811,0
I05,0,0,1162,10085,5362,6454,10780,11,0,0,5,1825,0,74,135,0,0,22,0,39,0,7,78,5,80,0,0,0,0,5,0,2,0,14,0,9,0,0,6,2480,286,0,3,0,46,100,0,5,0,1756,0,0,2,5,0,0,0,26,0,73,0,460,0,0,85,0,0,24,0,0,4,0,0,211,514,0,203,6,6,0,0,0,0,0,235,0,0,0,0,0,0,2428,0,1290,0,0,0,0,42,0,0,0,14,0,421,0,0,0,0,0,14,0,0,0,125,0,0,1018,0,0,17,1218,683,0
I07,0,0,1079,8624,5803,4468,10214,5,0,0,0,700,0,69,245,0,0,3,0,81,0,0,135,25,27,0,6,2,6,0,0,0,0,0,0,0,0,0,0,1522,241,0,0,0,111,108,0,36,0,4909,0,0,0,2,0,0,0,19,0,87,0,449,0,0,289,0,0,11,0,0,0,22,0,421,428,0,81,11,9,0,0,0,0,0,274,0,0,4,0,0,0,2707,6,1115,0,0,27,0,135,0,12,0,2,0,282,0,60,0,0,0,2,0,0,0,400,0,0,1060,0,0,17,2327,1409,0
I08,0,0,929,10782,5273,4409,8962,9,4,0,6,1010,0,261,121,0,0,7,0,167,0,0,156,0,47,0,7,0,3,0,0,0,0,0,0,0,0,0,0,1193,565,0,2,0,136,72,5,15,0,2747,0,0,0,13,2,6,12,12,0,67,0,573,2,2,50,0,0,34,0,0,0,16,0,344,526,0,182,19,6,0,0,0,0,0,316,0,0,0,0,0,12,2475,0,914,0,0,0,0,78,0,8,0,10,0,181,0,14,0,0,0,10,0,9,0,170,0,0,1287,0,0,14,1928,1000,0
I09,0,0,1177,11712,6372,4669,9894,5,14,0,2,1759,0,48,61,0,0,12,0,23,4,0,134,42,88,0,3,0,0,7,0,0,0,0,0,0,0,0,4,1974,248,0,0,0,40,91,0,2,0,4419,0,0,0,0,0,4,0,0,0,48,2,447,0,0,117,0,0,24,0,0,0,17,0,267,404,0,83,12,0,0,0,0,0,0,190,0,0,9,0,0,0,3742,17,1150,0,0,31,0,93,0,7,0,11,0,150,0,0,0,0,0,0,0,0,0,400,0,0,1018,0,0,0,1438,553,0
I11,0,0,605,13603,3263,8603,8005,26,0,0,8,564,0,151,413,0,4,0,0,503,0,6,78,0,31,0,14,0,5,0,0,0,0,12,0,9,9,0,0,2665,748,0,0,0,127,56,3,8,0,1652,0,0,0,39,4,0,0,26,0,290,2,741,0,0,38,26,0,9,0,27,10,4,0,11,402,0,72,7,0,0,0,0,0,0,271,0,0,0,0,0,20,1188,9,930,0,0,0,0,27,0,0,0,16,6,772,0,32,0,0,10,20,0,0,0,552,0,0,1233,0,0,27,986,1122,0
I13,0,0,986,18694,6381,3681,9322,15,8,0,12,1206,0,232,136,0,0,4,0,186,0,10,68,83,57,0,5,0,5,0,0,0,0,3,0,0,0,0,7,2430,227,0,0,0,65,43,0,10,0,7308,0,0,0,46,0,0,0,12,0,119,0,589,0,0,123,4,0,13,0,0,0,34,35,671,369,0,41,11,0,0,0,0,0,0,444,0,0,0,0,0,22,2146,6,770,0,0,42,0,120,0,11,0,13,0,556,0,0,0,0,18,8,0,0,0,199,0,0,1386,0,0,4,3538,842,0
I15,0,0,1321,8386,5474,7385,8699,2,0,0,0,732,3,18,506,0,0,6,0,247,0,0,82,25,27,0,0,0,13,0,0,6,0,0,0,6,0,0,0,1626,384,0,0,0,115,116,0,34,0,4992,0,0,0,0,0,0,0,50,0,213,2,790,0,0,155,0,2,9,0,9,0,32,0,115,411,0,75,3,17,0,0,0,0,0,125,0,3,0,0,0,10,2568,20,1051,0,5,0,0,109,0,35,0,4,0,316,0,36,0,5,0,9,0,0,0,441,0,0,629,0,0,5,3364,979,0
I17,0,0,1332,12659,5168,3959,9748,0,9,0,0,1027,0,102,136,0,0,0,2,12,0,0,108,32,26,0,2,0,3,0,0,0,0,6,0,0,0,0,11,2781,474,0,0,0,125,141,0,4,0,3349,0,0,0,10,0,0,0,0,0,45,0,422,0,0,83,2,0,39,0,0,0,98,3,397,660,0,70,0,6,0,0,0,0,0,183,0,0,0,0,0,11,3462,13,1090,0,0,11,0,99,0,0,0,7,0,162,0,4,0,0,0,9,0,0,0,276,0,0,926,0,0,3,2150,572,0
I19,0,0,1283,12828,5074,2961,10282,3,3,0,2,1213,0,61,19,0,0,0,0,13,0,3,104,41,32,0,0,0,0,0,0,0,0,0,0,0,0,0,13,2220,333,0,0,3,82,120,5,8,0,3630,0,0,0,12,0,0,0,0,0,30,0,460,0,0,171,0,0,27,0,0,0,15,0,291,643,0,62,8,6,0,0,0,0,0,213,0,0,0,0,0,10,3811,4,1340,0,0,20,0,128,0,3,0,7,0,136,0,0,0,0,0,0,0,0,0,495,0,0,865,0,0,11,1208,673,0
I21,0,0,1847,8260,9615,1218,10099,10,4,0,3,1906,0,152,5,0,0,14,0,21,0,2,287,26,50,8,0,0,3,0,0,0,0,4,0,0,0,0,38,2293,723,0,0,0,62,128,0,22,0,1795,0,0,0,8,0,0,0,0,0,19,6,484,0,0,117,0,0,60,0,0,20,166,0,721,934,0,94,23,46,0,0,0,0,0,106,0,0,3,0,0,8,7042,15,1853,0,3,38,0,76,0,0,0,16,0,113,0,0,0,0,0,0,0,0,0,217,0,0,364,0,0,18,1900,746,0
I22,0,0,1093,14100,4595,5138,10926,5,0,0,6,1660,0,186,38,0,0,2,0,23,0,8,107,0,57,0,16,0,8,5,0,0,0,6,0,0,3,0,12,2675,501,0,0,0,187,123,0,9,0,1480,0,0,0,10,4,5,0,14,0,69,0,521,0,0,60,0,0,62,0,5,5,7,0,335,638,0,123,10,0,0,0,0,0,0,306,0,0,4,0,0,6,3471,19,490,0,0,0,0,47,15,8,0,23,0,252,0,0,0,0,0,13,0,8,0,314,0,0,1680,0,0,19,1335,819,0
I23,0,0,1528,10998,6980,4328,11030,0,10,0,12,1270,0,48,29,0,3,2,2,78,0,6,112,20,23,0,2,0,4,0,0,0,0,0,0,0,2,0,0,2419,369,6,0,0,140,167,4,34,0,3573,0,0,0,10,0,0,0,6,0,103,0,488,0,0,79,0,0,19,0,0,0,99,0,395,502,0,50,8,8,0,0,0,0,0,228,0,0,0,0,0,18,4333,0,1553,0,0,15,0,118,7,19,0,0,0,260,0,0,0,0,0,3,0,0,0,245,0,0,868,0,2,9,1504,983,0
I25,0,0,1317,9822,5971,3936,10535,0,9,0,0,1345,0,75,15,0,0,3,0,22,0,0,172,53,35,0,0,0,3,0,0,0,0,4,0,0,0,0,5,1944,312,0,0,0,104,119,0,20,0,5079,0,0,0,0,4,0,0,14,0,51,0,445,0,0,218,0,0,18,0,0,6,8,0,308,494,0,70,10,15,0,0,0,0,0,217,0,0,5,0,0,6,4249,0,1790,2,0,15,0,83,5,13,2,13,0,232,0,0,0,0,0,0,0,0,0,272,0,0,1156,0,0,15,2123,827,0
I28,0,0,1269,11429,6680,2740,9005,9,17,0,3,1252,0,248,89,0,0,7,0,37,0,0,118,64,20,0,10,0,0,0,0,0,0,2,0,0,0,0,6,2111,872,0,0,0,56,92,0,4,0,4677,0,0,0,13,0,0,0,5,0,52,0,615,0,0,114,0,0,34,0,0,10,139,0,522,886,0,82,14,17,0,0,0,0,0,134,0,0,0,0,0,8,4195,26,1379,0,0,25,0,139,6,0,0,0,0,181,5,0,0,0,0,5,0,4,0,231,0,0,1143,0,0,11,1265,569,0
I29,0,0,1269,11047,4388,6329,10592,3,0,0,15,1151,0,135,202,0,0,7,0,62,0,6,142,38,53,0,5,0,0,0,0,0,0,3,0,0,0,3,6,2403,494,7,0,0,186,84,3,12,0,3519,0,0,3,15,0,0,0,37,0,89,0,532,0,0,196,0,2,24,0,0,4,20,0,290,452,0,108,9,0,30,0,0,0,0,279,0,0,8,0,0,40,2975,8,1226,0,7,6,0,109,5,17,0,9,0,377,2,0,0,0,0,14,0,0,0,390,0,0,805,0,0,21,1854,971,0
I31,0,0,1275,7271,5292,3573,8861,5,20,0,9,2165,14,477,57,0,0,15,0,458,0,3,277,137,50,0,6,0,12,0,0,0,0,5,0,4,0,0,10,1825,524,12,2,0,86,151,2,250,3,4749,0,0,0,0,4,0,0,3,0,78,0,483,0,0,129,6,0,26,0,16,12,156,0,294,607,0,182,11,10,0,0,0,0,0,168,0,0,0,0,0,0,4197,28,2553,3,2,16,0,138,0,35,0,11,0,272,2,59,0,0,0,3,0,6,0,148,0,0,903,0,0,13,2238,723,0
I33,0,0,1401,7958,8059,2672,8696,0,21,0,4,2585,19,151,4,0,0,0,0,560,0,0,187,48,78,0,19,0,34,0,0,0,0,0,0,0,0,0,2,1757,486,0,2,0,232,274,4,81,0,7140,0,0,0,14,0,4,0,0,0,185,0,533,0,0,259,0,0,22,0,4,0,471,0,395,809,0,148,12,23,15,0,0,0,0,204,0,2,0,0,0,7,4850,6,1797,0,6,7,0,141,2,16,0,0,4,76,0,2,0,9,0,0,0,0,0,207,0,0,930,0,0,8,2421,2340,0
I35,0,0,1240,8623,5029,4122,6999,2,23,0,4,865,0,170,11,0,0,7,0,20,0,0,330,100,45,0,6,0,2,0,0,0,0,0,0,0,0,0,14,1226,686,0,0,0,150,103,0,16,0,8465,0,0,0,16,5,0,2,6,0,10,0,212,0,0,112,0,0,38,0,9,7,186,3,237,468,0,108,13,23,0,0,0,0,0,140,0,2,0,0,0,28,4532,5,1313,0,0,62,0,114,0,0,0,12,0,42,0,0,0,0,0,0,0,0,0,189,0,0,809,0,0,11,4201,834,0
I39,0,0,2109,5327,9797,2282,10596,0,8,0,23,639,16,262,0,0,0,7,3,78,0,0,177,0,55,0,0,0,8,3,6,8,0,0,0,0,0,0,31,2873,1008,0,0,0,211,195,0,56,0,1838,0,0,0,0,7,0,0,0,0,96,0,734,0,0,32,0,0,31,0,0,8,47,0,205,1033,0,109,6,17,0,0,0,0,0,83,0,0,2,0,0,13,6503,0,1800,0,0,0,0,166,6,49,0,0,0,59,0,26,0,0,0,0,0,14,0,134,0,4,310,0,0,7,1754,862,0
I41,3,0,1100,14339,4904,4482,8105,0,17,0,9,557,0,228,77,0,5,18,0,86,0,0,190,55,46,4,57,0,0,0,0,0,0,14,0,2,2,0,5,1844,809,0,0,0,99,132,0,19,0,4313,0,0,3,17,10,6,0,9,0,34,0,563,2,0,91,0,0,25,0,0,7,65,3,459,585,0,94,9,22,10,0,0,0,0,330,0,0,2,0,0,5,3726,21,1290,0,0,0,0,107,4,2,0,13,5,195,0,0,0,0,0,0,0,10,0,160,2,0,1352,0,0,35,2415,828,0
I43,0,0,1567,10115,6223,6914,10546,5,0,0,43,606,0,108,239,0,0,12,0,29,0,0,171,2,33,0,4,0,6,0,0,0,0,5,0,6,0,0,4,1862,785,7,0,0,131,140,4,13,0,2300,0,0,0,5,2,0,0,6,0,77,0,952,0,0,64,3,0,11,0,2,0,7,0,451,630,0,124,4,5,0,0,0,0,0,218,0,0,0,0,0,26,4525,0,1761,0,0,3,0,104,0,3,0,10,2,540,0,8,0,0,0,0,0,0,0,249,0,0,910,0,0,15,982,1221,0
I46,0,0,1358,9884,5403,5290,7714,7,3,0,9,599,0,197,857,0,0,0,0,6,0,5,253,37,38,3,16,0,4,0,0,0,0,0,0,5,2,0,7,1517,925,0,0,0,73,102,0,0,0,6080,0,0,0,0,0,0,0,17,0,36,0,560,0,0,270,5,0,37,0,0,7,46,0,489,541,0,71,13,5,0,0,0,0,0,108,0,0,4,0,0,2,4519,25,1230,0,0,19,0,249,0,0,0,0,9,588,0,0,0,0,0,0,0,5,0,204,0,0,1368,0,0,0,1083,590,0
I47,0,0,1718,6323,8235,5936,9757,5,8,0,11,444,0,152,121,0,0,5,0,70,0,2,202,50,30,0,0,0,11,0,0,0,0,7,0,0,0,0,10,1442,1074,0,3,0,211,193,0,72,3,6499,0,0,0,11,0,0,0,9,0,86,0,440,0,0,180,0,0,39,0,8,0,56,0,211,856,0,100,20,24,0,0,0,0,0,64,0,0,3,0,0,5,5560,12,1831,4,0,0,0,226,0,7,0,0,0,176,0,32,0,0,0,0,0,3,2,91,0,0,588,0,0,8,1196,1161,0
I49,0,0,1234,11569,4546,9940,7341,7,6,0,9,271,2,208,594,0,0,0,0,33,0,4,215,66,15,0,70,0,6,0,0,0,5,7,0,6,5,0,10,1780,1668,0,0,0,133,96,0,8,0,6843,0,0,0,28,3,0,0,17,0,111,0,764,0,0,238,11,0,44,0,4,5,75,0,375,553,0,76,15,22,5,0,0,0,0,136,0,0,0,0,0,17,4025,19,1230,3,0,30,0,161,7,2,0,14,2,625,0,0,0,0,0,7,0,3,0,255,0,0,1234,0,0,15,1339,693,0
I51,0,0,1490,7796,6046,6165,7683,8,9,0,13,363,0,323,300,4,0,17,0,85,0,0,210,68,42,0,10,0,15,0,0,152,0,0,0,4,3,0,12,1359,742,0,0,0,124,158,0,278,0,6082,0,0,0,13,4,0,0,45,0,120,4,847,0,0,86,0,0,32,0,16,3,61,0,96,720,0,104,6,22,0,2,0,0,0,187,0,0,0,0,0,18,4652,9,1322,0,0,34,0,166,5,55,0,7,0,130,0,169,0,5,0,0,0,0,0,266,0,0,370,0,0,4,3463,724,0
I53,0,0,1801,12376,5570,4474,11398,0,6,0,16,497,0,278,409,0,0,13,0,30,0,4,139,49,26,0,2,0,0,0,2,10,0,3,0,8,0,0,15,2967,739,4,0,0,235,224,0,23,0,4299,0,0,0,0,2,0,0,11,0,111,0,919,0,0,145,7,0,25,0,0,0,115,4,272,781,0,123,10,2,0,0,0,0,0,191,0,3,0,0,0,23,5338,17,1315,5,0,31,0,116,0,0,0,8,0,376,0,0,0,0,6,5,0,0,2,569,0,0,957,0,0,2,2985,1293,0
I55,0,0,1386,13305,7679,2385,11645,7,12,0,27,3286,0,448,29,0,0,7,2,322,0,5,69,45,161,3,15,0,23,0,0,0,9,10,0,23,0,0,20,3358,465,10,9,0,257,71,5,86,0,5373,0,0,0,18,6,4,159,20,0,332,2,606,0,0,62,4,0,45,8,0,17,110,0,276,910,0,126,0,14,3,7,0,5,0,307,0,3,0,0,2,5,2915,16,866,2,0,9,0,100,0,139,0,16,0,151,0,36,0,0,0,98,0,0,0,589,5,0,648,3,0,48,5874,1374,0
I57,0,0,1022,7857,5553,1669,7668,0,0,0,6,2251,0,68,110,0,0,6,0,26,0,2,50,12,121,0,12,0,0,0,2,0,0,6,0,5,0,0,0,2604,115,0,0,0,59,66,4,18,0,11058,0,0,0,20,0,2,0,0,0,44,0,211,12,0,1044,0,0,59,0,0,7,27,0,16,395,0,63,13,5,4,0,0,0,0,252,0,0,0,0,0,7,2287,58,628,0,0,10,0,200,0,11,0,13,2,101,0,0,0,0,0,7,0,0,0,2394,0,0,548,0,0,19,2130,581,0
I59,0,0,1656,6005,9436,1269,6214,0,19,0,0,2577,0,452,0,0,0,20,0,0,0,4,250,71,58,0,0,0,0,0,0,0,0,0,0,0,0,0,21,2647,493,0,0,0,35,75,11,16,0,4195,0,0,0,22,9,3,2,0,3,0,0,186,0,0,149,0,0,49,0,0,17,391,0,369,525,0,567,16,29,5,0,0,0,0,88,0,0,6,0,0,12,6397,0,1421,0,0,16,0,110,2,0,0,0,0,61,0,0,0,0,0,0,0,0,2,120,0,0,1611,0,0,24,945,141,0
I61,0,0,1546,10189,6698,2018,9741,2,2,0,7,790,0,174,0,0,0,8,0,6,0,0,142,38,26,0,0,0,0,0,0,0,0,8,0,4,0,0,17,3132,477,11,0,0,80,134,0,18,0,3360,0,0,0,20,3,7,0,0,0,26,0,404,0,0,118,0,0,31,0,0,3,45,3,353,693,10,35,0,5,0,0,0,0,0,80,0,0,8,0,0,35,4305,5,1038,0,8,15,0,125,5,0,0,16,0,256,0,0,0,0,0,0,0,0,0,418,0,0,1506,0,0,16,2895,480,0
I63,0,0,714,8077,8513,1643,9588,2,5,0,18,29,0,485,8,0,0,13,0,33,0,5,182,64,158,0,17,0,19,0,17,6,3,5,8,0,0,0,11,4397,494,0,0,0,94,111,14,14,0,4386,0,4,0,49,27,5,19,0,6,35,0,491,2,0,277,0,0,39,0,0,14,151,2,513,899,0,259,19,15,58,0,0,0,0,212,0,0,5,4,0,25,3102,9,877,0,2,19,0,125,0,12,0,19,0,53,0,0,0,0,0,6,0,10,0,247,0,0,1670,0,6,33,1784,599,0
II73,0,0,1745,8589,5136,3346,8977,0,0,0,6,414,0,65,33,0,0,2,0,13,0,0,248,53,36,8,0,0,3,0,0,0,0,4,0,0,0,3,0,2436,507,9,0,0,62,142,5,0,0,4941,0,0,0,22,4,0,0,0,0,44,0,285,0,0,247,0,0,32,0,0,3,89,0,503,461,2,53,7,18,3,0,0,0,0,87,0,0,0,0,0,32,6953,38,1088,0,6,56,0,155,9,4,0,10,2,220,0,0,0,0,0,17,0,2,2,189,0,0,1926,0,0,16,3358,326,0
II75,0,0,2598,6156,12643,1799,8780,0,17,0,0,1864,0,206,6,0,0,9,0,0,0,0,226,20,83,0,6,0,0,0,0,0,0,4,3,0,0,0,10,3569,629,0,0,0,27,88,8,0,0,1789,0,0,3,16,0,2,5,0,0,15,0,315,0,0,80,0,0,64,0,0,3,96,0,95,722,0,264,0,6,8,0,0,0,0,80,0,0,5,0,0,20,8797,7,1848,0,0,22,0,103,0,0,0,0,0,79,0,0,0,0,5,0,0,4,7,215,0,0,876,0,2,7,608,187,0
II77,0,0,1190,13138,5032,2169,11761,2,8,0,0,995,0,91,14,0,0,0,0,57,0,4,45,24,29,0,7,0,3,0,0,6,3,18,0,0,0,0,0,3651,231,0,0,0,96,53,3,8,0,5921,0,0,0,0,0,0,0,0,0,154,0,542,0,0,77,0,0,30,0,0,0,77,0,217,850,0,16,0,9,0,0,0,0,0,160,0,3,0,0,3,16,2514,19,634,3,6,0,0,136,0,30,0,8,0,174,0,9,0,0,2,46,0,0,3,726,0,0,557,0,0,10,1675,581,0
III67,0,0,1194,11828,3922,6706,11342,2,2,0,34,879,0,212,198,0,0,11,0,80,0,8,56,12,23,0,5,0,13,2,0,0,0,0,0,9,0,0,0,4257,274,0,0,0,124,77,4,0,0,3189,0,0,0,16,5,0,9,18,2,218,0,487,0,0,187,2,0,15,0,0,5,8,0,206,530,2,95,8,0,0,0,0,0,0,214,0,0,4,0,0,37,1931,23,444,0,2,11,0,57,0,4,0,4,0,769,0,0,0,0,0,57,0,0,0,427,0,0,1277,0,0,10,1566,616,0
III69,0,0,1306,9543,7196,6617,10155,6,3,0,12,712,0,141,113,0,0,14,0,55,0,7,104,0,28,0,0,0,6,0,0,0,0,0,0,0,0,0,10,3361,535,3,0,0,80,72,3,0,0,2617,0,0,2,21,0,0,0,14,0,264,0,472,0,0,218,3,0,36,0,0,5,14,5,349,568,0,132,43,0,0,0,0,0,0,152,0,0,0,0,0,26,3735,20,924,0,7,0,0,70,0,14,0,0,0,838,0,0,0,0,0,27,2,2,0,364,0,0,1471,0,0,0,946,467,0
III71,0,0,1023,13801,4464,4568,9484,0,12,0,11,1413,0,109,121,0,2,17,0,106,0,5,78,60,49,0,18,0,7,4,0,0,0,9,0,0,0,0,25,2724,475,0,0,0,135,80,0,0,0,4214,0,0,0,22,0,0,0,4,0,73,2,902,0,0,124,0,0,40,0,0,0,32,0,215,871,0,44,13,6,0,0,0,0,0,279,0,0,4,0,0,5,2268,21,796,0,0,3,0,142,0,5,0,22,0,132,0,3,0,0,0,19,0,11,5,415,0,0,655,0,2,14,2642,625,0
IV79,0,0,1633,9431,5848,5614,5566,19,3,0,8,795,0,161,58,0,0,14,0,67,0,6,188,35,19,0,10,0,0,0,0,0,0,16,0,0,0,0,13,1395,1735,0,0,0,162,90,3,49,0,8642,0,0,0,13,2,6,0,8,0,12,7,368,6,0,99,0,0,38,0,10,4,92,2,343,585,0,90,16,11,0,0,0,0,0,170,0,0,0,0,0,7,5829,10,1724,0,0,35,0,135,9,6,0,28,0,207,0,3,0,0,0,7,0,0,0,101,0,0,1528,0,0,13,1028,846,0
IV81,0,0,1338,7495,7232,5317,7267,3,14,0,9,633,2,221,76,0,0,15,0,23,0,2,331,60,38,0,2,0,4,0,0,0,2,8,0,5,0,0,13,1667,1074,0,0,0,141,129,0,17,0,6120,0,0,2,20,2,4,0,9,0,26,0,310,0,0,159,0,2,38,0,7,6,53,0,250,675,0,54,20,5,0,0,0,0,0,125,0,0,0,0,0,7,5794,12,2033,0,3,38,0,177,8,7,0,22,0,163,0,6,0,0,0,0,0,0,0,121,0,0,1183,0,0,18,1716,470,0
