sample,0319-6G20,0319-7L14,11-24,Abditibacteriales,Absconditabacteriales (SR1),Acetobacterales,Acidiferrobacterales,Acidimicrobiales,Acidobacteriales,Actinomarinales,Alicyclobacillales,AMGG11,Anaerolineales,Aneurinibacillales,Armatimonadales,Azospirillales,B10-SB3A,B12-WMSP1,Babeliales,Bacillales,Bacteriovoracales,Bacteroidales,Bdellovibrionales,Bifidobacteriales,Blastocatellales,Blfdi19,Brevibacillales,Bryobacterales,Burkholderiales,C0119,C10-SB1A,Caedibacterales,Caldicoprobacterales,Caldilineales,Candidatus Daviesbacteria,Candidatus Kaiserbacteria,Candidatus Levybacteria,Candidatus Liptonbacteria,Candidatus Magasanikbacteria,Candidatus Nomurabacteria,Candidatus Peribacteria,Candidatus Staskawiczbacteria,Candidatus Vogelbacteria,Candidatus Woykebacteria,Candidatus Yanofskybacteria,Catenulisporales,Caulobacterales,CCD24,Chitinophagales,Chlamydiales,Chloroflexales,Chloroplast,Christensenellales,Chthoniobacterales,Chthonomonadales,Clostridia UCG-014,Clostridia vadinBB60 group,Clostridiales,Coriobacteriales,Corynebacteriales,Coxiellales,Cyanobacteriales,Cytophagales,Deferribacterales,Desulfitobacteriales,Desulfovibrionales,Diplorickettsiales,Dongiales,DS-100,EC3,Elev-1554,Elev-16S-1166,Elev-16S-976,Elsterales,Elusimicrobiales,Endomicrobiales,Enterobacterales,Entomoplasmatales,Entotheonellales,Erysipelotrichales,FCPU453,FFCH16263,Fibrobacterales,Fimbriimonadales,Flavobacteriales,Frankiales,Gaiellales,Gammaproteobacteria Incertae Sedis,Gemmatales,Gemmatimonadales,Geobacterales,GOUTB8,Group 1.1c,Halanaerobiales,Haliangiales,Holophagales,Holosporales,Hydrogenispora,IMCC26256,Isosphaerales,JG36-GS-52,JG36-TzT-191,Kallotenuales,Kapabacteriales,KF-JG30-C25,Kineosporiales,Kryptoniales,Ktedonobacterales,Lachnospirales,Lactobacillales,Latescibacterales,Legionellales,Leptolyngbyales,Leptospirales,Lineage IV,Longimicrobiales,Marine Group II,Methanobacteriales,Methanomassiliicoccales,Methylacidiphilales,Methylococcales,Micavibrionales,Micrococcales,Micromonosporales,Micropepsales,Microtrichales,mle1-27,Monoglobales,MSB-4B10,MVP-88,Myxococcales,Nannocystales,Nitrososphaerales,Nitrosotaleales,Nitrospirales,Obscuribacterales,Oligoflexales,Opitutales,Oscillospirales,Paenibacillales,Paludibaculum,Paracaedibacterales,Pedosphaerales,Peptococcales,Peptostreptococcales-Tissierellales,Phycisphaerales,Pirellulales,Planctomycetales,PLTA13,Polyangiales,Propionibacteriales,Pseudomonadales,Pseudonocardiales,Pyrinomonadales,R7C24,RBG-13-54-9,Reyranellales,Rhizobiales,Rhodobacterales,Rhodospirillales,Rickettsiales,Rokubacteriales,S-BQ2-57 soil group,S085,Saccharimonadales,Salinisphaerales,SAR202 clade,SBR1031,Silvanigrellales,SJA-15,Solibacterales,Solirubrobacterales,Sphingobacteriales,Sphingomonadales,Spirochaetales,Steroidobacterales,Streptomycetales,Streptosporangiales,Subgroup 12,Subgroup 13,Subgroup 15,Subgroup 17,Subgroup 2,Subgroup 7,Sulfobacillales,Sumerlaeales,Symbiobacteriales,Synergistales,Syntrophobacterales,Tepidisphaerales,Thalassobaculales,Thermoactinomycetales,Thermoanaerobaculales,Thermomicrobiales,Tistrellales,TSBb06,Unclassified Order in Acidimicrobiia,Unclassified Order in Acidobacteriae,Unclassified Order in Acidobacteriota,Unclassified Order in Actinobacteria,Unclassified Order in Actinobacteriota,Unclassified Order in AD3,Unclassified Order in Alphaproteobacteria,Unclassified Order in Anaerolineae,Unclassified Order in Armatimonadota,Unclassified Order in AT-s3-28,Unclassified Order in Bacilli,Unclassified Order in bacteriap25,Unclassified Order in Bacteroidia,Unclassified Order in Bathyarchaeia,Unclassified Order in BD2-11 terrestrial group,Unclassified Order in BD7-11,Unclassified Order in Bdellovibrionota,Unclassified Order in Berkelbacteria,Unclassified Order in Blastocatellia,Unclassified Order in BRH-c20a,Unclassified Order in Chloroflexi,Unclassified Order in Chloroflexia,Unclassified Order in Clostridia,Unclassified Order in Cyanobacteria,Unclassified Order in Cyanobacteriia,Unclassified Order in Desulfobacterota,Unclassified Order in Dojkabacteria,Unclassified Order in Elusimicrobiota,Unclassified Order in FCPU426,Unclassified Order in FFCH5909,Unclassified Order in Firmicutes,Unclassified Order in GAL15,Unclassified Order in Gammaproteobacteria,Unclassified Order in Gemmatimonadota,Unclassified Order in Gitt-GS-136,Unclassified Order in JG30-KF-CM66,Unclassified Order in KD4-96,Unclassified Order in Ktedonobacteria,Unclassified Order in Latescibacterota,Unclassified Order in Lineage IIa,Unclassified Order in Lineage IIb,Unclassified Order in Lineage IIc,Unclassified Order in Margulisbacteria,Unclassified Order in MB-A2-108,Unclassified Order in MBNT15,Unclassified Order in Microgenomatia,Unclassified Order in Myxococcota,Unclassified Order in NB1-j,Unclassified Order in Nitrososphaeria,Unclassified Order in Nitrospirota,Unclassified Order in OLB14,Unclassified Order in Oligoflexia,Unclassified Order in OM190,Unclassified Order in P2-11E,Unclassified Order in Parcubacteria,Unclassified Order in Patescibacteria,Unclassified Order in Pla4 lineage,Unclassified Order in Planctomycetes,Unclassified Order in Polyangia,Unclassified Order in Proteobacteria,Unclassified Order in RCP2-54,Unclassified Order in S0134 terrestrial group,Unclassified Order in SAR324 clade(Marine group B),Unclassified Order in Sericytochromatia,Unclassified Order in SHA-26,Unclassified Order in Subgroup 11,Unclassified Order in Subgroup 18,Unclassified Order in Subgroup 22,Unclassified Order in Subgroup 25,Unclassified Order in Subgroup 5,Unclassified Order in Thermoleophilia,Unclassified Order in Thermoplasmata,Unclassified Order in TK10,Unclassified Order in TX1A-33,Unclassified Order in vadinHA49,Unclassified Order in Vampirivibrionia,Unclassified Order in Verrucomicrobiae,Unclassified Order in WPS-2,Unclassified Order in WS4,Unclassified Order in WWE3,Vampirovibrionales,Veillonellales-Selenomonadales,Verrucomicrobiales,Vicinamibacterales,WD260,Woesearchaeales,Xanthomonadales
F90,17,0,52,0,0,612,0,84,5926,12,0,0,0,0,0,20,0,7,41,27,9,0,21,0,0,12,0,1168,954,3,0,0,0,0,0,2,0,0,0,0,0,0,0,0,0,95,658,0,266,8,0,17,0,349,0,0,0,0,0,213,0,0,23,0,0,0,86,0,0,0,0,0,0,5365,0,0,0,4,0,0,0,0,0,11,15,3085,495,2910,94,1342,0,0,7,0,327,9,0,0,439,56,0,20,0,5,97,0,0,399,3,0,0,4,0,0,14,0,2,0,0,0,2,3,8,192,1032,83,11,0,0,0,683,0,16,3,19,17,0,6,0,0,0,0,434,0,0,0,0,0,0,815,14,30,25,0,0,0,129,5954,0,45,31,96,0,14,66,24,0,0,0,0,2393,859,47,142,0,98,210,199,5,154,0,15,3150,194,0,0,0,0,0,0,0,0,52,33,0,0,809,145,7,85,0,789,728,2,0,0,0,0,0,0,0,4,0,0,0,0,0,0,0,7,0,56,0,0,15,0,0,67,12,0,0,108,9,25,23,80,0,2,0,0,0,0,3,18,0,2,0,0,0,0,4,0,0,0,0,0,758,0,0,0,20,0,0,0,0,326,0,15,254,0,0,0,0,375,0,0,0,0,0,825,88,0,341
F93,28,0,145,0,0,118,2,0,893,0,0,22,0,0,6,57,0,4,2,234,4,0,25,0,53,9,0,244,1839,7,0,2,0,8,0,0,0,0,0,0,0,0,0,0,0,13,340,94,616,11,75,2,0,3078,40,0,0,4,0,356,0,0,60,0,0,0,42,122,5,5,0,0,0,1392,0,0,7,0,206,0,0,0,0,12,163,1637,2463,464,97,922,0,0,0,0,635,5,3,0,732,70,6,0,6,0,0,7,0,794,0,0,23,12,0,0,0,7,0,0,0,5,0,2,76,625,266,513,18,0,0,0,203,14,19,6,392,11,0,9,0,51,14,0,1187,0,3,3,9,15,54,503,135,163,112,121,73,7,368,7600,7,36,0,1294,20,69,58,6,0,0,0,0,757,674,44,360,0,113,253,90,0,57,24,199,681,374,0,0,0,0,0,33,0,4,78,41,25,0,182,16,0,22,6,96,604,0,0,15,0,400,0,0,18,0,0,0,0,0,5,0,0,0,0,372,0,0,0,0,0,92,15,0,12,118,452,0,232,33,7,0,0,239,65,2,0,268,0,0,8,2,26,4,5,0,0,3,0,0,314,0,6,0,0,50,20,67,15,598,23,2,343,0,0,0,0,31,0,4,0,0,39,3265,22,0,207
F96,40,0,125,0,0,256,0,47,1501,0,0,0,0,0,13,51,0,4,8,199,4,0,40,0,48,8,0,287,2620,31,0,0,0,3,0,0,0,0,3,4,0,0,2,0,2,14,306,77,598,10,47,0,0,3904,16,0,0,0,0,422,0,0,45,0,0,0,39,103,3,0,0,10,2,1421,0,0,3,4,134,2,0,11,6,16,224,1938,3124,657,99,835,0,0,8,0,587,0,3,0,839,105,0,0,0,0,2,23,0,454,2,0,33,0,0,0,3,3,0,0,2,6,0,5,75,660,465,736,24,0,0,4,354,8,135,4,274,7,18,7,3,23,0,0,1639,0,0,9,36,3,45,595,233,104,88,169,38,2,334,8397,18,38,26,1215,0,63,36,8,3,5,0,0,757,1209,49,382,0,96,278,62,0,41,20,225,1295,445,0,7,0,0,0,87,0,6,40,46,36,0,219,58,8,0,13,153,810,0,3,11,0,284,4,4,7,0,0,0,8,0,7,7,0,0,0,444,0,2,0,0,0,57,19,0,5,141,403,0,235,38,15,0,0,399,176,0,0,354,0,0,19,0,0,0,6,2,3,0,0,0,342,15,10,0,0,49,13,86,24,436,15,0,347,0,0,0,14,45,0,0,0,0,34,3080,25,0,240
F99,14,50,27,0,0,642,0,351,3919,7,17,0,0,0,5,17,22,478,4,552,0,0,2,0,0,0,0,1149,316,42,0,0,0,0,0,0,0,0,0,0,0,0,0,0,0,175,106,2,165,0,8,10,0,186,95,0,0,21,0,135,0,0,4,0,0,0,28,0,0,0,20,0,0,2476,0,0,0,4,10,0,0,0,0,14,0,4013,597,1147,0,458,0,0,116,0,109,0,4,0,797,0,0,0,7,0,0,0,0,7521,0,0,0,2,0,0,0,0,6,0,0,0,0,0,279,620,185,58,0,0,9,0,502,0,73,28,0,11,4,0,0,69,0,0,10,0,3,2,0,0,0,196,0,0,265,0,25,0,60,5691,0,0,0,53,0,9,31,0,0,4,0,0,1028,4152,6,286,0,3,84,401,2,215,0,4,979,123,0,0,0,0,0,0,0,0,22,270,0,0,571,115,0,44,0,6712,57,6,57,0,0,0,0,166,0,0,0,0,0,0,263,0,0,5,0,5,0,0,0,0,4,581,2,7,0,272,0,6,0,16,0,0,0,39,0,0,0,0,0,0,0,0,0,4,0,7,0,0,0,0,35,0,0,17,20,0,0,0,0,140,11,5,1736,0,0,0,0,940,0,0,0,0,0,634,0,0,37
F102,26,14,14,0,0,819,0,158,4945,20,0,0,0,0,7,67,0,15,6,23,0,0,12,0,0,7,0,649,472,0,0,0,0,3,0,0,0,0,0,0,0,0,0,0,0,115,552,0,108,0,0,10,0,1033,25,0,0,3,0,190,0,0,0,0,0,0,48,0,0,0,0,0,0,6504,0,0,3,0,8,0,0,0,0,20,8,5669,534,3502,122,574,0,0,76,0,155,0,0,0,654,70,0,0,0,11,55,0,0,620,2,0,0,13,0,0,0,0,0,0,0,9,0,0,30,52,582,51,0,0,0,0,242,0,77,11,7,11,3,8,6,12,0,0,544,0,0,0,2,15,0,398,18,0,134,0,106,0,74,6567,8,16,18,25,0,0,26,13,0,0,0,0,1185,2054,30,41,0,35,146,344,0,90,0,0,1764,24,2,0,0,0,0,64,0,0,189,13,0,0,1186,90,0,127,0,756,290,0,7,0,0,0,0,2,0,0,0,0,0,0,32,0,0,3,0,12,0,0,0,0,0,108,14,0,0,48,9,8,0,17,0,0,0,0,0,0,0,0,0,0,2,0,0,0,0,0,0,0,0,0,755,0,0,0,9,0,0,0,0,144,0,16,218,0,0,0,0,417,0,0,0,0,14,530,116,0,168
F105,8,0,14,0,0,981,0,73,10701,0,0,0,0,0,0,38,0,20,33,54,0,0,6,0,0,0,0,886,328,0,0,0,0,0,0,0,0,0,0,0,0,0,0,0,0,79,453,0,75,4,0,5,0,680,19,0,0,3,0,164,5,0,0,0,0,0,26,0,0,0,8,0,0,5824,0,0,0,2,0,0,0,0,0,10,0,4885,480,3317,98,785,0,0,74,0,171,0,0,0,819,121,0,0,0,2,45,0,0,1067,3,0,0,4,0,0,3,0,0,0,0,6,0,3,0,25,480,29,0,0,0,0,175,0,91,11,9,21,4,3,0,11,0,4,534,0,0,0,0,2,0,425,0,0,48,0,64,0,175,8808,0,53,6,11,0,0,35,9,2,0,0,0,1201,1386,15,44,0,33,138,15,0,395,0,0,3167,62,6,0,0,0,0,30,0,0,43,3,0,0,1469,122,0,101,0,570,254,0,3,0,0,0,0,0,0,3,0,0,2,0,15,0,0,0,0,16,0,0,15,0,0,260,8,0,0,106,12,16,0,38,3,0,0,0,0,0,0,0,0,0,0,0,0,0,0,0,0,0,0,3,813,0,0,0,5,0,0,0,0,389,0,45,363,0,0,0,0,1044,0,0,0,2,7,1308,51,0,106
F108,15,0,2,0,0,789,0,119,5609,0,0,0,8,0,0,48,0,11,9,21,0,0,6,0,10,0,0,761,633,0,0,0,0,0,0,0,0,0,0,0,0,0,0,0,0,102,526,0,168,9,0,8,0,412,49,0,0,0,0,228,0,0,10,0,0,0,40,0,0,0,0,0,0,4719,0,0,15,0,0,0,0,0,0,28,12,4727,527,2789,41,728,0,0,90,0,175,0,9,0,701,20,0,0,0,0,51,0,0,3334,2,0,0,0,0,0,0,0,0,0,0,0,0,0,44,123,546,44,3,0,31,0,426,0,111,24,33,8,0,6,0,7,0,0,529,0,0,0,3,8,0,523,0,4,73,0,55,0,159,5832,0,26,16,21,0,8,44,15,0,0,0,0,1255,1336,20,161,2,88,127,225,0,142,0,15,2285,51,2,0,0,0,0,10,0,0,28,10,0,0,1273,142,5,160,3,1543,331,0,0,0,0,0,0,68,0,0,0,0,0,0,19,0,0,0,0,25,0,0,0,3,0,177,9,0,0,115,45,0,0,36,2,0,0,0,0,0,0,15,0,0,4,0,0,3,0,3,0,0,0,5,1316,0,5,0,0,0,0,0,0,185,0,70,329,0,0,0,0,435,0,0,0,0,0,359,62,0,171
P37,27,0,14,0,0,619,0,204,8270,0,19,0,2,0,0,73,0,301,7,3006,2,0,6,0,3,0,0,939,1254,50,0,0,0,0,0,0,2,0,0,0,0,0,0,0,0,311,212,5,177,0,8,6,0,1355,3,0,2,25,0,348,0,0,0,0,0,0,16,0,0,0,0,0,0,1989,0,0,9,5,0,0,0,0,0,0,4,3906,894,1546,298,175,0,0,0,0,165,0,0,0,451,253,0,0,0,0,21,0,0,1756,9,6,0,8,0,0,0,0,0,0,0,2,0,0,381,872,232,107,2,0,0,0,57,0,40,0,0,6,0,0,11,133,0,0,206,0,12,0,0,2,0,160,56,0,155,111,37,0,79,5319,0,6,12,51,0,5,27,6,0,2,0,0,1024,2788,22,248,0,23,517,500,0,173,0,0,909,67,0,0,0,0,0,8,0,0,9,152,0,5,579,44,0,63,0,2030,91,0,0,0,0,0,0,5,0,0,0,0,0,0,95,0,0,2,0,13,0,0,4,0,0,132,9,0,0,118,36,0,0,12,0,0,0,7,0,0,0,0,0,0,0,0,0,0,0,0,0,0,0,0,155,0,0,7,5,0,0,0,0,448,7,0,909,0,0,0,0,956,0,0,2,0,6,747,0,0,70
P65,32,42,39,0,0,1014,0,191,5480,0,17,0,0,0,0,47,0,375,9,651,0,12,4,0,0,0,0,1120,1796,15,0,0,0,0,0,0,0,0,0,0,0,0,0,0,0,148,278,0,194,4,3,21,2,965,51,0,0,18,0,276,0,6,0,0,0,0,42,0,0,0,16,0,0,1732,0,0,156,0,2,0,0,0,0,6,38,4088,443,1064,303,566,0,0,18,0,155,0,0,0,478,284,0,0,0,0,29,0,0,4349,3,12,0,10,0,0,0,0,0,0,0,0,0,0,355,422,242,43,6,0,0,0,595,0,78,43,0,7,5,0,6,37,0,9,88,0,0,0,0,0,0,226,108,732,487,6,29,0,112,4195,3,21,8,48,0,2,83,5,0,0,0,0,1353,3466,133,673,0,42,296,604,0,145,0,3,2345,67,0,0,0,0,0,61,0,0,32,102,0,0,517,82,0,114,0,3576,115,0,31,0,2,0,0,134,0,0,0,0,0,0,161,6,0,0,0,5,0,0,7,0,0,83,2,0,0,56,4,13,0,8,5,0,0,17,0,0,0,0,0,0,0,0,0,0,0,2,0,0,0,3,232,0,0,9,9,0,0,0,0,183,5,9,997,0,0,0,0,773,0,0,3,0,4,424,7,0,189
P66,9,33,23,0,0,514,0,286,4396,0,13,0,0,0,6,23,23,348,11,277,0,0,2,0,6,6,0,1193,512,51,0,0,0,0,0,0,0,2,0,0,0,0,0,0,0,205,106,0,274,4,0,9,0,754,84,0,2,8,0,143,0,11,9,0,0,0,43,0,0,0,13,0,0,1502,0,0,6,0,12,0,0,0,0,8,0,3335,331,1041,238,789,0,0,68,0,153,12,0,0,728,107,0,0,2,0,29,0,0,4601,0,0,0,5,0,0,0,0,6,0,0,0,0,0,740,393,179,36,6,0,20,0,494,0,40,79,3,3,0,0,0,58,0,0,57,0,0,0,0,0,0,263,51,0,324,16,20,0,81,2990,0,10,3,68,0,3,51,11,0,0,0,0,1084,3191,0,551,0,8,183,348,0,228,0,4,2328,73,0,0,0,0,0,65,0,0,78,131,4,0,427,122,0,38,0,9414,69,9,93,0,0,0,0,289,0,0,0,0,0,0,207,0,0,12,0,8,0,0,6,4,0,516,5,0,0,91,0,27,0,20,0,4,0,16,0,0,0,10,0,0,0,0,0,7,0,0,0,0,0,0,180,0,0,7,12,0,0,0,0,111,0,5,1063,0,0,0,0,924,0,0,0,0,0,458,0,0,53
P154,7,37,0,0,0,1086,0,133,3883,0,0,0,0,0,0,39,0,14,7,58,0,40,0,0,0,10,0,789,1161,0,0,0,0,0,0,0,0,0,0,0,0,0,0,0,0,86,554,0,151,2,0,19,11,62,0,6,11,5,0,201,10,0,6,0,0,25,81,0,0,0,13,0,0,6802,0,3,85,9,0,0,0,0,0,0,52,4400,478,3450,24,576,4,0,48,0,98,0,0,0,741,25,0,0,0,5,116,0,0,181,84,0,0,15,0,0,5,0,0,0,0,0,0,0,16,47,616,0,5,0,0,0,96,0,131,16,0,11,0,0,49,0,0,0,132,2,10,0,0,0,0,301,8,886,70,0,114,0,171,5974,8,62,29,8,0,0,44,5,0,0,0,0,830,1622,33,104,58,40,219,288,0,270,10,0,2670,0,21,0,0,0,0,0,0,0,41,9,2,0,1242,66,0,58,0,785,227,0,0,0,0,0,0,13,0,0,0,0,0,0,17,0,4,0,0,17,0,0,27,0,5,251,0,0,0,64,8,0,0,53,0,0,0,0,0,0,0,0,0,0,0,0,0,0,11,2,0,0,0,0,1860,0,0,0,7,0,0,0,0,185,0,68,235,0,5,0,0,902,0,0,0,0,0,576,64,0,188
P160,11,25,8,0,2,774,0,223,4666,0,12,0,0,0,0,28,5,368,23,397,0,0,0,0,6,2,0,1371,309,34,0,0,0,0,0,0,0,0,0,0,0,0,0,0,0,131,195,0,122,2,2,4,0,1443,29,0,0,9,0,157,0,3,0,0,2,3,13,0,0,0,6,0,0,2586,0,0,0,2,8,0,0,0,0,14,0,4009,735,1513,159,486,0,0,28,0,161,0,0,0,614,72,0,0,0,4,0,0,0,3624,5,4,0,0,0,0,2,0,0,0,0,0,0,0,202,507,149,63,4,0,0,0,451,0,24,0,0,0,0,0,0,0,0,0,114,0,2,0,0,0,0,242,14,0,119,0,43,0,63,5354,0,6,0,30,0,0,46,4,0,3,0,0,1432,4662,3,266,5,7,77,426,0,181,0,0,1130,144,0,0,0,0,0,20,5,3,21,112,0,0,681,109,0,20,0,3903,92,3,20,0,0,0,0,170,0,0,0,0,0,0,126,0,2,9,0,4,0,0,9,0,0,422,0,0,0,108,9,0,0,20,0,0,2,10,0,0,0,0,0,0,0,0,0,0,0,6,2,0,0,0,233,3,0,20,7,0,0,0,0,198,17,0,1096,0,0,0,0,982,0,0,0,0,0,675,0,0,37
G42,11,0,44,0,0,628,0,221,5524,0,0,0,0,0,5,26,0,172,48,374,0,5,10,0,3,0,0,1259,974,8,0,0,0,0,0,0,0,0,0,0,0,0,0,0,0,125,316,0,96,2,0,0,0,4266,38,0,0,9,0,109,0,0,12,0,0,0,38,0,0,0,11,0,0,2289,0,0,13,0,3,0,0,0,0,16,9,3310,297,1449,119,405,0,0,118,0,213,9,0,0,429,57,0,0,0,0,25,0,0,3919,11,4,0,0,0,0,6,0,0,0,0,0,0,0,122,600,161,38,16,0,0,0,709,0,28,27,0,0,0,4,0,15,0,5,491,0,2,0,0,0,0,291,42,88,7,266,0,0,87,4251,0,5,6,81,0,5,54,0,0,0,0,0,1076,1942,9,192,0,39,224,479,0,189,0,0,2093,89,0,0,0,0,0,6,6,0,15,72,0,0,438,68,0,76,2,4929,162,0,9,0,0,0,0,273,0,0,0,0,0,0,60,0,0,0,0,15,0,0,4,0,0,120,0,0,0,168,9,0,0,0,3,0,0,9,0,0,0,9,0,0,0,0,0,0,0,0,4,0,9,0,534,0,0,5,4,0,0,0,0,202,0,21,765,0,0,0,0,793,0,0,0,0,0,904,12,0,101
G45,51,0,26,0,0,615,0,155,7705,0,6,0,0,0,5,44,0,129,5,1064,0,0,0,0,0,0,0,1291,590,4,0,0,0,0,0,0,0,0,0,0,0,0,0,0,0,113,298,0,147,0,0,0,0,2052,33,0,0,21,0,133,0,0,15,0,0,0,50,0,0,0,3,0,0,2867,2,0,2,0,2,0,0,0,0,8,2,3423,531,2384,72,383,0,0,24,0,315,39,0,0,398,44,0,0,0,0,25,0,0,4171,6,0,0,0,0,0,11,0,0,0,0,0,0,0,94,436,305,89,13,0,10,0,530,0,28,14,0,12,0,3,4,42,0,0,642,0,9,0,0,0,0,503,8,3,74,148,38,0,72,4989,0,24,15,117,0,5,30,14,0,0,0,0,1488,2495,2,361,0,54,242,312,0,230,0,0,2044,79,0,0,2,0,0,32,0,0,7,125,0,0,527,90,0,24,0,4107,219,0,8,0,0,0,0,107,0,0,0,0,0,0,128,4,0,0,0,6,0,0,42,0,0,126,2,0,0,138,5,0,0,4,0,0,0,8,0,0,0,8,0,0,0,0,0,0,0,0,2,0,0,0,626,0,0,0,5,0,0,0,0,233,0,12,927,0,0,0,0,998,0,0,0,0,0,834,0,0,321
G48,29,0,22,0,0,700,0,190,6490,0,6,0,0,0,2,30,0,132,0,730,0,0,8,0,3,3,0,1021,358,10,0,0,3,0,0,0,0,0,0,0,0,0,0,0,0,148,216,0,72,0,2,12,0,4580,43,0,0,22,0,126,0,0,0,0,0,0,31,0,0,0,6,0,0,2779,0,0,0,0,5,0,0,0,0,10,0,4590,304,2070,128,336,0,0,36,0,214,10,0,0,462,74,0,0,0,0,14,0,0,3674,2,0,0,0,0,0,0,3,0,0,0,0,0,0,124,446,152,66,16,0,9,0,493,0,40,19,0,0,0,2,3,28,0,0,379,0,5,0,0,0,0,247,32,46,43,55,44,0,95,4320,0,6,13,67,0,3,58,5,0,0,0,0,1136,1434,9,429,0,20,163,380,0,209,0,0,1459,111,0,0,13,0,0,37,0,3,0,94,0,0,512,88,0,86,0,4336,242,3,16,0,0,0,0,68,0,0,0,0,0,0,78,0,2,0,0,12,0,0,9,0,0,397,5,0,0,125,9,7,0,6,0,7,0,2,0,0,0,20,0,0,0,0,0,0,0,0,0,0,0,0,277,0,0,5,6,0,0,0,0,166,0,6,1158,0,0,0,0,1227,0,0,0,0,8,548,0,0,84
G07,20,25,44,0,0,462,0,148,4159,0,10,0,0,0,19,49,5,170,9,2985,0,3,5,0,0,3,0,864,418,29,0,0,0,0,0,0,0,0,0,0,0,0,0,0,0,113,203,0,77,0,0,3,0,2436,21,0,0,58,0,222,0,0,13,0,0,0,36,0,0,0,6,0,0,2373,0,0,0,0,0,6,0,0,0,13,4,3703,394,1577,77,544,0,0,73,0,105,5,0,0,408,24,0,0,0,0,34,0,0,5686,6,0,0,0,0,0,4,0,13,0,0,0,0,0,798,423,132,64,0,0,0,0,359,0,64,178,0,0,0,5,17,171,0,0,449,0,6,0,0,0,7,277,15,58,128,89,26,0,71,3284,0,13,11,86,3,0,61,6,0,4,0,0,929,2153,28,361,0,27,171,326,0,96,0,6,2648,31,0,0,5,0,0,22,0,3,14,79,0,0,361,73,0,59,0,2950,85,0,19,0,0,0,0,419,0,0,0,0,0,0,190,0,0,0,0,11,0,0,0,0,3,179,5,4,0,81,8,31,0,19,0,0,0,14,0,0,0,13,0,0,0,0,0,0,0,0,0,0,0,4,487,0,0,10,3,0,0,0,0,192,0,44,756,0,0,0,0,670,0,0,0,0,0,445,0,0,67
G27,103,0,42,0,0,670,0,214,4610,0,11,0,0,0,13,63,30,211,4,1011,0,0,0,0,2,15,7,1002,705,42,0,0,0,3,0,0,0,0,0,0,4,0,0,0,0,60,300,0,155,3,2,21,0,1751,67,0,0,24,0,132,0,0,2,0,0,0,67,22,0,0,6,0,0,2491,0,0,4,0,0,4,0,0,0,14,2,4170,523,1498,149,620,0,0,85,0,204,3,0,0,370,101,0,0,0,0,22,0,0,4897,23,2,0,13,0,0,12,0,0,0,0,0,0,0,348,1424,197,74,0,0,0,0,852,0,75,57,0,11,0,2,14,92,0,0,532,0,5,0,0,7,0,323,32,42,132,153,0,0,88,4607,0,12,9,228,0,5,199,3,0,0,0,0,1007,2585,40,672,0,11,227,319,0,212,0,23,2128,83,0,0,0,0,0,60,0,0,7,134,0,0,500,62,0,81,0,4372,347,5,10,0,0,0,0,485,0,2,0,0,0,0,225,0,0,3,0,10,2,0,2,0,3,253,0,0,0,117,8,20,0,0,0,3,0,20,0,0,0,22,0,0,0,0,0,10,0,9,8,2,0,0,421,0,0,26,13,0,0,0,0,187,4,16,1110,0,0,0,0,1360,0,0,10,0,0,489,0,0,51
I01,10,0,24,0,0,787,0,189,5791,0,9,0,0,0,2,21,0,254,2,1493,0,0,0,0,4,3,0,1079,510,0,0,0,0,0,0,0,0,0,0,0,0,0,0,0,0,162,304,0,81,0,0,8,0,1548,11,0,0,31,0,210,0,0,0,0,0,0,54,0,0,0,15,0,0,3504,0,0,3,3,0,0,0,0,0,4,10,4515,323,2024,223,198,0,0,21,0,177,0,0,0,426,150,0,12,0,0,27,0,0,2269,0,0,0,0,0,0,0,0,0,0,0,0,0,0,313,592,183,16,9,0,13,0,318,0,41,27,0,7,3,0,10,88,0,0,138,0,14,0,0,2,0,301,30,7,77,26,42,0,79,6448,0,0,8,61,0,11,56,4,0,0,0,0,1154,3104,8,304,0,20,243,563,0,209,0,0,1294,58,0,0,0,0,0,7,0,0,10,139,0,0,561,85,0,58,0,4614,281,0,0,0,0,0,0,148,0,0,0,0,0,0,68,0,0,0,0,4,0,0,13,0,0,142,12,0,0,119,4,3,0,9,0,0,0,0,0,0,0,2,0,0,0,0,0,0,4,0,0,0,0,0,426,0,0,5,0,0,0,0,0,192,0,11,1288,0,0,0,0,1023,0,0,0,0,0,585,0,0,167
I03,25,14,54,0,0,509,0,233,4471,0,18,0,2,0,0,34,2,218,0,803,0,0,5,0,0,4,0,996,805,15,0,0,0,0,0,0,4,3,0,0,0,0,0,0,0,149,77,0,33,0,18,11,0,1785,42,0,0,26,0,127,0,0,7,0,0,0,16,50,0,0,10,0,0,1800,0,0,0,0,6,0,0,0,0,20,0,4706,757,944,437,935,7,0,20,0,267,0,0,0,581,289,0,0,0,2,21,0,3,2810,5,3,0,0,0,0,0,6,0,0,0,0,0,0,448,1427,198,163,0,0,24,0,572,0,60,10,14,4,0,6,7,50,71,0,370,0,0,2,0,3,0,278,21,8,52,241,20,3,92,4049,0,12,7,199,0,8,41,0,0,6,0,0,1071,2235,19,400,0,50,229,523,0,140,0,0,1734,110,0,0,0,0,0,91,0,0,3,113,0,0,393,57,12,39,35,4127,365,3,13,0,0,2,2,433,0,4,2,0,0,0,118,0,2,0,0,39,0,0,4,0,0,203,11,0,3,106,56,0,72,0,0,0,0,10,0,0,0,14,0,0,0,0,0,0,0,3,3,0,7,0,233,0,0,0,18,8,0,0,0,122,0,4,950,0,3,0,0,895,0,0,0,0,0,811,0,0,147
I05,22,9,21,0,0,586,0,182,5733,0,19,0,0,0,0,30,0,146,5,1740,0,0,22,0,0,3,6,852,449,11,0,0,0,0,0,0,0,4,0,0,3,0,0,0,0,210,181,3,68,7,0,0,0,1020,5,0,0,45,0,117,0,0,0,0,5,0,70,0,0,0,12,0,0,3540,0,0,0,0,9,0,0,0,0,6,0,3606,462,1732,123,286,2,0,18,0,233,4,0,2,485,88,0,0,0,0,43,0,0,1595,10,0,0,0,0,0,14,0,0,0,0,0,0,0,155,557,253,89,13,0,15,0,460,0,54,13,0,17,2,0,10,60,0,0,198,0,15,0,0,0,0,250,0,2,90,18,30,0,78,5458,0,0,23,73,0,0,203,4,0,7,0,0,1151,1966,6,447,0,29,209,369,0,300,0,0,1976,42,0,0,0,0,0,0,0,0,0,66,0,0,406,73,0,40,0,6454,184,4,0,0,0,0,0,135,0,0,0,0,0,0,42,0,0,0,0,0,0,0,14,0,0,421,8,0,0,100,5,4,0,5,0,0,0,26,0,0,0,14,0,0,0,0,0,0,0,0,0,0,0,0,125,0,0,6,6,0,0,0,0,235,0,0,1290,0,0,0,0,1018,0,0,0,0,0,683,0,0,110
I07,11,0,35,0,0,604,0,148,5285,0,11,0,0,0,0,25,3,216,0,636,0,0,3,0,0,4,0,918,346,8,0,0,0,0,0,0,0,0,0,0,0,0,0,0,0,80,181,4,64,0,10,6,0,2154,25,0,0,15,0,126,0,0,0,2,0,0,8,17,0,0,7,0,0,2935,0,0,0,5,0,0,0,0,0,0,0,3683,572,1108,250,241,0,0,79,0,188,0,4,0,417,171,0,0,0,0,3,0,0,4682,0,0,0,0,0,0,0,0,2,0,0,0,0,0,148,936,182,92,0,0,0,0,449,0,174,36,0,10,0,0,5,45,0,0,173,0,7,0,0,0,0,236,13,0,101,46,22,0,56,5815,0,5,2,87,0,4,81,2,2,0,0,0,1022,2135,5,196,0,13,254,414,0,166,0,0,1146,111,0,0,4,0,0,22,0,3,0,107,2,0,422,87,0,48,0,4468,190,5,27,0,0,0,0,245,0,0,0,0,0,0,135,11,0,0,0,12,0,0,2,0,0,282,0,0,0,108,36,0,60,2,0,0,0,19,0,0,0,2,0,0,0,0,0,0,0,0,0,0,0,0,400,0,0,11,9,0,0,0,0,274,0,4,1115,0,0,0,0,1060,0,0,7,0,0,1409,0,0,16
I08,32,5,87,0,0,751,0,171,6248,0,0,0,0,0,4,36,0,371,6,934,0,0,7,0,6,6,0,1143,892,43,0,0,0,0,0,0,0,0,0,0,2,0,0,0,0,162,220,0,236,0,3,7,0,1701,0,0,0,20,0,133,0,0,12,0,0,0,45,0,0,0,23,0,0,2468,0,0,0,2,0,0,0,0,0,0,0,3055,483,18,194,565,0,0,12,0,252,14,0,0,385,144,0,0,0,5,32,0,0,2322,5,2,0,4,0,0,0,12,0,0,0,0,0,0,332,708,285,52,7,0,10,0,573,0,32,6,0,14,2,0,17,72,0,0,227,0,5,0,0,0,0,251,13,0,176,74,0,0,103,4283,0,28,0,67,0,3,182,0,0,3,0,0,1173,1992,13,644,0,17,303,359,0,282,0,6,1837,122,0,0,0,0,0,16,0,0,12,130,0,0,321,99,0,27,0,4409,144,6,0,0,0,0,0,121,0,0,0,0,0,0,78,0,0,0,0,8,0,0,10,0,0,181,10,0,0,72,15,11,14,13,2,6,0,12,0,0,0,10,0,0,0,0,0,0,0,9,0,6,0,0,170,0,0,19,6,0,0,0,0,316,0,0,914,0,0,0,0,1287,0,0,0,2,0,994,10,2,165
I09,20,7,11,0,0,705,0,166,8030,0,25,0,0,0,14,14,2,232,2,1680,0,0,12,0,0,6,0,1016,147,0,0,0,0,0,0,0,2,0,0,0,0,0,0,0,0,175,166,0,40,0,0,3,0,1324,42,0,0,54,0,185,0,0,0,0,7,0,17,0,0,0,12,0,0,3033,0,0,0,5,0,3,0,0,0,4,0,4473,337,1654,166,248,0,4,42,0,139,0,0,0,457,101,0,0,0,0,48,0,0,4180,0,0,0,2,0,0,0,0,0,0,0,0,0,0,102,587,142,46,0,0,9,0,447,0,52,23,0,0,2,0,21,46,0,0,114,0,10,0,0,0,0,250,15,10,80,12,0,0,44,5210,0,12,8,48,0,0,83,0,0,0,2,5,1082,3405,8,333,0,32,152,512,0,215,0,3,1310,40,0,0,9,0,0,17,0,0,0,122,0,0,508,55,0,84,0,4669,227,0,31,0,0,0,0,61,0,0,0,0,0,4,93,0,3,0,0,7,0,0,11,0,0,150,5,0,0,91,2,5,0,0,0,4,0,0,0,0,0,0,0,0,0,0,0,0,0,0,0,0,0,0,400,0,0,12,0,0,0,0,0,190,0,17,1150,0,0,0,0,1018,0,0,0,0,0,550,0,0,59
I11,9,10,218,0,0,446,0,101,5704,0,0,0,0,0,0,59,0,308,8,500,0,0,0,0,15,4,0,583,933,28,0,0,0,2,0,0,0,5,0,0,0,0,0,0,0,114,144,3,128,6,18,12,0,861,0,0,0,28,0,86,0,0,23,0,0,0,56,0,0,0,14,0,0,2547,0,0,0,0,9,0,0,0,0,0,0,1960,256,1479,11,748,0,0,16,0,194,0,0,0,272,0,0,0,0,3,25,0,0,1313,0,0,0,0,0,0,12,0,6,0,0,0,0,0,110,582,249,26,5,0,11,0,741,0,13,9,26,21,0,0,0,62,0,0,125,0,3,0,0,0,0,188,0,0,32,270,32,0,112,3997,0,28,0,290,0,5,72,8,0,6,0,0,1152,932,0,242,0,16,137,209,0,377,0,11,5698,127,0,0,0,0,0,4,0,2,20,46,0,0,206,89,0,23,0,8603,181,18,0,0,0,0,0,413,0,4,0,0,0,0,27,0,0,0,2,0,0,0,16,9,6,772,0,0,0,56,8,3,32,39,4,0,0,26,0,2,10,20,0,0,0,0,0,27,5,0,0,0,0,0,552,0,0,7,0,0,0,0,0,271,0,3,930,0,0,0,0,1233,0,0,6,0,0,1111,0,0,113
I13,13,8,116,0,0,609,0,181,12220,0,0,0,0,0,8,37,5,287,12,1070,0,0,4,0,5,0,0,1292,925,16,0,0,0,0,0,0,0,0,0,0,0,0,0,0,0,127,436,0,198,10,0,5,0,2949,83,0,0,42,0,152,0,0,11,0,0,0,15,0,0,0,20,0,0,3100,0,0,15,0,0,0,0,0,0,7,2,3193,480,1294,419,227,0,0,47,0,113,4,0,0,381,252,0,0,0,0,15,0,0,6993,0,0,0,5,0,0,3,0,6,0,0,0,0,0,1619,475,107,41,0,0,8,0,589,0,19,57,4,4,0,0,11,125,0,7,589,0,4,0,0,0,0,248,47,2,80,65,26,2,66,4430,0,11,2,119,0,5,41,6,0,3,0,0,1581,1666,21,365,0,28,200,419,5,414,0,6,3067,61,0,0,0,0,0,34,0,0,22,48,0,0,383,115,0,61,0,3681,152,10,42,0,11,0,0,136,0,0,0,0,0,0,120,0,0,0,0,11,0,0,13,0,0,556,8,0,0,43,10,7,0,46,0,0,0,12,0,0,18,8,0,0,0,0,0,0,0,0,35,0,0,0,199,0,0,11,0,0,0,0,0,444,0,0,770,0,0,0,0,1386,0,0,0,0,0,836,0,0,91
I15,9,11,116,0,0,387,0,173,4766,0,4,0,0,0,0,33,0,125,0,685,0,0,6,0,3,3,0,678,235,2,0,0,0,2,0,0,0,0,0,0,0,0,0,0,0,95,119,0,18,0,18,0,0,3110,25,0,0,22,0,89,0,0,0,0,0,0,24,27,0,0,0,0,0,2666,0,0,0,0,6,0,0,0,0,0,0,3607,585,1294,84,384,6,0,81,0,169,0,0,0,539,31,0,0,0,0,4,0,0,4865,2,0,0,0,0,0,0,0,7,0,0,2,0,0,106,857,121,148,19,0,0,0,790,0,44,30,0,3,0,0,3,43,0,0,252,0,0,0,0,0,0,220,14,0,81,128,0,0,49,4987,0,0,11,213,0,13,75,0,0,0,0,0,915,1973,0,186,0,31,185,373,0,221,0,3,1729,115,0,3,0,0,0,32,0,0,10,64,0,0,461,77,0,56,5,7385,113,0,0,0,0,3,0,506,0,0,0,0,0,0,109,0,0,0,0,35,0,0,4,0,0,316,2,0,0,116,34,0,36,0,0,0,0,50,5,2,0,9,0,0,2,0,0,9,0,0,0,0,0,0,441,0,0,3,17,0,0,0,0,125,10,13,1051,0,0,0,0,629,0,0,2,0,0,976,0,0,36
I17,39,0,7,0,0,688,0,219,7670,0,32,0,0,0,9,28,0,195,0,963,0,0,0,0,0,10,0,1394,593,0,0,0,0,0,0,0,0,0,0,0,0,0,0,0,0,192,394,0,66,0,3,2,0,1781,32,0,0,15,0,127,0,0,2,0,0,0,46,0,0,0,8,0,0,2684,0,0,15,0,0,0,0,0,0,11,9,3421,582,1851,216,474,0,0,55,0,293,8,0,0,541,181,0,0,0,0,36,0,0,3139,0,0,0,0,0,0,6,0,0,0,0,0,0,0,197,602,353,79,18,5,10,0,422,0,16,12,2,0,0,0,0,32,0,0,367,0,6,0,0,0,0,329,5,18,36,5,26,0,57,4788,0,22,0,45,0,3,70,12,0,0,0,0,1398,2880,25,536,0,30,175,413,0,207,0,0,1876,117,0,0,0,0,0,98,0,0,11,97,0,0,493,114,0,0,0,3959,198,0,11,0,0,0,0,136,0,0,0,2,0,0,99,0,0,0,0,0,0,0,7,0,0,162,3,0,0,141,4,15,4,10,0,0,0,0,0,0,0,9,0,0,0,0,0,0,0,0,3,0,0,0,276,0,0,0,6,0,0,0,0,183,0,13,1090,0,0,0,0,926,0,0,3,0,2,572,7,0,144
I19,27,0,5,0,0,944,0,266,8714,0,14,0,0,0,3,27,5,203,2,1153,0,0,0,0,4,0,0,1627,172,0,0,0,0,0,0,0,0,0,0,0,0,0,0,0,0,187,422,0,50,3,0,0,0,1041,41,0,0,22,0,177,0,0,0,0,0,0,49,0,0,0,14,0,0,2602,0,0,0,0,0,0,0,0,0,13,0,3591,447,1695,141,333,0,0,99,3,277,7,0,0,476,150,0,0,0,5,59,0,0,3422,4,0,0,7,0,0,0,0,0,0,0,0,0,0,51,432,312,35,0,0,12,0,460,0,55,17,0,11,0,0,3,46,0,0,167,0,0,0,0,0,0,354,0,0,87,4,38,0,55,5274,0,13,14,30,0,0,62,8,0,3,0,0,1538,3364,11,385,0,33,113,436,0,148,0,0,697,75,0,0,0,0,0,15,0,0,10,90,0,0,506,104,0,0,0,2961,234,0,20,0,0,0,0,19,0,0,0,0,0,0,128,0,3,0,0,3,0,0,7,0,0,136,11,0,0,120,8,0,0,12,0,0,0,0,0,0,0,0,0,0,0,0,0,0,0,0,0,0,0,0,495,0,0,8,6,0,0,0,0,213,0,4,1340,0,0,0,0,865,0,0,0,0,0,673,3,0,145
I21,54,0,0,0,0,999,0,231,5078,0,23,0,0,7,4,42,6,401,3,1797,0,2,14,4,11,2,0,1433,796,11,0,0,0,0,2,0,4,11,0,0,0,0,0,0,0,193,386,0,135,2,0,0,0,1622,26,0,4,20,8,283,3,0,0,0,0,0,42,0,0,0,21,0,0,2081,0,0,3,0,0,0,0,0,0,38,0,5896,1022,1218,326,723,0,0,15,0,497,0,0,0,791,391,0,0,0,0,19,0,0,1375,2,0,0,0,0,0,4,0,2,0,0,0,0,0,514,1177,235,130,24,0,4,0,484,0,84,18,0,18,3,10,6,77,0,0,268,0,16,0,0,4,0,393,37,0,154,10,43,0,141,5010,0,0,0,19,0,3,94,8,0,10,3,0,1068,6020,15,978,0,28,293,872,0,67,0,4,547,62,0,0,3,0,0,166,5,2,8,266,0,0,695,67,0,192,3,1218,222,0,38,0,0,0,0,5,0,0,0,0,0,0,76,0,2,0,0,0,0,0,16,0,0,113,16,0,0,128,22,2,0,8,0,0,0,0,0,0,0,0,0,0,0,0,0,0,9,0,0,0,14,0,217,0,0,23,46,0,0,0,0,106,0,13,1853,0,0,0,0,364,0,0,0,0,0,742,0,0,117
I22,53,13,8,0,0,746,0,168,8567,0,27,0,0,0,0,36,2,331,6,1510,0,0,2,0,4,25,0,1275,378,16,0,0,0,0,0,0,0,0,0,0,0,0,0,0,0,173,320,0,160,8,0,13,0,1200,0,0,2,28,0,140,0,3,2,0,5,0,47,0,0,0,4,0,0,3351,0,0,0,6,0,0,0,0,0,12,0,3094,332,1979,202,501,0,0,21,0,235,8,2,0,335,131,0,16,0,0,43,0,0,1131,9,17,0,9,0,0,2,0,6,0,0,0,0,0,241,381,234,16,5,0,13,4,521,0,19,20,0,19,9,4,8,100,8,3,131,0,10,0,2,0,0,352,2,2,45,11,54,0,97,5173,0,13,6,69,0,8,123,0,0,0,0,0,1607,3136,24,692,0,37,89,383,0,248,0,9,2234,179,0,0,4,0,0,7,0,0,6,103,0,0,574,161,0,34,0,5138,253,5,0,0,0,0,0,38,0,0,0,0,0,0,47,0,0,15,0,8,0,0,23,3,0,252,11,0,0,123,9,0,0,10,4,5,0,14,0,0,0,13,0,0,0,0,0,5,5,8,0,0,8,0,314,0,0,10,0,0,0,0,0,306,3,13,490,0,0,0,0,1680,0,0,0,0,0,810,7,0,92
I23,16,0,13,0,0,623,0,256,6617,0,18,0,0,0,10,8,0,211,12,1194,0,0,2,3,5,3,0,1561,535,14,0,0,0,0,0,0,0,0,0,0,0,0,0,0,0,85,227,4,45,6,0,2,0,1334,20,0,0,14,0,159,0,0,0,0,0,0,13,36,0,0,4,0,0,3090,0,0,0,0,0,2,0,0,0,0,0,4915,990,1727,256,369,0,0,33,0,216,0,3,0,572,139,0,0,0,4,3,0,0,3325,0,9,0,0,0,0,0,0,0,0,0,0,0,0,63,848,127,186,4,0,0,0,488,0,29,17,0,9,3,0,5,47,0,0,170,0,4,2,0,0,0,279,24,0,76,60,63,0,81,6412,0,5,18,103,0,4,50,4,0,0,0,0,1474,3337,3,171,0,24,238,456,0,206,0,0,1024,140,0,0,0,0,0,97,0,0,18,106,0,0,514,116,0,113,0,4328,229,0,15,0,0,0,0,29,0,3,0,2,0,0,118,2,0,7,0,19,0,0,0,2,0,260,8,0,6,167,34,23,0,10,0,0,0,6,0,0,0,3,0,0,0,0,0,0,0,0,0,0,0,0,245,0,0,8,8,0,0,0,0,228,6,0,1553,0,2,0,0,868,0,0,0,0,0,983,0,0,38
I25,18,5,0,0,0,808,0,160,6318,0,29,0,0,0,9,23,3,386,0,1229,0,0,3,0,2,4,0,1485,419,4,0,0,0,0,0,0,0,0,0,0,0,0,0,0,0,115,265,4,60,0,2,0,0,1865,53,0,0,31,0,142,0,0,0,0,0,0,12,35,0,0,28,0,0,2705,0,0,0,0,0,0,0,0,0,5,0,4077,616,1325,174,312,0,0,36,0,207,0,2,0,525,134,0,0,0,0,22,0,0,4679,2,11,0,0,0,0,4,0,0,0,0,0,0,3,88,647,172,68,0,0,9,0,445,0,164,18,0,15,0,0,0,76,0,0,258,0,0,0,0,0,0,266,9,0,70,20,63,0,72,5934,0,0,9,51,0,3,70,6,0,0,0,0,1126,3633,15,326,0,21,132,637,0,132,0,0,692,104,0,0,5,0,0,8,0,0,6,142,0,0,564,69,2,49,0,3936,181,0,15,0,0,0,0,15,0,0,0,0,0,0,83,0,2,5,0,13,0,2,13,0,0,232,5,0,0,119,20,7,0,0,4,0,0,14,0,0,0,0,0,0,0,0,0,0,6,0,0,0,8,0,272,0,0,10,15,0,0,0,0,217,0,0,1790,0,0,0,0,1156,0,0,0,0,0,827,0,0,67
I28,34,0,29,0,0,1226,0,201,6367,0,12,0,0,0,17,30,0,392,3,1168,0,0,7,0,3,10,7,1680,685,17,0,3,0,0,0,0,0,6,0,0,0,0,0,0,0,235,289,0,132,0,0,10,0,1106,64,0,0,12,0,235,0,0,2,0,0,0,21,0,0,0,4,0,0,2119,2,0,0,3,0,0,0,0,0,6,2,4023,453,1060,222,872,0,0,38,0,331,5,0,0,514,298,0,0,0,0,29,0,0,4268,0,8,0,4,0,0,0,0,13,0,0,0,0,0,328,727,240,57,15,0,14,0,615,0,50,26,0,11,0,4,0,54,0,0,155,0,6,0,0,0,0,507,23,0,200,5,57,2,115,4075,0,10,22,52,0,0,82,13,0,7,0,0,1309,3742,112,729,0,32,138,707,0,166,0,14,1801,51,0,0,0,0,0,139,0,0,8,114,0,0,497,106,0,64,0,2740,147,0,25,0,0,0,0,89,0,0,0,0,0,0,139,0,2,6,0,0,0,0,0,0,0,181,7,5,0,92,4,0,0,13,0,0,0,5,0,0,0,5,0,0,0,0,0,0,4,4,0,2,9,0,231,0,0,14,17,0,0,0,0,134,0,13,1379,0,0,0,0,1143,0,0,0,0,0,555,0,0,203
I29,24,19,15,0,0,576,0,245,6145,0,9,0,0,0,0,47,0,196,15,1028,0,12,7,0,8,5,0,1285,523,21,0,0,0,0,0,2,0,0,0,0,0,0,0,0,0,143,271,0,109,6,0,3,0,1638,38,0,0,30,0,131,0,0,0,0,0,0,49,12,0,0,14,0,0,3286,0,0,5,0,0,3,0,0,3,6,0,2771,578,1651,161,494,0,0,58,0,196,14,0,3,451,127,0,0,0,3,20,0,0,3302,6,40,0,0,0,0,3,0,0,0,0,0,0,0,156,580,371,97,13,0,13,0,532,0,122,16,0,21,0,0,12,65,0,0,216,0,2,0,0,0,0,225,6,0,75,39,37,0,113,5337,0,26,0,89,0,0,108,13,0,0,0,0,1463,2393,14,352,30,16,150,234,0,256,0,3,1776,172,0,0,8,0,0,20,6,6,40,125,0,0,476,122,0,123,7,6329,195,3,6,0,0,0,0,202,0,0,0,0,0,0,109,3,3,5,2,17,0,0,9,0,0,377,19,2,7,84,12,0,0,15,0,0,0,37,0,0,0,14,0,0,2,0,0,0,2,0,0,2,0,0,390,0,0,9,0,0,0,0,0,279,4,8,1226,0,0,0,0,805,0,0,0,0,0,968,0,0,70
I31,26,0,9,0,0,618,0,287,4914,0,177,0,0,0,20,25,0,505,9,1857,0,0,15,0,18,8,8,913,725,28,0,0,0,5,0,0,0,4,0,0,2,0,0,0,0,44,368,9,439,3,52,6,0,1614,137,0,0,44,0,115,0,0,35,0,0,0,18,140,0,0,18,0,0,2179,0,0,0,0,4,0,0,0,0,10,0,3297,1129,916,138,524,0,0,48,0,261,2,0,0,528,156,0,7,0,2,7,0,3,4199,2,6,0,0,0,0,5,0,21,0,0,0,0,0,167,825,339,94,7,0,14,0,483,0,68,13,6,13,0,0,0,117,0,0,624,0,4,0,0,0,5,317,83,0,107,431,33,0,106,4522,0,2,2,78,0,12,182,0,0,0,0,0,571,3068,3,388,0,34,122,456,0,133,0,15,688,84,0,0,0,0,0,156,12,0,0,207,4,0,366,52,3,76,2,3573,156,0,16,0,0,14,0,57,0,0,0,0,0,0,138,0,0,0,0,35,0,0,11,0,0,272,8,2,12,151,250,17,59,0,4,0,0,3,0,0,0,3,0,0,0,0,0,16,8,6,0,0,0,0,148,0,0,11,10,0,0,0,0,168,0,7,2553,0,0,0,0,903,0,0,0,0,0,708,0,0,63
I33,19,0,11,0,0,674,0,235,4414,0,33,0,0,0,21,17,0,295,4,2438,0,0,0,0,7,0,8,1450,710,78,0,0,0,0,0,0,0,0,0,0,2,0,0,0,0,77,372,8,147,0,46,15,0,1979,48,0,0,45,0,154,0,0,2,0,0,0,14,64,0,0,24,0,0,1786,0,0,0,3,0,0,0,0,0,2,0,4769,1598,906,218,486,0,0,16,0,405,4,0,0,465,177,0,0,0,4,17,0,0,6757,9,0,0,3,0,0,0,0,0,0,0,0,0,0,152,1405,221,254,15,0,22,0,533,0,236,7,0,6,3,0,12,97,0,5,442,0,12,2,0,0,0,367,87,0,115,539,0,0,120,4943,0,8,14,185,0,34,148,0,0,0,0,0,1364,3233,2,292,15,20,294,593,0,133,0,5,584,228,0,2,0,0,0,469,0,6,7,112,0,0,447,13,0,413,6,2672,180,0,7,0,0,19,0,4,0,0,0,0,3,0,141,5,0,2,4,16,0,0,0,0,4,76,12,0,0,274,81,10,2,14,0,4,0,0,9,0,0,0,0,0,0,0,0,4,0,0,0,0,0,0,207,0,0,12,23,0,0,0,0,204,19,6,1797,0,0,0,0,930,0,0,2,0,0,2335,0,0,67
I35,34,10,0,0,0,818,0,311,4775,0,12,0,0,0,23,23,17,281,4,801,0,0,7,0,9,14,0,1796,365,65,0,0,0,0,0,0,0,3,0,0,0,0,0,0,0,199,253,3,154,0,0,6,0,3727,100,0,0,27,0,153,0,0,3,0,0,0,39,5,0,0,12,0,0,1504,0,0,4,0,0,0,0,0,0,14,0,3266,807,689,146,686,0,0,44,0,132,0,0,0,494,83,0,0,3,0,18,0,0,8085,6,0,0,0,0,0,0,2,5,0,0,0,0,0,216,330,266,62,15,0,0,0,212,0,59,9,0,5,0,0,9,50,0,0,468,0,3,0,0,8,0,293,14,0,54,11,29,0,90,3491,0,16,25,10,0,2,108,0,0,2,4,0,1357,3725,13,447,0,7,142,584,0,99,0,0,522,150,0,2,0,0,0,186,0,2,28,315,0,0,373,74,0,61,0,4122,61,0,62,0,0,0,0,11,0,0,0,0,0,0,114,0,0,0,0,0,0,0,12,0,0,42,4,0,0,103,16,17,0,16,5,0,0,6,0,0,0,0,0,0,0,0,0,9,4,0,3,0,14,0,189,0,0,13,23,0,0,0,0,140,0,0,1313,0,0,0,0,809,0,0,6,0,6,834,0,0,68
I39,26,5,4,0,0,1022,0,269,1587,0,24,0,0,0,8,43,2,128,23,571,0,15,7,0,0,3,0,1915,1601,10,0,0,0,0,0,3,0,0,0,0,0,0,0,0,0,132,362,15,247,0,21,0,0,1272,0,0,5,20,0,156,0,0,0,0,3,6,60,76,0,0,17,0,0,1995,0,0,5,0,0,0,0,0,0,31,0,5239,1909,887,126,1008,8,0,0,0,498,0,3,0,952,79,0,0,0,0,0,0,0,1689,22,6,0,7,0,0,0,0,0,0,0,3,0,0,142,2817,339,329,8,0,27,0,734,0,32,0,0,7,5,5,3,35,0,0,474,0,5,2,0,0,4,474,107,5,278,74,43,0,149,5883,0,30,0,96,0,8,109,8,0,0,0,0,1572,4594,0,463,0,58,209,613,0,39,0,4,174,211,0,0,2,0,0,45,0,3,13,139,0,0,559,40,0,99,0,2282,231,0,0,0,0,16,0,0,0,0,0,3,0,0,166,0,0,6,0,49,0,0,0,0,0,59,9,0,0,195,56,9,26,0,7,0,0,0,0,0,0,0,0,0,0,0,0,0,5,14,0,0,23,0,134,0,0,6,17,0,0,0,0,83,0,0,1800,4,0,0,0,310,0,0,0,0,0,858,0,0,171
I41,22,10,46,3,0,776,0,239,9681,0,7,0,0,0,17,37,0,416,9,491,0,0,18,0,12,11,0,1157,529,30,0,0,0,0,0,4,0,3,0,0,0,0,0,0,0,207,226,8,168,0,15,15,0,1894,55,0,3,22,4,140,0,22,39,0,0,0,61,0,0,0,14,0,0,1889,0,0,0,5,2,5,0,0,0,5,0,3146,591,977,258,809,0,0,13,0,257,6,0,3,408,201,0,0,0,0,16,0,0,3864,14,4,0,0,18,0,14,0,16,0,0,0,0,0,148,640,308,80,6,0,21,0,563,0,58,20,0,32,3,0,4,45,0,0,521,0,0,0,0,0,4,253,12,0,134,28,22,0,63,4192,0,23,25,34,0,0,94,16,0,0,0,0,909,3135,21,410,10,24,118,314,0,183,0,6,2355,93,0,0,2,0,0,65,0,0,5,161,0,0,373,54,0,35,0,4482,156,0,0,0,0,0,0,77,0,5,0,0,0,0,107,0,3,4,2,2,0,0,13,2,5,195,3,0,0,132,19,3,0,17,10,6,0,9,0,0,0,0,0,0,0,0,0,0,0,10,3,0,37,0,160,0,2,9,22,0,0,0,0,330,0,5,1290,0,0,0,0,1352,0,0,3,0,0,822,0,2,184
I43,11,20,0,0,0,1007,0,318,4620,0,68,0,2,0,0,13,0,372,43,474,0,3,12,0,0,9,0,1758,367,19,0,5,0,0,0,0,0,0,0,0,0,0,0,0,0,131,268,5,97,0,6,4,0,834,2,0,0,25,0,127,0,0,0,0,0,0,15,36,0,0,28,0,0,2975,0,0,0,10,6,0,0,0,0,4,0,3851,871,1334,266,785,0,0,19,0,295,0,0,0,618,185,0,0,0,4,15,0,0,1898,4,0,0,3,0,0,5,0,0,0,0,0,0,0,98,1310,235,113,7,0,9,0,952,0,36,9,3,15,0,0,0,54,0,0,148,0,4,0,0,0,0,288,21,0,83,29,37,0,117,5445,0,8,0,77,0,6,124,7,0,0,0,0,1469,3654,8,250,0,37,148,366,0,185,0,0,2022,131,0,0,0,0,0,7,0,0,26,137,0,0,518,61,0,68,0,6914,187,3,3,0,0,0,0,239,0,0,0,0,0,0,104,0,0,0,0,3,0,0,10,0,2,540,0,0,7,140,13,11,8,5,2,0,0,6,0,0,0,0,0,0,0,0,0,2,0,0,0,0,22,0,249,0,0,4,5,0,0,0,0,218,0,0,1761,0,0,0,0,910,0,0,0,0,0,1221,0,0,42
I46,35,27,0,0,0,925,0,362,3580,0,16,0,0,0,3,29,24,415,9,532,0,0,0,0,0,12,0,2254,441,41,0,0,0,0,0,0,0,2,0,0,0,3,0,0,0,133,207,3,173,5,4,16,0,905,37,0,0,20,3,118,0,0,2,0,0,0,34,0,0,0,56,0,0,1931,0,0,0,0,5,2,0,0,0,7,0,3445,424,912,214,925,0,0,113,0,269,0,0,0,578,275,0,0,0,0,32,0,0,5571,10,0,0,0,0,0,0,0,10,0,0,0,0,0,218,534,222,58,0,0,0,0,560,0,54,103,5,0,0,0,8,49,0,0,178,0,0,0,0,0,0,253,9,0,227,6,24,0,113,3558,0,9,6,36,0,4,71,12,0,2,2,0,1305,4095,22,604,0,3,132,383,0,171,0,3,2488,73,0,0,4,0,0,46,0,0,2,193,2,0,360,86,0,177,0,5290,108,5,19,0,0,0,0,857,0,0,0,0,0,0,249,0,0,0,0,0,0,0,0,2,9,588,0,0,0,102,0,29,0,0,0,0,0,17,0,0,0,0,0,0,0,0,0,0,2,5,0,0,7,0,204,0,0,13,5,0,0,0,0,108,0,15,1230,0,0,0,0,1368,0,0,0,0,0,587,0,0,56
I47,32,0,8,0,0,874,0,383,2882,0,0,0,0,0,8,10,13,336,11,410,0,0,5,0,9,10,0,1421,644,13,0,0,0,0,0,0,0,0,0,0,3,0,0,0,0,81,225,12,130,2,11,0,0,918,50,0,0,17,0,112,0,0,22,0,0,0,41,11,0,0,20,0,0,2117,0,0,0,0,0,0,0,0,0,10,0,5315,1301,517,103,1074,0,0,55,0,401,0,0,0,746,108,0,0,0,0,0,0,3,6093,2,0,0,3,0,0,7,0,0,0,0,0,0,0,155,1601,313,143,21,0,24,0,440,0,106,19,0,8,7,5,9,27,0,0,273,0,2,3,0,0,0,395,45,0,171,53,39,0,119,5430,0,12,10,86,0,11,100,18,0,5,0,0,1108,4259,0,407,0,20,152,482,0,72,0,0,806,211,0,0,3,0,0,53,0,0,5,171,0,0,446,34,4,121,0,5936,229,0,0,0,7,0,0,121,0,0,0,0,0,0,226,0,0,0,0,7,0,0,0,0,0,176,3,0,0,193,72,44,32,11,0,0,0,9,0,0,0,0,0,0,0,0,0,8,0,3,0,0,5,2,91,0,0,20,24,0,0,0,0,64,0,12,1831,0,0,0,0,588,0,0,0,0,0,1161,9,0,136
I49,44,21,0,0,0,731,0,189,5236,0,8,0,0,0,6,34,13,432,9,234,0,0,0,0,3,11,0,1378,575,91,0,0,0,0,0,0,0,0,0,0,0,0,0,0,0,76,145,0,191,4,13,33,0,1154,66,0,0,11,0,72,2,0,7,0,0,0,51,0,0,0,21,0,0,1761,0,0,0,3,6,0,0,0,0,10,0,3217,489,954,220,1668,0,0,153,0,250,9,3,0,507,155,0,0,6,0,31,0,0,6260,0,0,0,5,34,0,7,0,13,0,0,0,0,0,236,383,168,49,0,0,8,0,764,0,40,45,11,15,0,0,0,26,0,0,185,0,4,0,0,0,0,284,0,0,132,30,26,0,67,3658,0,11,5,111,0,6,76,8,0,2,0,0,1050,3529,10,681,5,4,102,277,0,335,0,6,3484,124,0,0,0,0,0,75,0,0,17,175,0,0,489,86,3,30,0,9940,77,5,30,0,0,2,0,594,0,0,0,0,0,0,161,0,0,7,3,2,5,0,14,5,2,625,2,0,0,96,8,47,0,28,3,0,0,17,0,0,0,7,0,0,0,0,0,4,5,3,0,0,0,0,255,0,0,15,22,0,0,0,0,136,7,6,1230,0,0,0,0,1234,0,0,0,0,0,687,0,0,122
I51,32,16,3,0,0,863,0,329,3375,0,8,0,0,0,9,21,10,235,13,300,0,0,17,0,0,11,0,1647,519,23,3,0,0,5,0,3,0,0,0,0,0,0,0,2,0,124,196,13,296,0,38,6,0,2149,68,0,0,19,0,114,4,4,17,0,0,0,50,54,0,0,2,0,0,1599,0,0,0,0,4,0,0,0,0,12,4,3447,1066,674,60,742,152,0,27,0,343,0,4,0,599,34,0,0,4,0,6,0,0,5796,21,20,0,0,0,0,0,0,9,0,0,0,0,0,116,1479,183,143,22,0,11,0,847,0,37,22,0,4,0,11,0,31,0,0,1303,0,0,4,2,0,9,333,30,0,186,82,21,0,123,4184,0,17,16,120,0,15,104,9,0,0,0,0,1238,3578,6,265,0,18,115,341,0,105,0,13,1380,124,0,0,0,0,0,57,0,0,18,166,0,0,419,51,0,78,0,6165,158,0,34,0,4,0,0,300,4,0,0,0,0,0,166,0,2,5,0,55,0,0,7,3,0,130,0,0,0,158,278,18,169,13,4,0,0,45,5,2,0,0,0,0,0,0,0,16,0,0,0,0,0,0,266,0,0,6,22,2,0,0,0,187,8,0,1322,0,0,0,0,370,0,0,0,0,0,711,0,0,36
I53,25,0,8,0,0,1004,0,164,5924,0,16,0,0,0,6,62,0,278,16,408,0,14,13,3,2,4,0,2105,1024,8,0,0,0,0,0,0,0,0,0,0,0,0,0,0,0,163,487,7,244,4,2,2,0,2366,49,0,0,15,0,162,2,0,6,0,0,2,83,4,0,0,9,0,0,3094,0,0,2,2,8,0,0,0,0,15,0,3466,899,1440,147,739,10,0,54,0,360,0,0,0,716,119,0,0,0,0,26,0,0,3998,0,5,0,0,0,0,3,0,6,0,2,0,0,0,111,885,374,171,10,0,0,0,919,0,75,16,7,2,0,0,11,62,0,0,619,0,0,0,4,2,0,407,33,5,116,20,0,0,98,5603,0,14,16,111,0,0,123,12,0,0,0,0,2026,4434,14,388,0,105,121,472,0,171,0,10,2035,235,0,3,0,0,0,115,0,0,23,128,0,0,750,115,5,38,0,4474,254,0,31,0,4,0,0,409,0,0,0,0,0,0,116,0,0,0,0,0,0,0,8,0,0,376,12,0,4,224,23,15,0,0,2,0,0,11,0,0,6,5,0,0,0,0,0,0,0,0,4,0,0,2,569,0,0,10,2,0,0,0,0,191,5,9,1315,0,0,0,0,957,0,0,0,0,0,1283,9,0,240
I55,45,0,154,0,0,320,0,118,7876,0,23,0,3,0,12,93,0,75,27,3071,0,8,7,0,25,8,0,736,972,41,0,0,0,0,0,7,0,2,0,0,9,0,0,0,0,101,288,8,284,5,9,9,0,5050,45,0,0,105,3,307,0,6,97,0,0,0,48,3,0,0,11,0,0,2941,0,0,10,5,23,0,0,0,0,20,0,4032,1298,1961,163,465,0,0,22,0,377,0,3,0,577,111,0,6,0,5,24,0,0,5206,26,9,0,6,0,0,10,159,5,0,0,2,0,0,269,1559,448,165,10,0,30,0,606,0,26,14,4,41,0,25,13,178,0,5,780,0,17,3,2,0,14,452,68,0,40,134,25,0,112,6729,0,21,54,332,5,23,126,24,0,0,0,0,1241,1617,59,302,3,39,246,574,0,196,0,12,3161,257,0,3,0,0,2,107,0,0,5,38,9,0,526,95,2,483,0,2385,317,4,9,0,0,0,0,29,0,0,0,2,9,0,100,11,0,0,0,139,9,0,16,0,0,151,16,0,10,71,86,51,36,18,6,4,0,20,0,2,0,98,0,0,0,0,8,0,8,0,0,0,33,0,589,0,5,0,14,7,0,5,0,307,0,11,866,0,0,0,0,648,3,0,7,0,12,1362,39,0,166
I57,53,0,11,0,0,436,0,121,5592,0,22,0,0,0,0,45,0,87,6,2102,0,0,6,0,13,2,8,408,341,0,0,0,0,0,0,0,0,0,0,2,0,0,0,0,0,52,136,0,56,2,0,12,0,1777,12,0,4,64,0,210,0,0,5,0,0,2,43,0,0,0,0,0,0,2119,0,0,0,0,5,19,0,0,0,0,0,3988,557,2061,16,115,0,0,321,0,125,2,0,0,351,0,0,0,8,4,9,0,0,10903,16,3,0,0,0,0,6,0,27,0,0,0,0,0,49,475,169,20,4,5,0,0,211,0,593,130,0,19,6,6,8,94,0,0,347,0,21,0,0,0,0,264,6,2,31,2,40,0,42,4403,0,2,11,44,0,0,63,5,0,0,0,0,791,1730,7,207,4,26,93,574,2,114,0,3,917,57,0,0,0,0,0,27,0,3,7,42,0,0,530,33,0,75,0,1669,98,0,10,0,0,0,0,110,0,0,0,0,0,0,200,0,3,0,0,11,0,0,13,0,2,101,11,0,0,66,18,68,0,20,0,2,0,0,0,0,0,7,0,0,0,0,0,0,5,0,0,0,0,0,2394,0,0,13,5,0,0,0,0,252,0,31,628,0,0,0,0,548,0,0,0,0,0,578,6,12,60
I59,49,0,0,0,0,757,0,200,4569,0,77,0,0,0,19,44,13,528,0,2332,0,24,20,0,0,0,0,711,757,15,0,5,0,0,0,4,0,2,0,0,0,0,0,0,0,261,394,0,359,4,0,0,0,534,71,0,8,17,0,345,0,0,3,0,0,0,48,0,0,0,34,0,0,422,0,0,9,11,0,0,0,0,0,21,0,5889,642,1453,123,493,0,0,23,0,208,0,0,0,679,242,0,0,5,11,33,0,0,3632,18,18,0,12,0,0,0,2,0,3,0,0,2,2,664,324,485,64,0,0,13,0,186,0,120,6,0,24,0,23,10,132,0,0,388,0,5,0,0,4,0,296,88,4,341,0,141,0,48,3042,0,37,45,0,0,0,567,5,0,0,0,0,522,5755,66,913,5,5,168,1186,0,37,0,0,129,35,0,0,6,0,0,391,0,0,12,211,0,0,713,37,0,170,0,1269,20,0,16,0,7,0,0,0,0,0,0,0,0,0,110,0,0,2,0,0,0,0,0,0,0,61,5,0,0,75,16,7,0,22,9,3,0,0,0,0,0,0,0,0,0,0,0,0,11,0,0,0,8,2,120,0,0,16,29,0,0,0,0,88,0,0,1421,0,0,0,0,1611,0,0,0,0,0,141,5,0,168
I61,24,0,0,0,0,746,0,215,6955,0,21,0,0,0,2,27,0,284,7,683,0,0,8,0,4,0,0,1134,408,15,0,0,0,0,0,0,0,3,0,0,0,0,0,0,0,108,355,0,174,0,0,0,0,2519,38,0,0,15,0,198,0,0,0,0,0,0,56,0,0,0,29,0,0,2388,0,0,0,4,4,0,0,0,0,17,0,4562,453,2221,194,477,0,0,40,0,274,0,0,0,489,159,0,0,6,0,36,0,0,3035,0,0,0,6,0,0,8,0,5,0,0,11,0,0,145,259,399,45,6,0,0,0,404,0,56,22,0,16,7,0,5,82,0,4,365,0,6,0,0,0,0,413,9,5,91,2,148,0,115,5160,0,15,24,26,0,0,35,16,0,2,0,0,1085,3852,0,394,0,16,225,980,0,121,0,0,808,80,0,0,8,0,0,45,0,0,35,107,0,0,797,86,0,121,8,2018,114,0,15,0,0,0,0,0,0,0,0,0,0,0,125,0,0,5,0,0,0,0,16,0,0,256,8,0,11,134,18,26,0,20,3,7,0,0,0,0,0,0,0,0,0,0,0,0,0,0,3,0,0,0,418,10,0,0,5,0,0,0,0,80,0,0,1038,0,0,0,0,1506,0,0,0,0,0,480,0,0,212
I63,35,0,7,0,0,649,0,41,6398,0,0,0,0,0,5,86,2,418,18,12,0,94,13,0,26,18,2,554,1613,70,0,0,0,0,0,0,0,2,0,0,0,0,0,0,0,268,93,0,272,5,0,17,21,1383,64,5,5,26,0,311,0,0,21,0,0,17,122,0,0,0,15,0,0,1614,0,8,11,15,0,0,0,0,0,11,5,5033,435,1812,273,494,6,0,48,0,589,8,0,0,362,240,0,20,4,14,32,0,0,3880,33,0,0,24,0,4,5,19,0,6,9,6,0,0,701,618,199,27,7,0,15,0,491,0,181,48,0,33,4,25,52,0,0,0,364,0,12,0,0,0,8,250,93,16,210,0,216,0,207,4970,0,94,54,35,0,19,259,30,0,0,0,0,615,2659,93,1467,58,19,307,831,0,98,0,19,377,86,0,0,5,4,0,151,0,0,25,157,0,0,284,35,0,141,2,1643,155,2,19,0,0,0,0,8,0,0,0,0,0,0,125,6,4,0,0,12,3,0,19,0,0,53,36,0,0,111,14,16,0,49,27,5,0,0,0,0,0,6,0,0,0,0,0,0,12,10,2,0,20,0,247,0,0,19,15,0,0,0,0,212,8,0,877,0,6,0,0,1670,0,0,0,0,6,580,47,2,391
II73,32,0,6,0,0,763,0,343,4988,0,8,0,0,0,0,15,10,601,6,356,0,0,2,9,0,5,0,1533,297,5,0,0,0,0,0,0,0,3,0,0,0,0,0,0,0,109,160,0,54,0,0,0,0,3167,53,0,0,0,8,196,0,0,0,0,0,0,13,0,0,0,41,0,0,2280,0,0,4,0,0,0,0,0,3,0,0,3633,414,1852,296,507,0,0,67,0,176,0,0,0,605,198,0,0,0,5,12,0,0,4314,26,0,0,3,0,0,4,0,0,0,0,0,0,0,160,196,198,42,21,0,0,0,285,0,143,37,0,16,0,4,0,50,0,3,185,0,10,0,5,4,0,251,14,4,115,7,124,0,55,4791,0,11,11,44,0,3,53,7,0,0,0,0,892,6534,11,537,3,8,100,539,0,120,0,0,965,62,0,0,0,0,0,89,0,0,32,207,0,0,755,91,0,65,6,3346,153,0,56,0,0,0,0,33,0,0,0,0,0,0,155,0,0,9,0,4,0,0,10,0,2,220,39,0,9,142,0,11,0,22,4,0,0,0,0,0,0,17,0,0,0,0,0,0,0,2,0,0,8,2,189,2,0,7,18,0,0,0,0,87,5,38,1088,0,0,0,0,1926,0,0,0,0,2,326,5,0,68
II75,59,0,0,0,0,1095,0,276,4429,0,44,0,0,0,17,58,11,329,0,1651,0,7,9,0,0,7,9,774,536,19,0,0,0,0,0,0,0,0,0,0,0,0,0,0,0,233,414,0,162,0,0,6,0,432,20,0,0,28,0,330,0,0,0,0,0,0,63,0,0,0,23,0,0,1624,0,3,4,2,0,7,0,0,0,10,2,8324,936,2483,29,629,0,0,8,0,220,14,0,3,1065,66,0,0,7,8,37,0,0,1423,29,0,0,10,0,0,4,5,0,0,0,0,0,0,346,404,270,72,8,0,20,0,315,0,72,0,0,7,5,11,8,151,0,3,165,0,15,2,0,0,0,467,51,3,190,0,250,0,52,4355,0,31,12,15,0,0,264,6,0,0,0,0,622,7861,35,810,8,0,148,2220,0,37,0,0,276,13,0,0,5,0,0,94,0,0,20,196,0,0,1185,18,0,397,0,1799,56,0,22,0,0,0,0,6,0,0,0,0,0,0,103,0,3,0,0,0,0,0,0,0,0,79,0,0,0,88,0,7,0,16,0,2,0,0,0,0,5,0,0,0,0,0,0,0,3,4,0,0,0,7,215,0,0,0,6,0,0,0,0,80,0,7,1848,0,2,0,0,876,0,0,0,0,0,187,13,0,164
II77,28,0,34,0,0,444,0,104,7707,0,16,0,0,0,8,73,0,58,0,904,0,0,0,0,8,9,0,705,376,0,0,0,0,0,0,0,0,0,0,0,0,0,0,0,0,49,283,0,67,4,0,4,0,1414,24,0,0,22,0,232,0,0,17,0,0,0,53,0,0,0,0,0,0,3378,0,0,0,2,0,0,6,0,0,0,0,3307,399,2860,126,231,6,0,32,0,304,8,0,0,345,91,0,0,0,3,34,0,0,5777,0,0,0,0,0,0,12,0,0,0,0,0,0,0,77,493,233,76,6,0,13,0,542,0,18,27,0,10,2,0,7,73,0,0,261,0,0,0,0,0,0,518,6,2,11,15,23,0,121,6614,0,9,8,154,0,3,16,6,0,0,0,0,1270,2115,7,109,0,137,140,327,0,135,0,7,3250,88,0,3,0,0,3,77,16,0,16,45,0,0,665,71,3,390,6,2169,473,2,0,0,0,0,0,14,0,0,0,0,0,0,136,0,0,0,3,30,3,0,8,0,0,174,0,0,0,53,8,86,9,0,0,0,0,0,0,0,2,46,0,0,0,0,0,0,0,0,0,0,0,3,726,0,0,0,9,0,0,0,0,160,0,19,634,0,0,0,0,557,0,0,0,0,0,574,23,0,137
III67,12,0,56,0,0,2119,0,132,6990,0,7,0,0,0,2,54,0,95,34,790,0,5,11,0,3,35,0,426,504,18,0,0,0,0,0,5,0,0,0,0,0,0,0,0,0,73,183,0,145,8,0,5,0,1416,12,0,0,8,0,132,0,0,7,0,2,0,70,0,0,0,0,0,0,3110,0,0,23,0,9,3,0,0,0,0,6,2654,306,3379,127,274,0,0,113,0,171,0,3,0,435,79,0,0,2,4,7,0,0,3076,0,0,0,9,0,0,0,9,12,2,0,0,0,0,442,207,205,26,5,0,0,0,487,0,43,26,2,10,3,0,0,77,0,0,150,0,10,0,0,0,0,319,27,50,8,21,43,0,109,5001,0,17,23,218,0,13,95,34,0,0,0,0,973,1625,49,382,0,19,163,216,0,303,0,14,3011,124,0,0,4,0,0,8,0,2,37,54,0,0,601,125,0,0,2,6706,136,2,11,0,0,0,0,198,0,0,0,0,0,0,57,0,5,0,0,4,0,0,4,0,0,769,11,0,0,77,0,0,0,16,5,0,0,18,0,0,0,57,5,0,0,0,0,0,0,0,0,0,0,0,427,2,0,8,0,0,0,0,0,214,0,11,444,0,0,0,0,1277,0,0,0,0,0,602,0,0,108
III69,26,14,25,0,0,625,0,119,5819,0,15,0,0,0,3,29,0,220,12,611,0,0,14,0,8,42,0,632,807,24,0,3,0,0,0,5,0,0,0,0,0,0,0,0,0,167,110,0,88,7,0,0,0,936,0,0,0,14,0,197,0,0,0,0,0,0,45,0,0,0,13,0,0,2839,0,0,5,0,0,0,0,0,0,10,2,4744,293,2294,170,535,0,0,92,0,164,0,0,2,536,179,0,0,2,3,7,0,0,2359,8,0,0,0,0,0,0,0,12,0,0,0,0,0,615,478,207,26,4,0,10,0,472,0,79,47,3,0,10,6,4,86,0,0,4,0,0,5,0,0,0,348,47,3,38,22,68,2,125,5220,0,17,32,264,0,6,132,15,0,2,0,0,1061,3438,27,855,0,11,112,633,0,282,0,8,1668,80,0,0,0,0,0,9,0,0,26,89,0,0,625,81,0,151,7,6617,93,2,0,0,0,0,24,113,0,0,0,0,0,0,70,0,2,0,0,14,0,0,0,0,0,838,6,0,3,72,0,14,0,21,0,0,0,14,0,0,0,27,0,2,0,0,0,0,0,2,5,0,0,0,364,0,0,43,0,0,0,0,0,152,4,8,924,0,0,0,0,1471,0,0,0,0,0,459,0,0,100
III71,40,12,56,0,0,683,0,141,7846,0,6,0,0,0,12,48,0,183,11,1306,0,0,17,0,0,20,0,935,515,25,0,0,0,0,0,0,0,0,0,0,0,0,0,0,0,176,256,0,99,5,0,11,0,2230,60,0,0,29,0,126,0,7,0,0,4,0,78,0,0,0,0,0,0,2729,0,0,8,0,0,0,0,0,0,25,0,2994,268,1525,137,475,0,0,51,0,341,33,0,0,415,78,0,0,0,0,120,0,0,3992,3,0,0,7,0,0,9,0,15,0,0,0,0,0,98,490,272,48,6,0,5,0,902,0,25,48,0,10,0,7,6,101,0,0,405,0,11,0,0,0,6,499,5,116,58,48,13,0,105,4867,0,12,0,73,0,7,44,28,0,0,0,0,1594,2000,10,315,0,56,106,349,0,178,0,11,3149,102,0,0,4,0,0,32,0,0,5,78,0,0,419,99,0,50,0,4568,197,0,3,0,0,0,0,121,0,2,0,0,2,0,142,0,0,0,0,5,0,0,22,0,0,132,3,0,0,80,0,14,3,22,0,0,0,4,0,2,0,19,0,0,0,0,0,0,0,11,0,0,0,5,415,0,0,13,6,0,0,0,0,279,0,6,796,0,2,4,0,655,0,0,0,0,0,614,0,0,249
IV79,32,13,15,0,0,616,0,324,5368,0,16,0,0,0,3,33,29,1076,8,684,0,0,14,0,5,0,0,1699,450,36,0,0,0,0,0,2,7,0,0,0,0,0,0,0,0,168,133,0,139,6,13,8,0,674,35,3,0,14,0,194,0,2,0,0,0,0,57,7,0,0,58,0,0,1111,0,0,12,0,0,3,0,0,0,13,3,3764,924,500,168,1735,0,0,45,0,235,8,6,0,743,175,0,0,0,3,22,0,0,7491,2,0,0,0,0,0,16,0,10,0,0,0,0,2,427,561,188,81,5,0,10,0,368,0,23,31,0,13,4,2,0,92,0,0,352,0,0,0,0,0,0,327,21,196,199,47,34,0,69,2644,0,25,11,12,0,0,90,12,0,8,2,0,755,4896,19,648,0,3,141,328,0,134,0,0,1425,154,0,0,0,0,0,92,0,0,7,101,0,0,485,50,0,32,0,5614,73,11,35,0,0,0,0,58,0,0,0,0,0,0,135,16,0,9,0,6,0,0,28,0,0,207,0,0,0,90,49,10,3,13,2,6,0,8,0,0,0,7,0,0,0,0,0,10,2,0,2,0,8,0,101,0,0,16,11,0,0,0,0,170,9,0,1724,0,0,0,0,1528,0,0,0,0,0,846,0,6,109
IV81,36,18,3,0,0,1203,0,186,3208,0,9,0,0,0,14,46,23,769,9,577,0,19,15,0,0,5,0,2412,700,31,0,0,0,0,0,0,0,6,0,0,0,0,0,0,0,280,234,4,164,2,15,0,0,1452,60,0,2,18,0,211,0,2,14,0,0,0,68,19,0,0,32,0,0,1737,0,0,2,0,5,0,0,0,0,13,2,4341,822,736,115,1074,0,0,15,0,342,6,0,2,696,135,0,0,3,0,7,0,0,5297,12,0,0,0,0,0,8,0,12,0,0,0,0,0,257,998,200,92,5,0,0,0,310,0,107,37,0,18,2,5,3,47,0,0,259,0,3,0,0,0,0,323,26,0,275,20,40,0,118,2662,0,10,13,26,0,4,54,4,0,3,0,0,1062,4963,22,962,0,3,189,588,0,73,0,4,686,135,0,0,0,0,0,53,0,0,7,281,2,0,364,54,0,49,3,5317,61,0,38,0,0,2,0,76,0,0,0,0,0,0,177,0,0,8,0,7,2,0,22,0,0,163,0,0,0,129,17,0,6,20,2,4,0,9,0,0,0,0,0,0,2,0,0,7,0,0,0,0,0,0,121,0,0,20,5,0,0,0,0,125,9,0,2033,0,0,0,0,1183,0,0,0,0,0,466,0,0,103
