"sample","X0319.6G20","X0319.7L14","X11.24","Acetobacterales","Acidimicrobiales","Acidobacteriales","Alicyclobacillales","Armatimonadales","Azospirillales","B10.SB3A","B12.WMSP1","Babeliales","Bacillales","Bdellovibrionales","Blastocatellales","Blfdi19","Bryobacterales","Burkholderiales","C0119","Candidatus.Liptonbacteria","Catenulisporales","Caulobacterales","CCD24","Chitinophagales","Chlamydiales","Chloroflexales","Chloroplast","Chthoniobacterales","Chthonomonadales","Clostridia.vadinBB60.group","Clostridiales","Corynebacteriales","Cyanobacteriales","Cytophagales","Deferribacterales","Desulfitobacteriales","Diplorickettsiales","Dongiales","Elev.1554","Elsterales","Enterobacterales","Entomoplasmatales","Entotheonellales","Fimbriimonadales","Frankiales","Gaiellales","Gammaproteobacteria.Incertae.Sedis","Gemmatales","Gemmatimonadales","Group.1.1c","Haliangiales","Holophagales","Holosporales","IMCC26256","Isosphaerales","JG36.TzT.191","Kallotenuales","KF.JG30.C25","Ktedonobacterales","Lachnospirales","Lactobacillales","Legionellales","Lineage.IV","Marine.Group.II","Micrococcales","Micromonosporales","Micropepsales","Microtrichales","mle1.27","MSB.4B10","MVP.88","Myxococcales","Nitrososphaerales","Nitrosotaleales","Nitrospirales","Obscuribacterales","Oligoflexales","Opitutales","Oscillospirales","Paenibacillales","Paludibaculum","Paracaedibacterales","Pedosphaerales","Peptostreptococcales.Tissierellales","Pirellulales","Polyangiales","Propionibacteriales","Pseudomonadales","Pseudonocardiales","Pyrinomonadales","R7C24","Reyranellales","Rhizobiales","Rhodospirillales","Rickettsiales","Rokubacteriales","S085","Saccharimonadales","Salinisphaerales","SAR202.clade","Solibacterales","Solirubrobacterales","Sphingobacteriales","Sphingomonadales","Steroidobacterales","Streptomycetales","Streptosporangiales","Subgroup.13","Subgroup.17","Subgroup.2","Subgroup.7","Symbiobacteriales","Tepidisphaerales","Thermoactinomycetales","Thermoanaerobaculales","Thermomicrobiales","Tistrellales","Unclassified.Order.in.Acidimicrobiia","Unclassified.Order.in.Acidobacteriae","Unclassified.Order.in.Actinobacteria","Unclassified.Order.in.AD3","Unclassified.Order.in.Alphaproteobacteria","Unclassified.Order.in.Anaerolineae","Unclassified.Order.in.Armatimonadota","Unclassified.Order.in.Bathyarchaeia","Unclassified.Order.in.Chloroflexi","Unclassified.Order.in.Chloroflexia","Unclassified.Order.in.Cyanobacteria","Unclassified.Order.in.Desulfobacterota","Unclassified.Order.in.FCPU426","Unclassified.Order.in.FFCH5909","Unclassified.Order.in.GAL15","Unclassified.Order.in.Gammaproteobacteria","Unclassified.Order.in.JG30.KF.CM66","Unclassified.Order.in.KD4.96","Unclassified.Order.in.Ktedonobacteria","Unclassified.Order.in.Latescibacterota","Unclassified.Order.in.Lineage.IIa","Unclassified.Order.in.Lineage.IIb","Unclassified.Order.in.Lineage.IIc","Unclassified.Order.in.MB.A2.108","Unclassified.Order.in.NB1.j","Unclassified.Order.in.P2.11E","Unclassified.Order.in.Parcubacteria","Unclassified.Order.in.Patescibacteria","Unclassified.Order.in.Polyangia","Unclassified.Order.in.RCP2.54","Unclassified.Order.in.Sericytochromatia","Unclassified.Order.in.SHA.26","Unclassified.Order.in.Subgroup.5","Unclassified.Order.in.Thermoleophilia","Unclassified.Order.in.Thermoplasmata","Unclassified.Order.in.TK10","Unclassified.Order.in.WPS.2","Vampirovibrionales","Vicinamibacterales","WD260","Xanthomonadales","AKIW659","Anaerolineales","Bacteroidales","Brevibacillales","Chitinivibrionia.Incertae.Sedis","Clostridia.UCG.014","Coxiellales","EC3","Elusimicrobiales","FCPU453","Flavobacteriales","Hydrogenispora","Kapabacteriales","Longimicrobiales","Phycisphaerales","RBG.13.54.9","SBR1031","Silvanigrellales","SJA.28","Spirochaetales","Subgroup.12","Syntrophobacterales","TSBb06","Unclassified.Order.in.bacteriap25","Unclassified.Order.in.Firmicutes","Unclassified.Order.in.Gitt.GS.136","Unclassified.Order.in.Margulisbacteria","Unclassified.Order.in.Myxococcota","Unclassified.Order.in.Pla4.lineage","Unclassified.Order.in.Proteobacteria","Unclassified.Order.in.SAR324.clade.Marine.group.B.","Unclassified.Order.in.TX1A.33"
"P66",0.00017697722892987,0.00064891650607621,0.00045227514059857,0.0101073661855508,0.00562394305266056,0.0864435442639714,0.00025563377512093,0.00011798481928658,0.00045227514059857,0.00045227514059857,0.00684311951862194,0.0002163055020254,0.00544696582373068,3.93282730955284e-05,0.00011798481928658,0.00011798481928658,0.0234593149014827,0.0100680379124553,0.00100287096393597,3.93282730955284e-05,0.00403114799229166,0.002084398474063,0,0.00538797341408739,7.86565461910568e-05,0,0.00017697722892987,0.0148267589570142,0.00165178747001219,3.93282730955284e-05,0.00015731309238211,0.00281197152633028,0.0002163055020254,0.00017697722892987,0,0,0.00084555787155386,0,0.00025563377512093,0.0295355330947418,0.00011798481928658,0,0.00023596963857317,0.00015731309238211,0.0655798953867936,0.00650882919730995,0.0204703661462225,0.00468006449836788,0.0155150037361859,0.00133716128524796,0.00300861289180792,0.00023596963857317,0,0.0143154914067723,0.00210406261061077,0,3.93282730955284e-05,0.00057025995988516,0.090474692256263,0,0,9.83206827388209e-05,0,0.00011798481928658,0.0145514610453455,0.00772800566327133,0.00351988044204979,0.00070790891571951,0.00011798481928658,0.00039328273095528,0,0.00971408345459551,0.00078656546191056,0.00155346678727337,5.89924096432926e-05,5.89924096432926e-05,0,0,0,0.00114051991977032,0,0,0.00112085578322256,0,0,0.00517166791206198,0.00100287096393597,0,0.0063711802414756,0.00031462618476422,0.00039328273095528,0.0015927950603689,0.0587957682778149,0.00019664136547764,5.89924096432926e-05,0.00133716128524796,5.89924096432926e-05,0.00100287096393597,0.0002163055020254,0,0.0213159240177764,0.0627482597239155,0,0.0108349392378181,0.00015731309238211,0.00359853698824085,0.00684311951862194,0.00448342313289023,7.86565461910568e-05,0.045778109883195,0.00143548196798679,0,0.00127816887560467,0,0.00153380265072561,0.00257600188775711,7.86565461910568e-05,0.00839658630589531,0.00239902465882723,0.00074723718881503,0.185118181460652,0.00135682542179573,0.00017697722892987,0.00182876469894207,0.00568293546230385,0.00407047626538719,0,0.00023596963857317,0.00015731309238211,0.00011798481928658,7.86565461910568e-05,0.0101466944586463,9.83206827388209e-05,0.00178943642584654,0,0.00053093168678963,0,0.00039328273095528,0,7.86565461910568e-05,0.00031462618476422,0.00019664136547764,0.00013764895583434,0,0,0,0.00353954457859755,0.00013764895583434,0.00023596963857317,0.00218271915680182,0,9.83206827388209e-05,0.0209029771502733,0.0181696621701341,0,0.009006174538876,0,0.0010421992370315,0,0,0,0,0,0,0,0,0,0,0,0,0,0,0,0,0,0,0,0,0,0,0,0,0,0,0,0,0,0,0,0
"I07",0.00021961786491504,0,0.00069878411563878,0.0120590173098808,0.00295485854612973,0.105516401461457,0.00021961786491504,0,0.00049913151117056,5.98957813404676e-05,0.00431249625651367,0,0.0126979056441791,5.98957813404676e-05,0,7.98610417872901e-05,0.0183281090901831,0.00690798011460059,0.00015972208357458,0,0.0015972208357458,0.00361371214087488,7.98610417872901e-05,0.00127777666859664,0,0.00019965260446822,0.00011979156268093,0.0430051710024557,0.00049913151117056,0,0.00029947890670233,0.00251562281629964,0,0,3.99305208936451e-05,0,0.00015972208357458,0.00033940942759598,0.00013975682312775,0.0585980394114241,0,9.98263022341126e-05,0,0,0.0735320542256474,0.0114201289755825,0.0221215085750794,0.00499131511170563,0.00481162776768423,0.00157725557529898,0.00375346896400264,0,7.98610417872901e-05,0.008325513606325,0.00341405953640665,0,0,5.98957813404676e-05,0.0934773494120231,0,0,0,0,3.99305208936451e-05,0.00295485854612973,0.0186874837782259,0.0036336774013217,0.00183680396110767,0,0,0,0.00896440194062332,0.00347395531774712,0.00071874937608561,0,0.00019965260446822,0,0,9.98263022341126e-05,0.00089843672010701,0,0,0.0034539900573003,0.00013975682312775,0,0.00471180146545012,0.00025954838580869,0,0.00201649130512908,0.00091840198055383,0.00043923572983009,0.00111805458502206,0.116097989498273,9.98263022341126e-05,3.99305208936451e-05,0.00173697765887356,7.98610417872901e-05,0.00161718609619262,3.99305208936451e-05,3.99305208936451e-05,0.0204044961766526,0.0426258310539661,9.98263022341126e-05,0.00391319104757722,0.00025954838580869,0.00507117615349292,0.00826561782498453,0.00331423323417254,0,0.0228801884720586,0.0022161439095973,7.98610417872901e-05,0.00043923572983009,5.98957813404676e-05,0,0.00213628286781001,3.99305208936451e-05,0.00842533990855911,0.00173697765887356,0.00095833250144748,0.0892047836764031,0.00379339948489628,9.98263022341126e-05,0.0005390620320642,0.00489148880947152,0.00269531016032104,0.00021961786491504,0,0.00023958312536187,3.99305208936451e-05,0,0.00563020344600395,0,0.00215624812825683,0.00071874937608561,0,0.00119791562680935,3.99305208936451e-05,0,0,0.00037933994848962,3.99305208936451e-05,0,0,0,0,0.00798610417872901,0.00021961786491504,0.0001796873440214,0.00547048136242937,0,7.98610417872901e-05,0.0222612653982071,0.0211631760736319,0.00013975682312775,0.0281310519695729,0,0.00031944416714916,0,0,0,0,0,0,0,0,0,0,0,0,0,0,0,0,0,0,0,0,0,0,0,0,0,0,0,0,0,0,0,0
"I22",0.00098758990794916,0.00024223903402526,0.00014907017478478,0.0139007937986807,0.00313047367048038,0.159635523422651,0.00050311183989863,0,0.00067081578653151,3.7267543696195e-05,0.00616777848172027,0.00011180263108858,0.0281369954906272,3.7267543696195e-05,7.453508739239e-05,0.00046584429620243,0.0237580591063243,0.00704356575858085,0.00029814034956956,0,0.00322364252972087,0.0059628069913912,0,0.0029814034956956,0.00014907017478478,0,0.00024223903402526,0.022360526217717,0,3.7267543696195e-05,0.00052174561174673,0.00260872805873365,5.59013155442925e-05,3.7267543696195e-05,0,9.31688592404875e-05,0.00087578727686058,0,7.453508739239e-05,0.0624417694629747,0,0.00011180263108858,0,0.00022360526217717,0.0576528900980136,0.00618641225356837,0.0368762344873849,0.00376402191331569,0.00933551969589684,0.00039130920881004,0.00437893638430291,0.00014907017478478,3.7267543696195e-05,0.00624231356911266,0.00244102411210077,0.00029814034956956,0,0.00080125218946819,0.0210747959601983,0.00016770394663287,0.00031677412141765,0.00016770394663287,3.7267543696195e-05,0.00011180263108858,0.0044907390153915,0.00709946707412514,0.00436030261245481,0.00029814034956956,9.31688592404875e-05,0.00024223903402526,7.453508739239e-05,0.00970819513285879,0.00035404166511385,0.00037267543696195,0,0.00035404166511385,0.00016770394663287,7.453508739239e-05,0.00014907017478478,0.00186337718480975,0.00014907017478478,5.59013155442925e-05,0.00244102411210077,0.00018633771848097,3.7267543696195e-05,0.00655908769053032,3.7267543696195e-05,3.7267543696195e-05,0.00083851973316438,0.00020497149032907,0.00100622367979726,0.00180747586926546,0.0963925017702083,0.00024223903402526,0.00011180263108858,0.00128573025751873,0.00014907017478478,0.00229195393731599,0,0,0.0299444713598927,0.0584355085156337,0.00044721052435434,0.0128945701188835,0.0006894495583796,0.00165840569448068,0.00713673461782134,0.00462117541832818,0.00016770394663287,0.0416278463086498,0.00333544516080945,7.453508739239e-05,0.00013043640293668,0,0.00011180263108858,0.00191927850035404,0,0.010695785040808,0.0030000372675437,0.00063354824283531,0.0957403197555249,0.00471434427756867,9.31688592404875e-05,0,0.0007080833302277,0.00087578727686058,0,0.00027950657772146,0.00014907017478478,0.00042857675250624,5.59013155442925e-05,0.00469571050572057,0.00020497149032907,0.00229195393731599,0.00016770394663287,0,0,0.00018633771848097,7.453508739239e-05,9.31688592404875e-05,0.00026087280587336,0.00024223903402526,9.31688592404875e-05,9.31688592404875e-05,0.00014907017478478,0.00014907017478478,0.00585100436030261,0.00018633771848097,0,0.00570193418551783,5.59013155442925e-05,0.00024223903402526,0.00913054820556777,0.0313047367048038,0,0.015093355196959,0.00013043640293668,0.00171430701002497,0,0,0,0,0,0,0,0,0,0,0,0,0,0,0,0,0,0,0,0,0,0,0,0,0,0,0,0,0,0,0,0
"2",7.39007266904791e-05,0,0.00049882990516073,0.00852321714496859,0.00281438600812908,0.256213819435891,0.00073284887301391,0,0,0,0.00187215174282547,4.31087572361128e-05,0.0313770168739993,0,6.15839389087326e-05,0.00021554378618056,0.0236543909348442,0.00804286242148048,0.00027096933119842,0,0,0.00269737652420249,0,0.00154575686660919,0,0,0,0.0285441556841976,0,0,0.00081290799359527,0.00259884222194852,0,0,0,0,9.85343022539722e-05,0,0,0.0496797635176746,0,0,0.00012316787781746,0,0.06375169355832,0.00385515457568666,0.0273802192388225,0.00193989407562508,0.00302377140041877,4.31087572361128e-05,0.00046803793570636,0,0,0.00953935213696268,0,0,0,0.00014780145338095,0.0201194728414829,0,0,0,0,0,0.00636162088927208,0.0024879911319128,0.00739623106293879,0,0,0,0,0.00517305086833354,0,8.62175144722256e-05,0,0,0,0,0,0.00173666707722626,0,0,0.00188446853060722,0.00026481093730755,0,0.00320852321714497,0,0,0,0,0,0.00133021308042862,0.149427269368149,0.00011700948392659,0,0.00062815617686907,0,0.0022108634068235,0.00027712772508929,0,0.0385761793324301,0.0302007636408425,0.0005296218746151,0.0136901096194113,0.00024017736174405,0.00248183273802192,0,0.00415691587633945,0,0.0372521246458924,0.00097302623475797,0,0.00028328611898017,0,0,0,0,0.00998891489099643,0.00404606478630373,0,0.0304778913659318,0.0280699593546003,0,0,0,0.00102229338588496,0,0,0.00033871166399802,0,0,0.00266658455474812,0,0.00096070944697622,0,0.00021554378618056,0,0.00046803793570636,5.54255450178593e-05,0,0,0,0,0,0,0.00112082768813893,0.00450178593422835,0.00030176130065279,0,0.005296218746151,0,0,0.0106232294617564,0.031050621997783,0,0.00506219977829782,0,0.00104692696144845,0.00055425545017859,0,0,0,0,0,0,0,0,0,0,0,0,6.15839389087326e-05,0,0,0.00012316787781746,0,0,0,0,0,0,0,0,0.00020938539228969,0,0,0,0,0,0
"4",0.00035362602687557,0,0.00145077344359212,0.00694557786119725,0.0018588034746024,0.230772718205393,0,0,0.00127849409716555,0,0.00116061875487369,0,0.0130297589902617,0,0.00047150136916743,0,0.0251618519123007,0.0167655006075114,0.00060751137950419,0,0,0.0037538762852946,0,0.00305569156556589,0,0,0,0.0230219610830024,0,0,0,0.00233937217779229,0,0.00022668335056126,0,0,0,0,0,0.0279999274613278,0,0,0,0.00039896269698783,0.0501242224761076,0.00153237944979417,0.0300582122844241,0.00190414014471465,0.0050233030484377,0,0.00280180621293727,0.00019041401447146,0,0.00569428576609905,0,0,0,0,0.0353898046896252,0,0,0,0,0,0.0134196543532271,0.00518651506084181,0.00613858513319914,0.0006619153836389,0,0,0,0.0229312877427779,0,0.00013601001033676,0.00012694267631431,0,0,0,0,0,0,0,0.0031826342418802,0,0,0.00593910378470522,0,0,0,0.00029922202274087,0,0.00206735215711876,0.11125618845547,0,0.00032642402480822,0.0018588034746024,0,0.00296501822534139,0.00053497270732459,0,0.0411656964619263,0.0281087354695972,0.00113341675280634,0.0208730029196816,0.00039896269698783,0.00334584625428432,0,0.00514117839072956,0,0.0909272255771358,0.00081606006202056,0,0.00029015468871842,0,0,0,0,0.00644687448996246,0,0,0.0499066064595688,0.0145530711060334,0,0,0,0.0006619153836389,0,0,0.00052590537330214,0.00028108735469597,0,0.00364506827702519,0.00359066427289048,0,0,0.00041709736503273,0,0,0,0,0,0.00085232939811036,0,0,0,0,0.00565801643000925,0.0007163193877736,0,0.0025025841901964,0,0,0.00706345320348911,0.0304753096494569,0,0.00456993634731516,0,0.00095207007235732,0,0,0,0,0,0,0,0,0,0,2.72020020673522e-05,0,0,0,0,0,0,0,0,0,0,0,0.0044339263369784,0,0,0,0,0,0.00011787534229185,0,0,0
"10",0,0,0.0036200495049505,0.00441419141914191,0,0.181177805280528,0.00042285478547854,0,0.00225866336633663,0,0,0,0.0426773927392739,0,0,0,0.0196782178217822,0.0184405940594059,0.00076320132013201,0,0.00158828382838284,0.00645627062706271,0,0.00389851485148515,3.09405940594059e-05,0,6.18811881188119e-05,0.0323844884488449,0,0,0.00241336633663366,0.00292904290429043,0,0.00078382838283828,0,0,0.00026815181518151,0,0,0.0377887788778878,0,0,0,0.00034034653465346,0.0542491749174917,0.00748762376237624,0.0165635313531353,0.00089727722772277,0.00313531353135314,0,0.00420792079207921,0,0,0.0069513201320132,0,0,0,0,0.0217718646864686,0,0,0,0,0.00014438943894389,0.0189459570957096,0.0141501650165017,0.0156971947194719,0,0,0,0,0.0087046204620462,0,0,0,0,0,0,0,0.00063943894389438,0,0,0.00396039603960396,0,0,0.00561056105610561,0.00228960396039604,0,0,0.00081476897689769,0,0.00323844884488449,0.155517739273927,0,0,0.00241336633663366,0.00027846534653465,0.00555899339933993,0.00050536303630363,0,0.0577867161716172,0.0129022277227723,0.00166047854785479,0.0286200495049505,0.00039191419141914,0.00703382838283828,0.00308374587458746,0.0024236798679868,0,0.0724009900990099,0.00233085808580858,0,0,0,0,0,0,0.00764232673267327,0.00496080858085809,0,0.0222462871287129,0.0182858910891089,0,0,0,0,0,0,0.00234117161716172,0,0,0.00089727722772277,0,0.0005569306930693,0.00067037953795379,0,0.00059818481848184,0,0,0,0,0.00043316831683168,0,0,0,0,0.00478547854785479,0.00045379537953795,0,0.00536303630363036,0,0,0.00691006600660066,0.0100041254125413,0,0.00663160066006601,0,0.00211427392739274,0,0.00021658415841584,0,0,0,0,0,0,0,0,0,0,0.00012376237623762,0,0,0,0,0,0,0,0,0,0,0,0,0,0,0,0,0,0,0
"13",0,0,0.00027330120525831,0.0117792819466334,0,0.256566061456331,0,0,0,0,0.00110231486120854,0,0.0159972305477867,0,0,0,0.0204975903943736,0.0102305751168363,0,5.4660241051663e-05,0.00107498474068271,0.00817170603722362,0,0.00299720321766619,7.28803214022174e-05,0,0,0.0151955470123623,0,0,0,0,0,0,0,0,0.00052838233016607,0,0,0.0675327278193297,0.00072880321402217,0,0,0.00041906184806275,0.0586959888493108,0.00246882088750011,0.0350554345944666,0,0.0039901975967714,0,0.00261458153030455,0.00067414297297051,0,0.00803505543459447,0.00073791325419745,0.0043090490029061,0,0.00119341526296131,0.0168171341635617,0,0,0,0,0,0.00496497189552606,0.00318851406134701,0.0110322586522607,0,0,0,0,0.0146398345616704,0,0,0,0.00044639196858858,0,0,0,0,0,0,0.00282411245433592,0.00016398072315498,0,0.00568466506937296,0,0,0,0,0,0.00240505060627317,0.101658938315918,0,0.00014576064280443,0.00112964498173437,0,0.00185844819575654,0.0003188514061347,0,0.0408949703468192,0.0285599759494939,0.00080168353542439,0.0187211325601946,0.00032796144630997,0.00331605462380089,0,0.00415417831992639,0,0.0544780402481575,0.00078346345507383,0,0.00022775100438192,0,0,0,0,0.0114331004199729,0.00537492370341353,0,0.042826298863978,0.0196503566580729,0,0,0,0.00183111807523071,0,0,0,0.00039173172753691,0,0.00429082892255555,0,0.00053749237034135,0,0,0,0,0,0,0,0.00018220080350554,0,0,0,0,0.00414506827975111,0,0,0.00383532691379169,0,0.00012754056245388,0.00987528355000046,0.0340351100948355,0,0.0059852963951571,0.00037351164718636,0.00365312611028615,0,0,0,0,0,0,0,0,0,0,0.00012754056245388,0,0.00019131084368082,0,0,0,0.00033707148648525,0,0,0,0,0,0,0.00025508112490776,0,0,0,0,0,0,0,0
"16",0.00106488811668932,0,0.00049040900110692,0.00858215751937116,0,0.20846586052768,0.00058148495845535,0,0.00119099328840253,0,0.00330675783603525,7.00584287295605e-05,0.00975213327915482,0.00030825708641006,0,0.00034328630077484,0.0250458882708179,0.0210665695189788,0,0,0.00100183553083271,0.00305454749260884,0,0.00254312096288304,9.10759573484286e-05,0,0,0.0121341198559599,0,0,0,0,0,7.70642716025165e-05,0,0,0.00173044318962014,0,0,0.0391416441312054,0,0,0,0.00020316944331572,0.0438916055990696,0.00068657260154969,0.0213748266053889,0.00107889980243523,0.00844204066191204,0.00014011685745912,0.00213678207625159,0.0004133447295044,0,0.0093878294497611,0,0,0,0.00059549664420126,0.0382659137720859,0,0,0,0,6.30525858566044e-05,0.0118398744552957,0.00292143647802267,0.005737785312951,0,0,0,0,0.0207443007468229,0,6.30525858566044e-05,0.00088974204486541,0.00066555507293082,0,0,0,0.00054645574409057,0,0,0.00263419692023147,0,0,0.00317364682144909,0,0,0,0,0,0.0016253555465258,0.0725384971065869,0,0,0.00253611512001009,0,0.00268323782034217,0.00038532135801258,0,0.0298238731101739,0.0273928456332581,0.00218582297636229,0.0241351286973336,0,0,0,0.00891843797727305,0.00039232720088553,0.107868962714904,0.0014502094747019,0,0.00024520450055346,0,0,9.80818002213846e-05,0,0.0054995866552705,0.00222785803360002,0,0.0810646078829744,0.026461068531155,0,0,0,0.00186355420420631,0,0,0.0005254382154717,0,0,0.00743319928820636,0,0,0,0,0,0.00065154338718491,0,0,0,0.00068657260154969,0,0,0,0.00081968361613585,0.00453978618167552,0.00086872451624655,0,0.00240300410542392,0,0,0.0101234429514215,0.0463646681332231,0,0.00494612506830697,0,0.00248006837702644,0,0,0,0,0,0,0,0,0,0,0,0,0,0,0,0.00010508764309434,4.90409001106923e-05,0,0,0,0,0,0,0,0,0,0,0,0,0.00248006837702644,0,0.00018915775756981
"19",6.89198875227436e-05,0,0.00034459943761371,0.0151348072999945,0,0.206222087445553,0,0,0.00082703865027292,0,0.0016127253680322,6.89198875227436e-05,0.0116474609913437,0.00019297568506368,0,0.00074433478524563,0.026175773281138,0.00971770414070684,0.00093731047030931,0,0,0.00431438495892375,0,0.00188840491812317,0,0,0.00017919170755913,0.0090836411754976,0,0,0.00055135910018194,0,0,0,0,0,0,0,0,0.0599603021447869,0,0,8.27038650272923e-05,0.00044108728014555,0.0799746374813916,0.00234327617577328,0.025045487125765,0,0.00682306886475161,0,0.00115785411038209,0,0,0.0120747642939847,0,0,0,0,0.0212824612670232,0,0,0,0,0,0.0200556872691184,0.00303247505100072,0.00595467828196504,0.00013783977504548,0,0,0,0.0100347356233115,0,0,0,0,0,0,0,0,0,0,0.00097866240282295,6.89198875227436e-05,0,0.00461763246402382,0.00103379831284115,0,0,0,0,0.00281193141092794,0.0886034073992391,0,0.00038595137012736,0.00151623752550036,0.00015162375255003,0.00384572972376909,0.00044108728014555,0,0.039463527595523,0.0437503445994376,0.00086839058278656,0.0269476760213927,0,0.00275679550090974,0,0.00399735347631913,0,0.0575481060814909,0.00027567955009097,0,0,0,0,0,0,0.0120058444064619,0.00558251088934223,0,0.0913464189226443,0.00387329767877819,0,0,0,0.00226057231074599,0,0,0,0,0,0.00474168826156476,0,0.0010475822903457,0,0,0,0.0004824392126592,0,0,0,0,0,0,0,0,0.00170921321056404,6.89198875227436e-05,0,0.00290841925345978,0,0,0.0133704581794123,0.0365964602745768,0,0.00507250372167393,0,0.00070298285273198,0,0,0,0,0,0,0,0,0,0,0,0,0,0,0,0,5.51359100181949e-05,0,0,0,0,0,0,0,0,0,0,0,0,0,0,0
"25",0,0.00042299991540001,0.00042299991540001,0.0147391970521606,0.00166379966724007,0.212543357491328,0.00061099987780002,0,0,0,0.00331819933636013,0,0.0100203979959204,0,0,0.0001879999624,0.0187623962475208,0.0200501959899608,0,0,0.00105279978944004,0.00534859893028021,0,0.00163559967288007,0,0,0,0.00789599842080032,0,0,0,0.0024251995149601,0,0,0,0,0,0,0,0.0513615897276821,0,0,9.39999812000038e-05,0,0.0822405835518833,0.0025943994811201,0.0280495943900811,0,0.00529219894156021,0.00027259994548001,0.00172019965596007,0,0,0.0159893968021206,0,0,0,0.00031959993608001,0.0187059962588007,0,0,0,0,0,0.0307755938448812,0.0026037994792401,0.00516999896600021,0,0,0,0,0.0074541985091603,0,0,0,0,0,0,0,0,0,0.00020679995864,0.00123139975372005,0,0,0.00452139909572018,0.00098699980260004,0,0,0,0,0.00191759961648008,0.0843649831270034,0.00030079993984001,8.45999830800034e-05,0.00084599983080003,0,0.00225599954880009,0.00028199994360001,0,0.0298167940366412,0.0531287893742421,0.00086479982704003,0.0225599954880009,0.00024439995112001,0.00328059934388013,0,0.00358139928372014,0,0.0517093896581221,0.00061099987780002,0,0.000234999953,0,0.00045119990976001,0,0,0.0138085972382806,0.0049349990130002,0,0.0797119840576032,0.0111859977628004,0,0,0,0.00181419963716007,0,0,0,0,0,0.00384459923108015,9.39999812000038e-05,0.00070499985900002,0,0,0,0,0,0,0,0.00037599992480001,0,0,0,0,0.00273539945292011,0.00022559995488,0,0.00349679930064014,0,0,0.0115619976876005,0.0417077916584417,0,0.00486919902616019,0,0.00138179972364006,0,0,0,0,0,0,0,0,0,0,0,0,0,0,0,0,0.000234999953,8.45999830800034e-05,0,0,0,0,0,0,0,0,0,0,0,0,0,0
"28",0.0004088773938345,0.00106498297928988,0.00092235133027784,0.00948025027100013,0.00244375558640625,0.176311735732081,0,0,0,0,0.0048780023962117,0.0007511933514634,0.00995568910104026,0,0,0,0.038092159062815,0.00909989920696803,0.00074168457486259,0,0.00204438696917255,0.0037464579807162,7.60702128064203e-05,0.00332807181028089,0,0,0.00296673829945039,0.0305421904417778,0,0,0.00099842154308426,0,0.00044691250023771,0.00047543883004012,0,0,0.00067512313865698,0,0,0.0678356122701253,0.00214898351178137,0,0.00046593005343932,0.00055150904284654,0.0479432516212464,0.00350873856569614,0.0175912367114847,0.00431698457676435,0.00623775745012647,0.00052298271304414,0.0033661069166841,0.00019017553201605,0,0.00882414468554476,0.0011125268622939,0,0,0.00062757925565296,0.0438449689063005,0,0,0,0,0,0.00309986117186163,0.00474487952380047,0.00775916170625487,0.00014263164901203,0,0,0,0.0191316585208147,0,0,0.00020919308521765,0.00029477207462487,0,0,0,0.00178765000095088,0,0,0.00614266968411844,0,0,0.00718863511020672,0,0,0,0.00045642127683852,0,0,0.0963143981895289,0,0,0.00079873723446741,5.70526596048152e-05,0.00068463191525778,0.0003803510640321,0,0.0368179829983074,0.0438544776829013,0.00047543883004012,0.00881463590894396,0.00030428085122568,0.00444059867257479,0.00136926383051557,0.00819656542989179,0.00015214042561284,0.078780214137649,0.00179715877755168,0,0,0,0.00060856170245136,0.00034231595762889,0,0.00916646064317365,0.00107449175589069,0,0.0719624213148736,0.00253884335241428,0.00052298271304414,0,0,0.00027575452142327,0,0,0,0.00041838617043531,0,0.00454519521518361,0,0.00082726356426982,0,0,0,0.00081775478766901,4.75438830040127e-05,0,0.00028526329802407,0.00033280718102808,0,0,0,0,0.00741684574862598,0,0,0.00719814388680752,0,0,0.0154517619763041,0.0202441853831086,0,0.0112488827187494,0,0.00165452712853964,0,0,0,0,0,0,0,0,0,0,0,0,0,0,0,0.00028526329802407,0,0,0,0,0,0,0,0,0,0,0,0,0,0,0,0
"34",0.00051152565246729,0.00074007966739949,0.00094686663329052,0.00768376831153001,0.00072919614287891,0.16060817135021,0,0,0,0,0.0061600748786487,0.00129513941794911,0.0106549705056485,0.00014148581876755,0,0,0.0326179229881805,0.0107855727998955,0.00075096319192007,0,0.00138220761411375,0.00353714546918874,0,0.00409220521973836,8.7068196164646e-05,0,0.00325417383165364,0.0327702923314686,0,0,0.00088156548616704,0.00205698613438976,0.00038092335822032,0.00050064212794671,0,0,0.0014692758102784,0,0,0.0595219956030561,0.00228554014932196,0,0.00079449729000239,0.00080538081452297,0.05978320019155,0.00485405193617901,0.0209181341285562,0.00581180209399012,0.00793408937550336,0.00027208811301451,0.00503907185302888,0.00028297163753509,0,0.00755316601728304,0,0,0,0.00050064212794671,0.0444918482401341,0,0,0.00023943753945277,0,0,0.00359156309179165,0.00470168259289088,0.00705252388933632,0.00137132408959317,0,0,0,0.0215493785507499,0,0,0.00030473868657626,0.00025032106397335,0,0,0,0.00206786965891034,0,0,0.00662806643303367,0,0,0.00634509479549857,0,0,0,0.00048975860342613,0,0,0.0769138677869441,0,0,0.00085979843712587,0,0.00051152565246729,0.00050064212794671,0,0.0404105265449163,0.0489214427200104,0.00071831261835832,0.00778172003221523,0,0.00233995777192486,0,0.00843473150345008,0.00019590344137045,0.0822576783265493,0.00212228728151325,0,0.00027208811301451,0,0.00093598310876994,0.00050064212794671,0,0.00957750157811106,0.00598593848631941,0,0.0681308634988355,0.0012407217953462,0.00038092335822032,0,0,0.00261204588493938,0,0,0,0.00054417622602903,8.7068196164646e-05,0.00467991554384972,5.44176226029037e-05,0.00085979843712587,0,0.00032650573561742,0,0.00093598310876994,0,0,0,0.00052240917698787,0,0,0,0,0.00797762347358569,0,0,0.0082497115866002,0,0,0.0198515487255393,0.0201562874121155,0,0.0118086241048301,0,0.00195903441370453,0,0,0,9.79517206852267e-05,0,0,0,0,0,0,0,0,0,0,0,0.00047887507890555,0,0,0,0,0,0,0,0,3.26505735617422e-05,0,0,0,0.00029385516205568,0,0,0
"37",0,0.00061474905943393,0.00114753157761002,0.00798354111851542,0.00131966131425152,0.15363808493373,0,0,0.00076228883369808,0,0.00227866984696847,6.55732330062868e-05,0.00744256194621356,0,0,0.00019671969901886,0.0196637732477603,0.00749993852509406,0.00049999590167293,0,0.00113933492348423,0.00247538954598733,3.27866165031434e-05,0.00134425127662888,2.45899623773576e-05,0,3.27866165031434e-05,0.0157867558462636,0,0,0.00227866984696847,0.00112294161523266,0,0.00047540593929558,0,0,0.00055737248055343,0.00078687879607544,0,0.0764665863394562,0,0,0.00036065278153457,0.00046720928516979,0.0750567618298211,0.00508192555798723,0.0149834837419365,0.00290981221465398,0.0051556954451193,0.00014753977426414,0.00308194195129548,0,0,0.0121392447602888,0,0,0,0.000459012631044,0.0248194686928796,0.00037704608978614,0,0,0,9.01631953836444e-05,0.00584421439168531,0.00786059130662863,0.00567208465504381,0.00122949811886788,0,0,0,0.0220489995983639,0,0,0.00035245612740879,0.0002868828944025,0,0,0.00064753567593708,0.00071310890894336,0,0,0.0027212891697609,0,0,0.00669666642076704,0,0,0.00063114236768551,0.00059835575118236,0,0.0019098204113081,0.121851460233933,0,0,0.00117212153998738,0.00010655650363521,0.00080327210432701,0.00055737248055343,0,0.0398767223219482,0.040114425291596,0.00027868624027671,0.00936057901164745,0.00060655240530815,0.00326226834206277,0,0.00470487946820108,0,0.0627863706035196,0.00099179514922008,0,0,0,0.00070491225481758,0,0,0.010065491266465,0.00540159506889288,0,0.109826968631405,0.00967205186842731,0,0,0,0.00447537315267908,0,0,0,0,0,0.00474586273883001,0,0.00093441857033958,0.00065573233006286,0,0.00021311300727043,0,0,0,0,0.00054917582642765,0,0,0,0,0.00316390849255334,0,0,0.00487700920484258,0,0.00013114646601257,0.0213113007270432,0.0161474086277981,0,0.00947533216940845,0,0.00120490815649052,0,0,0.00097540184096851,0,0,0.00059835575118236,0,0,0,0,0,0,1.63933082515717e-05,0,0,7.37698871320727e-05,0,0,9.01631953836444e-05,0,0,0,0,0,0,0,4.09832706289293e-05,0,0.00019671969901886,0,0,0
"40",0,0,0.00060219698070893,0.00757937579168138,0.0026891210000623,0.209086944784766,0.00019727142471499,0,0,0,0.00171314658305127,0.0001765060115871,0.00725751188819902,0,0,0,0.0197167597649355,0.00609464875303694,0.00018688871815104,0,0.00262682476067861,0.0032186390348236,0,0.00098635712357497,0,0,0,0.0233714724754449,0,0,0,0,0,0,0,0,0.00106941877608655,0,0,0.0677160122100629,0,0,0.00028033307722657,0,0.0491309674605976,0.00253338040160309,0.0349481902942459,0.00208692401935337,0.00665531490749008,0,0.00296945407728887,0,0,0.00768320285732085,0,0,0,0.0003322466100463,0.0225097078306373,0,0,0,0,0,0,0.0035508856448699,0.0055132171854559,0.0001557405984592,0,0,0,0.0203604875719002,0,0.00011420977220341,0.00022841954440683,0.00034262931661025,0,0,0,0,0,0,0.00557551342483959,0,0,0.0069667961044085,0,0.00020765413127894,0,0.0003322466100463,0,0,0.0916273854268331,0,0,0.0007060240463484,0,0,0.00024918495753473,0,0.0451855389662977,0.0270573333056461,0.00025956766409867,0.003924663081172,0.00020765413127894,0.00334323151359096,0,0.00613617957929273,0,0.122806653238366,0.00113171501547023,0,0,0,0,0,0,0.00975974417011027,0.00664493220092614,0,0.0723570820441473,0.0188653778266919,0,0,0,0.00281371347882966,0,0,0,0.0005087526216334,0,0.00499408185725855,0,0.00102788794983076,0,0,0,0.0012563074942376,0,0,0,0.00066449322009261,0,0,0,0,0.00559627883796748,0,0,0.00781817804265216,0,0.00025956766409867,0.01020620055236,0.0185123658035177,0,0.00859688103494819,0,0.0005087526216334,0,0,0,0,0,0,0,0,0,0,0,0,0,0,0,0.00020765413127894,0,0,0,0,0,0,0,0,0,0,0,0,0,0,0,0
"43",0,0,0.00105054509415263,0.00703666997026759,0.00293359762140733,0.154132804757185,0,0,0,0,0.00329038652130823,0,0.00917740336967294,0,0,0.00015857284440039,0.0226362735381566,0.0178592666005946,0.00106045589692765,0,0.00151635282457879,0.00226957383548067,0,0.00257680872150644,0,0,0,0.0247175421209118,0,0,0,0,5.94648166501487e-05,0,0,0,0.00046580773042616,0,0,0.0523587710604559,0,0,0.00047571853320118,0,0.0659365708622398,0.00295341922695738,0.0139544103072349,0.00325074331020813,0.00533201189296333,0.00023785926660059,0.0010009910802775,0.00037661050545094,0,0.00754212091179386,0.00077304261645193,0,0,0.00049554013875123,0.038404360753221,0,0,0,0,0,0.0118632309217047,0.00707631318136769,0.00529236868186323,0,0,0,0,0.0296927651139742,0,0.00027750247770069,0.00071357779980178,0.00023785926660059,0,0,0,0.00043607532210109,0,0,0.00414271555996036,0,0,0.00437066402378593,0,0,0.00132804757185332,0.00101090188305253,0,0.00185332011892963,0.073994053518335,0,0,0.00163528245787909,0,0.00134786917740337,0.0007234886025768,0,0.0383349851337958,0.0317839444995045,0.00169474727452924,0.0154410307234886,0.00046580773042616,0.00252725470763132,0,0.00973240832507433,0,0.0980971258671952,0,0,0,0,0,0.00032705649157581,0,0.0087611496531219,0.00554013875123885,0,0.103191278493558,0.0165510406342914,0.00022794846382557,0,0,0.00272547076313181,0,0,0,0,0,0.00623389494549058,0,0.00064420218037661,0.00024777006937561,0.00074331020812685,0,0,0,0,0,0,0,0,0,0,0.00580773042616452,0.00031714568880079,0,0.0045193260654113,0,0,0.0191575817641229,0.0252923686818632,0,0.0101288404360753,0,0.00112983151635282,0,0,0,0,0,0,0,0,0,0,0,0,0,0,0,0.00021803766105054,0,0,0,0,0,0,0,0,0,0,0,0,0.00012884043607532,0,0,0
"46",0,0,0.0004659597511523,0.00906732488728811,0,0.232047956073848,0.00096970002266831,0,0,0,0.00089413898194091,0,0.0391154320832179,0,0,0,0.0154144523083898,0.0111200664937158,3.77805203637005e-05,0,0.00322393773770244,0.00302244162909604,0,0.00109563509054731,0,0,0,0.0172405107926353,0,0,0,0,0,0,0,0,0,0,0,0.0868574163161474,0.0121779210638995,0,0,0,0.0943631463617359,0.00522630531697857,0.0246077122635569,0.00086895196836511,0.00251870135758003,0,0.00206533511321563,0,0,0.0081605923985593,0,0,0,0,0.0170012341636652,0,0,0,0,0,0.0183487393899705,0.00571745208170667,0.00394176762461275,0,0,0,0,0.00629675339395008,0,0,0,0,0,0,0,0,0,0,0.00136009873309322,0,0,0.00545298843916077,0,0,0,0,0,0.00132231821272952,0.112648918217767,0,0,0.00095710651588041,0,0.0005289272850918,0,0,0.0365085761781226,0.028511699367806,0.0004785532579402,0.00924363398231872,0,0.00409288970606755,0,0.00272019746618643,0,0.0405259048434627,0.0006674558597587,0,0,0,0,0,0,0.0134498652494774,0.00419363776037075,0,0.0464952270609274,0.0185124549782132,0,0,0,0.00294688058836864,0,0,0,0,0,0.00206533511321563,0,0.0005415207918797,0,0,0,0,0,0,0,0.0002140896153943,0,0,0,0,0.00449588192328036,0,0,0.00630934690073798,0,0,0.0116489937788076,0.0135128327834169,0,0.00744276251164899,0,0.00128453769236582,0,0,0,0,0,0,0,0,0,0,0,0,0,0,0,0,0,0,0,0,0,0,0,0,0,0,0,0,0,0,0,0
"49",0,0,0.00065799522953458,0.0207620994747788,0,0.17721221521144,0.00042299693327223,0,0,0,0.00244398228112846,0,0.0130189056129343,8.22494036918232e-05,0,0,0.040866203720023,0.0244280728964715,0.00082249403691823,0,0.00131599045906917,0.00424171924753546,0,0.00586320749174568,0,0.00022324838144923,0,0.0183416170232766,0,0,0.00048174650733782,0,0,0.00054049608140341,0,0,0.00049349642215093,0.00121024122575111,0,0.0616048033651756,0,0,0,0.00052874616659029,0.0775376878517631,0.00797819215810685,0.0175543727307977,0.0026672306625777,0.0104691740984878,9.39993185049408e-05,0.00461771652155522,0.00029374787032794,0,0.00895343508759562,0.0008694936961707,0,0,0,0.028669792144007,0,0,0,0,0.00032899761476729,0.0172488749456566,0.0122551611500817,0.00798994207291997,0.00533446132515539,0,0,0,0.0141116476905542,0,0,0.00042299693327223,0,0,0.00037599727401976,0,0.00054049608140341,0,0,0.00478221532893887,0,0,0.00724969743969356,0,8.22494036918232e-05,0.00227948347374482,0.00057574582584276,0,0.00216198432561364,0.0972305450785482,0,0,0.00095174309986252,0,0.00240873253668911,0.00115149165168553,0,0.0433924354048433,0.046353413937749,0.00189173628491193,0.0238288272410025,0.00045824667771158,0,0,0.00407722044015181,0,0.0343332510839296,0.00096349301467564,0,0.00064624531472146,0,0,0.00028199795551482,0,0.00571045859917516,0,0,0.0490088946855135,0.00437096831047975,0.00025849812588858,0,0,0.00076374446285264,0,0,0.00062274548509523,0,0,0.00224423372930546,0,0,0.00096349301467564,0,0,0.00032899761476729,0,0,0,0,0,0,0,0,0.00365422350687958,0.00044649676289846,0,0.0058749574065588,0,0,0.0197046071415982,0.0262845594369441,0,0.00930593253198914,0,0.00108099216280682,0,0,0,0,0,0,0,0,0,0,0,0,0,0,0,9.39993185049408e-05,0.00030549778514105,0,0,0,0,0,0,0,0,0,0,0,0,0,0,0
"52",0,0,0.00127226463104326,0.0263021239029963,0,0.129303629848886,0,0,0,0,0.00205120216025341,0,0.0126187879732045,0,0.00098665420366619,0,0.0326374824739056,0.0278859635457236,0.00132419379965727,0,0,0.00945110868774991,0,0.004959235602638,0,0.0004933271018331,0.00083086669782416,0.0181492444305967,0,0,0,0,0,0.00025964584307005,0,0,0,0.00215506049748144,0,0.0482681622267227,0,0,0,0,0.0779197175053227,0.0140208755257828,0.0175780235758426,0,0.0105156566443371,0,0.00563431479462014,0,0,0.0124630004673625,0,0,0,0,0.0183829256893597,0.00010385833722802,0,0,0,0,0.0285091135690918,0.0209534195357532,0.00706236693150543,0.0019992729916394,0,0,0,0.0171366256426235,0,0,0.00010385833722802,0,0,0,0,0,0,0,0.00311575011684063,0,0,0.00103858337228021,0.0044659085008049,0,0.00971075453081996,0.00075297294490315,0,0,0.101235914213013,0,0,0,0,0.00031157501168406,0.00015578750584203,0,0.0442955808277509,0.0519810977826245,0.00067507919198213,0.0352599054889131,0.00041543334891208,0.00810095030378564,0,0.00166173339564834,0,0.0333385262501947,0.0004933271018331,0,0.00067507919198213,0,0,0,0,0.0143843797060809,0.00623150023368126,0,0.0688321129978709,0.0029599626109986,0,0,0,0.00096068961935919,0,0,0.00044139793321908,0,0,0.00262242301500753,0,0,0.00275224593654256,0,0.00023368125876304,0,0,0,0,0,0,0,0,0.00664693358259334,0,0,0,0.00275224593654256,0,0,0.0180453860933686,0.014877706807914,0,0.0074258711118035,0,0.00140208755257828,0,0.00018175209014903,0,0,0,0,0,0,0,0,0,0,0.00023368125876304,0,0,0,0,0,0,0,0,0,0,0,0,0,0,0,0,0,0,0
"55",0.00031849568119856,0,0.00029301602670267,0.0120391367493057,0.00099370652533951,0.162700333783474,0,0,0,0,0.00220399011389406,0.00014013809972736,0.0100517236986266,0,0,0,0.0282951563176803,0.0116059826228756,0.00066247101689301,0,0.00198741305067903,0.00410222437383749,0,0.00189823425994344,0,0,0,0.0119881774403139,0,0,0,0.0014396004790175,0,0.00064973118964506,0,0,0,0,0,0.06117665044462,0,0,0,0,0.0903381150151604,0,0.0184090503732769,0.00208933166866257,0.00848472494712972,0,0.00229316890462965,0,0,0.0104466583433129,0,0,0,0.00077712946212449,0.0477233928707927,0,0,0,0,0,0.0117716003770989,0.00690498636838484,0.00752923790353403,0,0,0,0,0.0119499579585701,0,0.00015287792697531,0.00015287792697531,0,0,0,0,0,0,0,0.00247152648610085,0,0,0.00498127245394552,0,0,0,0,0,0.0028155018217953,0.0874206945753816,0,0,0.00054781257166152,0.00010191861798354,0.00105740566157923,0.00064973118964506,0,0.0359390526664458,0.0453792646571713,0.0007516498076286,0.017733839529136,0.00054781257166152,0,0,0.0051851096899126,0,0.0590745789487095,0.00151603944250516,0,0,0,0.00061151170790124,0.00043315412643004,0,0.0117333808953551,0,0,0.123690982750274,0.00180905546920784,0,0,0,0.003325094911713,0,0,0,0.00040767447193416,0,0.00458633780925931,0,0.00091726756185186,0,0,0,0,0,0,0,0,0,0,0,0,0.00284098147629118,0.00026753637220679,0,0.00507045124468112,0,0,0.0204729023874436,0.0177720590108798,0,0.00671388895966571,0,0.00136316151552985,0,0,0,0,0,0,0,0,0,0,0,0,0,0,0,0.00010191861798354,0,0,0,0,0,0,0,0,0,0,0,0,0.00014013809972736,0,0,0
"58",0,0,0,0.00974526244171853,0,0.163088067556481,0,0,0,0,0.002121145418526,0,0.00970524083004823,0,0,0,0.0275148580233326,0.0154283312989014,0.00074039981590058,0,0,0.00500270145878775,0,0.00362195585616233,0,0,0,0.0107458027334761,0,0,0,0,0,0,0,0,0,0,0,0.0610529686030456,0,0,0.00040021611670302,0,0.0669561563244152,0,0.0147879855121766,0.0019610589718448,0.00500270145878775,0,0,0,0,0.0134472615212215,0,0,0,0,0.0257539071098393,0,0,0,0,0,0.0154483421047366,0.00986532727672943,0.00954515438336702,0,0,0,0,0.021471594661117,0,0,0,0,0,0,0,0,0,0,0.00144077802013087,0,0,0.00592319852720469,0,0,0,0.00020010805835151,0,0.00328177215696476,0.0817641526424269,0,0,0.00122065915594421,0,0.00120064835010906,0.00044023772837332,0,0.047185480159286,0.031937246112901,0.00158085366097693,0.0226322213995558,0.00044023772837332,0,0.00142076721429572,0.00564304724551258,0.00022011886418666,0.100554299321634,0,0,0,0,0,0,0,0.00324175054529446,0,0,0.128309287014988,0.00164088607848238,0,0,0,0,0,0,0,0,0,0.00420226922538171,0,0.00078042142757088,0,0,0,0,0,0,0,0,0,0,0,0,0.00350189102115142,0.00050027014587877,0,0.00368198827366778,0,0,0.0185900386208553,0.0249934964881036,0,0.00698377123646769,0,0.00308166409861325,0,0,0,0,0,0,0,0,0,0,0,0,0,0,0,0,0,0,0,0,0,0,0,0,0,0,0,0,0,0,0,0
"61",0,0.00056467399488028,0,0.0120338302464488,0.00335039903628972,0.212718968026904,0.00046428750690157,0,0,0,0.0018947949605983,0,0.011782864026502,0,0,0.00015057973196807,0.039778145861567,0.00981277919991969,0.00032625608593083,0,0.00252221051046529,0.00528283892988004,0,0.00323746423731366,0,0,0,0.00976258595593033,0,0,0,0.00180695678361693,0,0,0,0,0.00023841790894945,0,0,0.0661797921999699,0,0,0,0,0.0529789690307685,0.00437936053807158,0.018947949605983,0.00194498820458766,0.00450484364804497,0.00017567635396275,0.00445465040405561,0,0,0.0109672238116749,0,0,0,0.00051448075089093,0.0242809817798524,0,0,0,0,0,0.0103272599508106,0.00420368418410882,0.00878381769813783,0,0,0,0,0.0106033227927521,0,0,0,0.00021332128695477,0,0,0,0,0,0,0.00378958992119661,0,0,0.00675099131656879,0.00018822466496009,0.00031370777493349,0,0.00038899764091753,0,0.00264769362043869,0.0962706419715906,0,0,0.00050193243989359,0,0.00160618380765949,0.00042664257390955,0,0.0489258645786277,0.0301535913266074,0.0006023189278723,0.0176931185062491,0,0.00254730713245997,0,0.0033127541032977,0,0.06773578276364,0.00121718616674196,0,0,0,0,0.00038899764091753,0,0.00690157104853687,0.00698940922551824,0,0.091853636500527,0.00257240375445465,0,0,0,0.00190734327159564,0,0,0.00046428750690157,0,0,0.00271043517542539,0,0.00099131656878984,0,0,0,0,0,0,0,0,0,0,0,0,0.00257240375445465,0,0,0.00494403453295186,0,0,0.0166265120714752,0.025410329769613,0,0.00862068965517241,0,0.00253475882146263,0,0,0,0,0,0,0,0,0,0,0,0,0,0,0,0.00011293479897605,0.00013803142097073,0,0,0,0,0,0,0,0,0,0,0,0,0,0,0
"64",0,0,0.00030924646943614,0.00990963130948699,0.00180050166649486,0.194131189224479,0.00039171219461911,0,0.00122324159021407,0,0.00262515891832457,8.24657251829708e-05,0.0292684602961894,0,0,0.0001168264440092,0.034058344500567,0.0153180084527368,0.00037796790708861,0,0.00222657457994021,0.00627426725767103,0,0.00477613991684706,0,0,0,0.0216335085729993,0,0,0.00048105006356733,0.00147751090952823,0,0,0,0,0.00093461155207366,0,0,0.0600350479332028,0,0,0.00028175789437515,0.00042607291344534,0.075057554204034,0.00408205339655706,0.0209531663402398,0.00391024980242587,0.00659725801463767,0.00047417791980208,0.00434319485963646,0,0,0.00859705185032471,0.00129196302786654,0,0,0.00048105006356733,0.0280108579871491,0,0,0,6.87214376524757e-05,0,0.00564203003126825,0.00475552348555132,0.0086245404253857,0.00012369858777445,0,0,0,0.0139435796996873,0,0.00010995430024396,6.87214376524757e-05,0.00030237432567089,0,0,0,0,0,0,0.00511974710510944,0.00029550218190564,0,0.00705081950314401,0,0,0,0.00033673504449713,0,0.00261141463079408,0.0852008384015394,0,0,0.00085214582689069,0,0.00463182489777686,0.00021303645672267,0,0.0416314469298698,0.0410198261347627,0.00089337868948218,0.0158128028038347,0.00038484005085386,0.00277634608116002,0,0.0046661856166031,0,0.0623234718070302,0.0012713465965708,0,0.00046043363227158,0,0,0.00028863003814039,0,0.00799917534274817,0.00367659691440745,0.0045356148850634,0.0525031783664914,0.00847335326255025,0.00014431501907019,0,0,0,0,0,0.00024739717554891,0.0002748857506099,0,0.00252894890561111,0,0.0006803422327595,0,0.00024739717554891,0,0,0.00014431501907019,0,0,0.00050166649486307,0,0,0.00019929216919218,0,0.00498917637356973,0.00044668934474109,0,0.00476239562931657,0,0.00021990860048792,0.0196474590248428,0.0243205167852111,0,0.0079167096175652,0,0.0012850908841013,0,8.93378689482184e-05,0,0,0,0,0,0,0,0,0,0,0.00015118716283544,0,0,0.00015805930660069,0.0004192007696801,0,0,0,0,0,0,0,0,0,0,0,0,0,0,0
"67",0,0.00084691567139672,0.00089012565463124,0.00873705861002126,0,0.204573344625542,0,0,0,0,0.00135679347356413,0.00235062308795824,0.0202914081269336,0,0,0.00041481583905145,0.0298840244049985,0.0143543564305097,0.00057901377534265,0,0.00137407746685794,0.00414815839051454,0.00020740791952572,0.00429507233351193,0,0,7.77779698221477e-05,0.0237741327756365,0,0,0.00063086575522408,0.00156420139308986,0,0.00069135973175242,0,0,0.00067407573845861,0.00236790708125205,0,0.058774219195603,0,0,0,0.00044938382563907,0.0633631194151097,0.00865063864355221,0.0200407902241734,0.00184074528579083,0.00662841142817637,0,0.00487408610885459,0,0,0.00718149921357831,0.00048395181222669,0,0,0,0.0181395509618542,0,0,0,0,0,0.00642100350865064,0.00972224622776846,0.00910866446583819,0.00558272983390082,0,0,0,0.0189691826399571,0,0,0.00021604991617263,0.00035432186252311,0,0,0,0,0,0,0.00589384171318942,0,0,0.00610989162936205,0.00057037177869575,0,0.00161605337297129,0.00121852152721365,0,0.00210000518519799,0.0888570095234803,0.00028518588934787,0,0.00084691567139672,0.0003370378692293,0.00127901550374198,0.00044074182899217,0,0.0513161760893237,0.0301260003111119,0.00095926162780648,0.015054358158909,0,0.00333581070570545,0.00091605164457196,0.00398396045422334,0.00013827194635048,0.0815545223568453,0.00170247333944034,0,0,0,0.00058765577198956,0.00034567986587621,0,0.00431235632680575,0.00563458181378226,0,0.0535803792108129,0.0116407694833814,0,0,0,0,0,0,0.00035432186252311,5.18519798814318e-05,0,0.00199630122543512,0,0.00096790362445339,0.00061358176193027,0.00018148192958501,0.00026790189605406,0,0,0,0.00014691394299739,0.00020740791952572,0,0,0,0,0.00437285030333408,0,0,0.00819261282126623,0,6.04939765283371e-05,0.0132827488462934,0.0159790518001279,0,0.010949409751629,0,0.0016246953696182,0,0.00018148192958501,0,0,0,0,0.00018148192958501,0,0,0,0.00042345783569836,0,0.00015555593964429,0,0,0,0.00018148192958501,0,0,0,0,0,0,0,0,0,0,0,0,0,0,0
"70",0,0.00068178078005125,0.00281332528779769,0.0108379634346078,0.00085418511523662,0.202191102368992,0,0,0.0019121208084196,0,0.00210803482567571,0.00047019364141465,0.0122015249947103,0.00016456777449513,0.00018024089587561,0,0.0197167866966546,0.0125463336650811,0.00021942369932683,0,0.00166135086633178,0.00423957933342215,0,0.00337755765749528,0.00011754841035366,0,0.00014889465311464,0.0168486054840252,0,0,0.00039182803451221,0.00160649494150007,0,0,0,0,0.00219423699326839,0,0,0.070066689131474,0,0,0.00037615491313172,0.00036048179175123,0.0514626940528341,0,0.0189566403097009,0.00220991011464888,0.00411419436237824,0.00021158713863659,0.00376154913131725,0.00028995274553903,0,0.00663756690463689,0.00075230982626345,0,0,0.00096389696490004,0.0237526154521304,0,0,0,0,0,0.00550126560455147,0.00448251271481972,0.00842430274201258,8.62021675926869e-05,0,0,0,0.0257587749888329,0,0.00014105809242439,0.00014889465311464,0.0002664430634683,0,8.62021675926869e-05,0,0,0,0,0.00309544147264648,0,0,0.00680997123982227,0,0,0.00110495505732444,0.00039966459520245,0,0.00249986286018792,0.0781461832031158,0,0,0.00166135086633178,0,0.00057206893038783,0.00025076994208781,0,0.0503734121168901,0.0283526765773038,0.00058774205176832,0.00992108583384924,0.000673944219361,0.00225692947879035,0.00045452052003416,0.00548559248317099,0,0.137531640113787,0.00048586676279514,0,0.00014105809242439,0,0.00041533771658294,0,0,0.00523482254108317,0.0076484832336784,0,0.0648945590759128,0.00716261647088326,9.40387282829312e-05,0,0,0.00122250346767811,0,0.00025860650277806,0.00028211618484879,0.00023509682070732,0,0.00357347167475138,0.00231178540362206,0,0,0,0,0,0,0,0,0.00086985823661711,0,0,0,0,0.0067629518756808,0,0,0.00597929580665637,0,0.00017240433518537,0.010524501006998,0.016331392478469,0,0.00558746777214416,0,0.0027976521664172,0,0,0,0,0,0,0,0,0,0,0,0,0,0,0,0.0001253849710439,0.00041533771658294,0,0,0,0,0,0,0,0,0,0,0,0,0,0,0
"73",0,0.00037077029154253,0.00065697893764554,0.0149869254686667,0.00113182510049826,0.20637594806614,0,0,0.00240675452404803,0,0.00225714545903964,2.60189678275463e-05,0.0125086187830929,0.00012359009718084,0,0,0.0303055927771345,0.0281330089635344,0.00029271338805989,0,0.00192540361923842,0.00869033525440046,0,0.00561359230879311,0,0,3.90284517413194e-05,0.0181612395436273,0,0,0.00035776080762876,0.00200346052272106,0,0.0003837797754563,0,0,0.00126191993963599,0,0,0.0666801098000442,8.45616454395254e-05,0,0.00015611380696527,0.00061795048590422,0.0636423953061782,0.00298567655821094,0.0265458519260541,0.00196443207097974,0.00496311811310445,0,0.00694706440995486,0,0,0.00854072618939207,0.00126191993963599,0,0,0.00044232245306828,0.0197939297748058,0,0,0,0,0.00020815174262037,0.00632260918209375,0.0109344712295263,0.0108303953582161,8.45616454395254e-05,0,0,0,0.0158325419230619,0,0,0,0.00062445522786111,0,0.00013009483913773,0,0,0,0,0.00395488310978703,0,0,0.00901557235224479,0,0,0,0,0,0.00306373346169357,0.0888352609051999,0.00042931296915451,0,0.00109930139071383,0,0.00051387461459403,0.00024718019436169,0,0.0423458701393316,0.0392756319356811,0.00042931296915451,0.0132306451403073,0.0002406754524048,0.00238724029817737,0.00047484616285272,0.00431914865937268,0,0.0681371719983868,0.00086513068026591,0,0,0,0,0.00029921813001678,0,0.00815044167197887,0.00395488310978703,0,0.0489481832255714,0.00327838994627083,0,0,0,0.00207501268424682,0,0,0.00026669442023234,0.00044882719502517,0,0.00267995368623727,0.00239374504013426,0,0,0.00021465648457725,0,0.000286208646103,0,0,0,0.00048785564676649,0,0,0,0,0.00451429091807928,0,0,0.00450128143416551,0,0,0.0160732173754667,0.0211859445535796,0,0.00625756176252488,0,0.00694055966799797,0,0,0,0,0,0,0,0,0,0,0.00011058061326707,0,5.20379356550926e-05,0,0,7.80569034826388e-05,0.00033174183980121,0,0,0,0,0,0,0,0,0,0,0,0,0,0,0
"76",0,0,0.00082929318703751,0.0104162869536689,0,0.186882586665695,0,0,0.00092042430649218,0,0.00319870229285897,0,0.0194564940035723,0,0,0.00020048846280027,0.0229194765428499,0.00680749462326395,0.00021871468669121,0,0.00154922903072941,0.00455655597273357,0,0.0025243320088944,0,0,0,0.0292986549046768,0,0,0.00059235227645536,0.00172237815769329,0,0,0,0,0.00068348339591003,0,0,0.0833758611890788,0,0,0.00023694091058214,0.00030984580614588,0.0591167571902453,0.00404622170378741,0.0284875879415303,0.00297087449422229,0.00473881821164291,0.0001093573433456,0.00333539897204097,0.0001093573433456,0,0.0089855283782306,0.00015492290307294,0,0,0.00037363758976415,0.0222359931469398,0,0,0,0,0,0.00800131228812015,0.00344475631538658,0.00502132468195239,0.00082018007509204,0.00018226223890934,0,0,0.0142437939707651,0,0,0,0,0,0,0,0,0,0,0.00315313673313163,0,0,0.00516713447307987,0,0.0001640360150184,0,0.00055589982867349,0,0.00253344512083986,0.101000619691612,0,0,0.00105712098567419,0.00012758356723654,0.00085663252287391,0.00011847045529107,0,0.0391043633579995,0.0389950060146539,0.00045565559727335,0.011081544125688,0.00030984580614588,0.00275215980753108,0,0.00472970509969744,0,0.060866474683775,0.00163124703823862,0,0,0,0.0007472751795283,0,0,0.0137061203659826,0.00662523238435461,0,0.0785276856340903,0.0100335362519593,0.00014580979112747,0,0,0.00275215980753108,0,0.00020048846280027,0.00024605402252761,0.00012758356723654,0,0.00404622170378741,0,0.00096598986621951,0.00041920314949148,0,0.00020960157474574,0,0,0,0.00019137535085481,0.00042831626143695,0,0,0,0,0.00527649181642547,0,0,0.00594174898844457,0,0.00020960157474574,0.0157747967776036,0.0251795283053257,0,0.00921335617686728,0,0.00117559144096526,0,0,0,0,0,0,0,9.11311194546714e-05,0,0,0,2.73393358364014e-05,0,0,0,0,0,0,0,0,0,0,0,0,0,0,0,0,0,0,0,0
"79",0.00026144645249844,0.00034314846890421,0.00014706362953037,0.0109235595934508,0.00217327363639335,0.226306415242328,0,0,0.00060459492140266,0,0.00123370044772705,0,0.0211199712408902,0,0,7.35318147651884e-05,0.0292493218732638,0.00789241478479689,0.0003104676623419,0,0.00184646557077029,0.00607863002058891,0,0.0012173600444459,0,0,0,0.0149351285989738,0,0,0.00057191411484035,0.0018056145625674,0,0.00016340403281153,0,0,0.00214876303147162,0.00022876564593614,0,0.072575901173241,0,0,0,0,0.0612846825059642,0.00693650119284944,0.0262590280728128,0,0.00609497042387006,9.80424196869179e-05,0.00290859178404523,0,0,0.0080966698258113,0,0,0,0.00026144645249844,0.0257606457727377,0,0,0,0,0,0.00732867087159711,0.00784339357495343,0.00792509559135919,0.00170757214288049,0,0,0,0.00589888558449623,0,0,0,0.00053106310663747,0,0,0,0,0,0,0.00405242001372594,0.00011438282296807,0,0.00580084316480931,0.00050655250171574,0,0,0.00022059544429556,0,0.00245106049217295,0.121670642831465,0.0001715742344521,0,0.00045753129187228,0,0.00102944540671264,0.00032680806562306,0,0.0414637733259257,0.0322232752704337,0,0.0161933396516226,0.00037582927546651,0,0,0.00383182456943037,0,0.0526651197751561,0.00102127520507206,0,0,0,0.00038399947710709,0.00030229746070133,0,0.00711624562894212,0.00458348312036341,0,0.0511781430765711,0.0149596392038956,0,0,0,0.00142161508546031,0,0.00019608483937383,0.00019608483937383,0.00045753129187228,0,0.00245106049217295,0,0.00091506258374456,0,0,0,0.000694467139449,3.2680806562306e-05,0,0,0,0,0,0,0.00211608222490931,0.00310467662341907,0,0,0.00700186280597405,0,0.00024510604921729,0.0166835517500572,0.0208421843851106,0,0.00811301022909245,0,0.00116833883460244,0,0,0,0,0,0,0,0,0,0,0,0,0,0,0,0,0,0,0,0,0,0,0,0,0,0,0,0,0.00011438282296807,0,0,0
"82",0.00073955186304128,0,0,0.0112348942598187,0,0.233367950654582,0.00064514098690835,0,0,0,0.00377643504531722,0,0.034601586102719,0,0,0.00050352467270896,0.0537984642497482,0.0164746978851964,0.00081822759315206,0,0.00261203423967774,0.00347746727089627,0,0.00701787512588117,0,0,0,0.0304003021148036,4.72054380664653e-05,0,0.00157351460221551,0,0,0,0,0,0.00116440080563948,0,0,0.049612915407855,0,0,0,0.00102278449144008,0.052146273917422,0.00561744712990937,0.0186618831822759,0.00387084592145015,0.00390231621349446,0,0.0027693856998993,0,0,0.0094253524672709,0.00160498489425982,0,0,0,0.0296607502517623,0,0,0,0,0,0.0134535498489426,0.00424848942598187,0.00964564451158107,0,0,0,0,0.00810360020140987,0,0,0,0.00047205438066465,0,0,0,0.00083396273917421,0,0,0.00585347432024169,0.00037764350453172,0,0.00599509063444109,0,0,0,0.00018882175226586,0,0,0.0909334088620342,0,0,0,7.86757301107754e-05,0.0017151309164149,0.00044058408862034,0,0.0546638972809668,0.0548527190332326,0.00121160624370594,0.023335221550856,0,0.00475201409869084,0,0.00423275427995972,0,0.0433031218529708,0,0,0.00058220040281973,0,0,0,0,0.00664023162134945,0,0,0.0178279204431017,0.00349320241691843,0,0,0,0.00105425478348439,0,0,0,0,0,0,3.14702920443102e-05,0.00069234642497482,0,0,0,0,0,0,0,0,0,0,0,0,0.00497230614300101,0.00040911379657603,0,0.00986593655589124,0,0,0.0120059164149043,0.0228474320241692,0,0.00706508056394763,0,0.00236027190332326,0,0,0,0,0,0,0,0,0,0,0,0,0.00036190835850956,0,0,0,0.00055073011077542,0,0,0,0,0,0,0,0,0,0,0,0,0,0,0
"85",0.00101142482691815,0,0.00048434428331291,0.0118379441009715,0.00307701074104675,0.212869312516026,0.00068378016467705,0,0,0,0.00418815350864697,0.00019943588136414,0.0391036781674692,0,0.00022792672155901,0.00049858970341035,0.0452007179691729,0.0197583976751474,0.00047009886321547,0,0.00175218667198496,0.00394598136699051,0,0.00982933986723268,0,0,0,0.0326932391236218,0,0,0.00148152369013362,0.00411692640815978,0,0,0,0,0.00156699621071825,0,0,0.0435197583976751,0,0,0,0.0010684065073079,0.0512692669306818,0.00628223026297046,0.0196301888942705,0.00485768825322659,0.00405994472777002,0,0.00212256759451836,0.00024217214165645,0,0.00737912761047323,0.00189464087295934,0,0,0,0.0351576968004786,0,0,0,0,0.00014245420097438,0.0112396364568791,0.0049004245135189,0.00917405054275051,0,0,0,0,0.00980084902703781,0.0001139633607795,0,0,0,0,0.00039887176272828,0,0.00317672868172882,0,0,0.00719393714920653,0.00032764466224108,0,0.00562694093848828,0,8.5472520584632e-05,0,0.0003703809225334,0,0,0.0863130003703809,0,0,0,0,0.00215105843471324,0.00082623436565144,0,0.052608336419841,0.0634918373742842,0.00203709507393373,0.0171657312174136,0.00021368130146158,0.00417390808854953,0,0.00360409128465198,0,0.0462548790563834,0.00118236986808741,0,0.00048434428331291,0,0,0.00047009886321547,0,0.00575514971936522,0,0,0.0152995811846491,0.00340465540328784,0,0,0,0,0,0,0,0.00039887176272828,0,0.00156699621071825,0,0.00064104390438474,0,0.00012820878087694,0,0,0,0,0,0,0,0,0,0,0.00572665887917035,0.00039887176272828,0,0.0106270833926892,0,0,0.0145588193395823,0.021952192370153,0,0.00960141314567367,0,0.00363258212484686,0,0,0,0.0001139633607795,0,0,0,0,0,0,0,0,0,0,4.2736260292316e-05,0,0,0,0,0,0,0,0,0,0,0,0,0,0.00014245420097438,0,0,0
"88",0,0.00063603375871488,0.00073388510620948,0.00841521588453541,0.00123945040159824,0.229950666612305,0,0,0.00086435356953561,0,0.00195702694989196,4.89256737472989e-05,0.0139845884127696,0,0,0.00030170832144167,0.0181840420760794,0.0080808904472622,0,0,0.00238104945570188,0.00426468789497289,0,0.00121498756472459,0.00027724548456802,0,0,0.0248787051005015,0,0,0.00061157092184123,0.00095405063807232,0,0,0,0,0.00102743914869328,0,0,0.0728095568149386,0,0,0,0.00019570269498919,0.0492436906266563,0.00238920373465976,0.0326741957842378,0.00238104945570188,0.00405267664206792,0.00017939413707342,0.00278876340359604,0,0,0.00859461002160884,0.00061972520079911,0,0,0.0004321767847678,0.0198556692624455,0,0,0,0,0,0.00489256737472989,0.00397928813144698,0.00486810453785624,0,0,0,0,0.0173196885065438,0,0,0,0.00025278264769437,7.33885106209483e-05,0,0,0,0,0,0.00235658661882823,0,0,0.00488441309577201,0,0,0.00088066212745138,0.00026909120561014,0,0.00193256411301831,0.0983569127899865,0,0,0.00066865087454641,0,0.00132099319117707,0.00036694255310474,0,0.0378113915277042,0.0286215191421699,0.00060341664288335,0.0112447506829209,0.00046479390059933,0.00229950666612305,0,0.00625433196069638,0,0.0710237697231622,0.00083989073266196,0,0,0,0.000627879479757,0.00015493130019978,0,0.00924695233823949,0.0057079952705182,0,0.0814286296734211,0.0141232111550536,0.00017939413707342,0,0,0.00368573408896318,0,0,0.00030170832144167,0,0,0.00548782973865536,0.00017939413707342,0.00052187385330452,0,0,0,0.00060341664288335,0,0,0.00020385697394707,0.00042402250580992,0,0,0,0,0.0043054592897623,0,0,0.00563460675989726,0,0.00024462836873649,0.0123700411791087,0.02777347413055,0,0.00698006278794798,0,0.00170424430219758,0,0,0,0,0,0,0,0,0,0,0,0,0,0,0,7.33885106209483e-05,7.33885106209483e-05,0,0,0,0,0,0,0,0,0,0,0,0.00015493130019978,0,0,0
"91",0.00012325643501304,0,0.00078062408841594,0.00815546745002979,0,0.236515403630587,0,0,0,0,0.00209535939522176,8.21709566753631e-05,0.0360045741832549,0,0,8.901853639831e-05,0.0218300841567548,0.00516307511110198,0,0,0.00629977334511117,0.00250621417859857,0,0.00089703294370604,0,0,0,0.0278148688346104,0,0,0.00121886919068455,0.00173928524962852,0,0,0,0,0.00069845313174058,0,0,0.0788087950313962,0.00150646753904832,0,0,0.00017803707279662,0.0503228633839369,0.00188993200353335,0.0211042407061224,0.0026705560919493,0.00335531406424399,0,0.00129419256763697,0,0,0.00728582482521553,0.00069845313174058,0,0,0,0.0286708162999788,0,0,0,0,0,0.00490971466135294,0.00467689695077275,0.00308141087532612,2.05427391688408e-05,0,0,0,0.00831980936338051,6.16282175065223e-05,0,3.42378986147346e-05,0,0,0,0,0.00252675691776742,0,0,0.00256099481638215,0.00025336044974903,0,0.00320466731033916,0,0,0,0.00024651287002608,0,0.00111615549484035,0.103528557831235,0,0,0.00058204427645048,0,0,0,0,0.0601012072283052,0.0320261303642228,0.00218437793162007,0.00556708231475585,0,0.00351965597759472,0.00043139752254565,0.00440984134157782,0,0.068119723083876,0.00016434191335072,0,0,0,0,0,0,0.00728582482521553,0.0121202161096161,0,0.0420099016002794,0.022193005882071,0,0,0,0.00195840780076282,0,0.00015064675390483,0,0,0,0.00256099481638215,0,0.00046563542116039,4.10854783376815e-05,0,0,0,0,0,0,0,0,0,0,0,0.00454679293603676,0,0,0.0102371316858057,0,0.00013010401473599,0.0114628484562132,0.0149756568540849,0,0.00562186295253942,0,0.00279381252696234,0,0,0,0,0,0,0,0,0,0,0,0,0,0,0,0,0,0,0,0,0,0,0,0,0,0,0,0,0,0,0,0
"94",0,0,0.00108288846248836,0.0129756635066588,0,0.235917700476851,0,0,0,0,0.00258373387541083,0,0.0315367517145734,0,0,0,0.0417576989570074,0.0197579649296123,0.0004179569504341,0,0.00305868495544959,0.0075232251078139,0,0.00343864581948059,0,0,0.00039895890723255,0.017953150825465,0,0,0,0.00260273191861238,0,0,0,0,0,0,0,0.0511237342553717,0.00043695499363565,0,0.0001899804320155,0,0.0776829986511389,0.00664931512054258,0.0218097535953797,0,0.00541444231244182,0,0.00450253623876741,0,0,0.0154834052092634,0.00155783954252712,0,0,0.0006839295552558,0.0204988886144727,0.00028497064802325,0.00119687672169767,0,0,0,0.00792218401504645,0.00600338165168988,0.0101449550696278,0.00039895890723255,0,0,0,0.0136595930619146,0,0,0,0,0,0,0,0,0,0,0.00674430533655034,0,0,0.0082451507494728,0,0.00051294716644185,0.00197579649296122,0,0,0,0.0795258088416893,0,0,0.0005699412960465,0,0.00159583562893022,0,0,0.0355073427436974,0.0595398673936585,0.00174781997454262,0.0191310295039611,0.00055094325284495,0.00543344035564337,0,0.00233675931379068,0,0.0523206109770694,0.00123487280810077,0,0.00036096282082945,0,0.0002659726048217,0.0005699412960465,0,0.00596538556528678,0,0,0.0236715618291316,0.00260273191861238,0,0,0,0,0,0,0,0,0,0.00178581606094572,0,0.0005319452096434,0,0,0,0,0,0,0,0,0,0,0,0,0.00469251667078291,0,0,0.00689628968216274,0,0,0.0117787867849611,0.0256093622356897,0,0.00740923684860459,0,0.00279271235062789,0,0,0.00127286889450387,0,0,0,0,0,0,0,0,0,0,0,0,0.00017098238881395,0,0,0,0,0,0,0,0,0,0,0,0,0,0,0,0
"97",0,0,0.0007841138533315,0.0154274400642973,0,0.216003763746496,0,0,0,0,0.00317566110599259,0,0.0350890949365848,0,0,0,0.0382451531962441,0.0208770313449513,0.0007841138533315,0,0.00292082410365985,0.00962499754964421,0,0.0052143571246545,0,0,0.00025483700233273,0.0217003508909494,0,0,0,0.00384215788132437,0,0.00054887969733205,0,0,0.00090173093133122,0,0,0.047301668202223,0,0,0.00025483700233273,0.0004704683119989,0.0716288005018329,0.00670417344598436,0.0216611451982828,0,0.00664536490698449,0,0.00686099621665066,0.00033324838766588,0,0.0115656793366397,0.00133299355066356,0,0,0.0007841138533315,0.0257973457746065,0.00121537647266383,0.00162703624566287,0,0,0,0.00725305314331641,0.00558681120498696,0.0105267284809754,0,9.8014231666438e-05,0,0,0.0129770842726364,0,0,0,0,0,0,0.00115656793366397,0.00099974516299766,0,0,0.00809597553564778,0,0,0.00801756415031462,0,0.00084292239233136,0,0,0,0,0.0770979946288201,0.00019602846333287,0,0.0006272910826652,0,0.00188187324799561,0.00050967400466547,0,0.0304236175092623,0.0512222374688805,0.00262678140866054,0.0194460235626213,0.00019602846333287,0.00582204536098641,0,0.00227393017466136,0,0.0538686217238743,0.00098014231666438,0,0.00056848254366534,0,0.00049007115833219,0.00066649677533177,0,0.010703154097975,0.00290122125732656,0,0.0265226510889381,0.00358732087899163,0,0,0,0.00080371669966479,0,0,0.00019602846333287,0,0,0.00215631309666164,3.92056926665752e-05,0,0,0.00021563130966616,0,0.00068609962166506,0,0,0,0,0,0,0,0,0.00544959128065395,0.00054887969733205,0,0.0069590104483171,0,0,0.0129182757336365,0.0266990767059377,0,0.00766471291631545,0,0.0050575343539882,0,0,0.00178385901632917,0,0.00050967400466547,0,0,0,0,0,0,0,0,0,0,0.0001568227706663,0,0,0,0.00037245408033246,0,0,0,0,0,0,0,0,0,0,3.92056926665752e-05,0
"149",0.00042384594121441,0.00077397954482631,0.000764765502626,0.0127430203630333,0.00114254123283885,0.2,0.00017506680180595,0,0,0,0.00387911176633189,9.21404220031328e-05,0.00602598359900488,0,0,0.00019349488620657,0.0274209895881323,0.00844006265548696,0.00080162167142725,0,0.00571270616419423,0.00158481525845388,0,0.00300377775730213,0,0,0,0.0178844559108081,0,0,0.00043305998341472,0.00186123652446328,0,0,0,0,0.00112411314843822,0,0,0.0696028747811665,0,0,0,0.00027642126600939,0.0465677692803833,0.00176909610246015,0.0142817654104856,0.00192573481986547,0.00469916152215977,0.00032249147701096,0.00078319358702662,0,0,0.0106145766147609,0,0,0,0.00022113701280751,0.0481249424122362,0,0,0,0,0,0.00897447710310513,0.00719616695844467,0.00507693725237262,0,0,0,0,0.0164562793697595,0,0,0.00020270892840689,0.00047913019441629,0,0,0,0.00046991615221597,0,0,0.00179673822906109,0.00037777573021284,0,0.0045793789735557,0.00063576891182161,0,0.00127153782364323,0.00026720722380908,0,0.00245093522528333,0.0950244172118308,0.00020270892840689,0,0.00064498295402192,0,0.00164931355385608,0.00015663871740532,0,0.039528241039344,0.0314014558186676,0,0.0133050769372524,0,0.00206394545287017,0.00156638717405326,0.00452409472035382,0.00025799318160877,0.0604349027918548,0.00101354464203446,0,0,0,0.00038698977241315,0.00038698977241315,0,0.00830185202248226,0.0070763844098406,0,0.101704597807058,0.00648668570902055,0.00020270892840689,0,0,0.00457016493135539,0,0.00020270892840689,0,0.00024877913940845,0,0.00415553303234129,0,0.00078319358702662,0,0,0,0.00054362848981848,0,0,0,0,0,0,0,0.00175066801805952,0.0020823735372708,0.0004883442366166,0,0.00453330876255413,0,0,0.0188335022574403,0.0313738136920667,0,0.00852298903528978,0,0.00138210633004699,0,0,0,0,0,0,0,0,6.44982954021929e-05,0,0,0,0,0,0,0.00018428084400626,0,0,0,0,5.52842532018797e-05,0,0,0,0,0,0,0,0,0,0,0
"166",0.00026447252424331,0,0.00111666176902733,0.0077284748751102,0,0.260858066411989,0,0,0,0,0.00202762268586541,0.00017631501616221,0.036115192477226,0,0,0,0.0245077872465472,0.012577137819571,0,0,0,0.00558330884513664,0,0.0023508668821628,0,0,0,0.024390243902439,0,0,0,0,0,0,0,0,0.00114604760505436,0,0,0.0511607405230679,0,0,0,0,0.0459006758742286,0.00223332353805466,0.0340287981193065,0,0.00549515133705554,0,0.00373200117543344,0,0,0.00766970320305613,0.00085218924478401,0,0,0.00191007934175727,0.0236555980017631,0,0,0,0,0,0.00908022333235381,0.00517190714075815,0.0083161915956509,0,0,0,0,0.0192771084337349,0,0,0,0,0,0,0,0,0,0.00023508668821628,0.00464296209227153,0,0,0.00784601821921834,0,0,0,0,0,0,0.0693799588598296,0,0,0.00108727593300029,0,0,0,0,0.0320599471054952,0.0349985307081986,0.00085218924478401,0.0153981780781663,0,0.00437848956802821,0,0.00631795474581252,0,0.0984425506905671,0.00105789009697326,0,0,0,0,0.00032324419629738,0,0.00764031736702909,0,0,0.0488686453129592,0.00193946517778431,0,0,0,0.00349691448721716,0,0,0.00017631501616221,0,0,0.00170437848956803,0,0.00082280340875697,0,0,0,0,0,0,0,8.81575080811049e-05,0,0,0,0,0.00669997061416397,0,0,0.00681751395827211,0,0,0.0116661769027329,0.0241551572142227,0,0.00734645900675874,0,0.00423156038789304,0,0,0,0,0,0,0,0,0,0,0,0,0,0,0,0,0,0,0,0,0,0,0,0,0,0,0,0,0,0,0,0
"175",0,0,0.00057115240982382,0.00711743772241993,0.00518430648917007,0.258732041650191,0,0,0,0,0.00241641404156232,0,0.0326435569614692,0,0,0,0.0593119810201661,0.008611220948113,0,0,0,0.00518430648917007,0,0.00140591362418171,0,0,0,0.0288212292957251,0,0,0,0,0,0,0,0,0,0,0,0.0554017837529107,0,0,0,0,0.052897500109837,0,0.0325117525592021,0.00294363165063046,0.00659022011335179,0,0.00136197882342604,0.00035147840604542,0,0.00782039453451079,0.00136197882342604,0,0,0,0.0220992047801063,0,0,0,0,0,0.0135758534335047,0.00584332850050525,0.00724924212468696,0,0,0,0,0.016124071877334,0,0,0,0,0,0,0,0,0,0,0.00540398049294846,0,0,0.00698563332015289,0,0,0,0,0,0,0.0687140283818813,0,0,0,0,0,0.00074689161284653,0,0,0.0396731250823778,0,0.0144984842493739,0,0.00663415491410746,0,0.00694169851939721,0,0.0907253635604763,0.00070295681209085,0,0,0,0,0.00021967400377839,0,0,0,0,0.0500417380607179,0.00250428364307368,0,0,0,0.00412987127103379,0,0,0,0,0,0.00193313123324986,0,0,0,0,0,0,0,0,0,0,0,0,0,0,0.00724924212468696,0,0,0.00773252493299943,0,0,0.0129607662229252,0.0240762708141119,0,0.00883089495189139,0,0.00316330565440886,0,0,0,0,0,0,0,0,0,0,0,0,0,0,0,0,0,0,0,0,0,0,0,0,0,0,0,0,0,0,0,0
"271",0,0,0.00200472839386691,0.00656721370404679,0,0.185167775027997,0,0,0.00116135989713669,0,0.00139639701917626,0,0.0107840561876979,0,0,0,0.0162037357076691,0.0110882218750432,0,0,0.00188029697631655,0.00331817113467627,0,0.00107840561876979,0,0,0,0.0140054473309461,0,0,0.00076041421836331,0,0,0,0,0,0.00035946853958992,0,0,0.0798849700673312,0,0,0.00037329425265108,0,0.0626581315931369,0.00270983975998562,0.0124984446072806,0,0.00573767092037772,0.0001106057044892,0.00342877683916548,0,0,0.0073276279224101,0.00055302852244604,0,0,0.00047007424407913,0.0258955605635361,0,0,0,8.29542783669068e-05,0,0.00681607653914751,0.0086272449501583,0.00460396244936333,0,0,0,0,0.0193698239986727,0,0,0.00016590855673381,0.00024886283510072,0,0,0,0,0,0,0.00244715121182375,0.0001106057044892,0,0.00597270804241729,0,0,0,0.00152082843672662,0,0.00167291128039929,0.100194942554162,0,0,0.00174203984570504,0,0,0.00019355998285611,0,0.0433297847336476,0.0206832667394821,0,0.00960887057750003,0.00031799140040647,0,0.00200472839386691,0.00485282528446405,0,0.122730854843839,0.00098162562734173,0,0,0,0.00033181711346762,0,0,0.00648425942567988,0.0055717623636439,0,0.112292441482669,0.00902819062893169,0,0,0,0.00132726845387051,0,0,0.00041477139183453,0,0,0.00436892532732376,0,0.00019355998285611,0,0.00030416568734532,0,0,0,0,0,0.00040094567877338,0,0,0,0,0.00474221957997484,0,0,0.00521229382405398,0,0,0.0146690815578813,0.0126920045901367,0,0.00483899957140289,0,0.00107840561876979,0,0,0,0,0,0,0,0,0,5.53028522446045e-05,0,0,0,0,0,0,0,0,0,0,0,0,0,0,0,0,0,0,0.00029033997428417,0,0,0
"274",0,0,0.00156113490210682,0.0200226292949113,0,0.169447587402071,0,0,0.00110282006846078,0,0.00189054868878991,0.00025780209392589,0.0177453774652325,0.0001861904011687,0,0,0.0416780051846866,0.0249351914180547,0.00116010942266653,0,0.00232021884533307,0.00647369702525028,0.00024347975537445,0.00706091290585927,0,0.00021483507827158,0.00020051273972014,0.0165279786883602,0,0,0.00187622635023847,0.00451153664370318,0,0.00040102547944028,0,0,0.00025780209392589,0,0,0.0564873032468741,0,0,0,0.00088798499018919,0.0387562481201931,0.00842153506824594,0.0133340971913894,0,0.00650234170235316,0,0.0045545036593575,0,0,0.0106128528666161,0,0,0,0.00027212443247733,0.0432964294409991,0,0,0,0,0,0.0290743472594205,0.0121883101072743,0.0089228169175463,0.00045831483364603,0,0,0,0.0121883101072743,0,0,0,0,0,0,0,0,0,0,0.00484095043038627,0,0,0.00634479597828734,0.00229157416823019,0,0.00206241675140717,0.00077340628177768,0,0.0036665186691683,0.119706105612924,0,0,0.00071611692757193,0,0.00289311238739061,0.00025780209392589,0,0.0468483694017559,0.0355910113003251,0,0.0215837641970181,0.00042967015654316,0.00482662809183484,0,0.0019621603815471,0,0.0366365420145801,0.00057289354205754,0,0.00075908394322625,0,0,0.00038670314088884,0,0.0106844645593733,0.0048123057532834,0,0.0600392432076309,0.00383838673178557,0,0,0,0.00224860715257587,0,0,0.00020051273972014,0,0,0.00186190401168703,0,0.00030076910958021,0.00098824136004926,0,0.00064450523481474,0,0,0,0,0,0,0,0,0,0.00201944973575285,0,0,0.00355193996075679,0,0,0.0163274659486401,0.0206384898526231,0,0.00896578393320061,0,0.00266395497056759,0,0,0,0,0,0,0,0,0,0,0,0,0.00022915741682301,0,0,0,0.00080205095888056,0,0,0,0,0,0,0,0,0,0,0,0,0,0,0
"295",0,0,0.00142183099229313,0.00763441736626185,0.00122259352840492,0.206464350078337,0,0,0.0010867498030266,0,0.00177502467827678,0.00026263120239809,0.00647521757636681,0,0,0,0.0208655962181107,0.00672879253040635,0,0,0.00166634969797412,0.0038217368073102,0,0.00105958105795093,0.00017206871881254,0,0,0.0180672154753172,0,0,0,0,0,0,0,0,0.00065204988181595,0,0,0.0859256844259697,0,0,0,0,0.0541744776808759,0.00306101194519158,0.0214633086097753,0.00203765588067487,0.00402097427119841,9.05624835855499e-05,0.00425643672852084,0,0,0.00652955506651814,0,0,0,0,0.0185562528866792,0,0,0,9.96187319441048e-05,0,0.00539752402169877,0.00470019289809004,0.00336892438938245,0,0,0,0,0.0211372836688673,0,0,0,0,0,0,0,0,0,0,0.00337798063774101,0,0,0.00737178616386376,0,0,0,0.00024451870568098,0,0.00134032475706614,0.0939857454650836,0,0,0.00115919978989504,0.00012678747701977,0,0,0,0.0331277564955941,0.0278932449443494,0,0.0062578676157615,0.00076978111047717,0.00292516821981326,0,0.00732650492207098,0,0.0826473225201728,0.00073355611704295,0,0,0,0.00025357495403954,0,0,0.0104780793508481,0.00459151791778738,0,0.1126868983255,0.0302931507593664,0,0,0,0.00273498700428361,0,0,0,0.00030791244419086,0,0.00373117432372465,5.43374901513299e-05,0.00081506235226994,0,0.00043469992121063,0,0,0,0,0,0.00041658742449352,0,0,0,0,0.00539752402169877,0,0,0.00460057416614593,0,0.00017206871881254,0.0148703598047473,0.0162106845618134,0,0.0073627299155052,0,0.00065204988181595,0,0,0,0,0,0,0,0,0,0,0,0,0,0,0,0,0,0,0,0,0,0,0,0,0,0,0,0,0.00045281241792774,0,0,0
"319",0,0,0.00059192112228244,0.0101218511910299,0.00142061069347787,0.246086978580911,0.00104008997201059,0,0,0,0.00165737914239085,0,0.0327501500942846,0,0,0.00036360868940207,0.039616435112761,0.00968213835733433,0.00032978462527165,0,0.00084560160326064,0.00353461470162947,0,0.00147134678967351,9.30161763586704e-05,0,0,0.0283107416771662,0,0,0.0011922982605975,0.00169965922255389,0,0,0,0,0.00077795347499978,0,0,0.064451754200526,0.00028750454510861,0,0,0,0.048875772668465,0.00397432753532501,0.0171488005141258,0.00200407579972772,0.00241842058532543,0,0.00161509906222782,0,0,0.00690010908260682,0.00075258542690196,0,0,0.00037206470543468,0.0221632180214614,0,0,0,0,0,0.0100457470467364,0.00416035988804235,0.00659569250543299,0.0001437522725543,0,0,0,0.0112803253874969,0,0,0,0,8.4560160326064e-05,0,0,0,0,0,0.00353461470162947,0.00021985641684776,0,0.00403351964755325,0.00076949745896718,0.00020294438478255,0,0.0003974327535325,0,0.00137833061331484,0.110114240776601,0,0,0.00047353689782595,0,0.00095552981168452,0,0,0.0507614642437362,0.0320990368597739,0.0003974327535325,0.010806788489671,0.00033824064130425,0.00230849237690155,0,0.00592766723885708,0,0.0594035126290599,0.00031287259320643,0,0.00020294438478255,0,0,0,0,0.00603759544728097,0.00332321430081431,0,0.0369358780304247,0.0162609188307021,0,0,0,0.00078640949103239,0,0,0,0,0,0.00126840240489096,0,0.00065111323451069,0,0,0,0,0,0,0,0,0,0,0,0,0.00432948020869448,0,0,0.00816851148749778,0,0.00015220828858691,0.0128869684336922,0.0287758225589596,0,0.00851520814483464,0,0.00219010815244506,0,0,0,0,0,0,4.2280080163032e-05,0,0,0,0,0,0,0,0,0,0,0,0,0,0,0,0,0,0,0,0,0.00017757633668473,0,0,0,0
"373",0,0,0.00091141984431963,0.0228101290767563,0.00211843531382402,0.221672085919795,0,0,0.00128091437580057,0,0.00401517390875948,0,0.0208641245442901,0,0,0.00046802640654251,0.0618780175386738,0.00852300719282688,0.00034486156271553,0,0.00162577593851611,0.00773475219233422,0,0.00184747265740467,0,0,0,0.0231057247019411,0,0,0.002241600157651,0.00263572765789733,0,0,0,0,0.00187210562617007,0,0,0.0668538772292837,0,0,0,0.00046802640654251,0.0476894275298059,0.00179820671987388,0.0195832101684895,0.0016750418760469,0.00275889250172431,0,0.00443393437777121,0,0,0.00936052813085033,0.00086215390678884,0,0,0.00049265937530791,0.0362104640851315,0,0,0,0,0,0.00773475219233422,0.0072913587545571,0.0100995171938122,0.00029559562518474,0,0,0,0.0109863040693664,0,0,0,0,0,0,0,0.00076362203172726,0,0,0.00330081781456301,0.00036949453148093,0,0.00591191250369495,0,0,0.00093605281308503,0.00061582421913489,0,0.0033500837520938,0.0994432949059021,0.00032022859395014,0,0.00076362203172726,0,0.00332545078332841,0,0,0.0462114494038822,0.0240417775150261,0,0.0163562912602227,0,0,0,0.00219233422012021,0,0.0409892600256183,0.00034486156271553,0,0.00044339343777712,0,0,0,0,0.00677406641048379,0.00569021578480639,0,0.0514829047196768,0.00310375406443985,0,0,0,0.00061582421913489,0,0,0,0,0,0.00133018031333136,0,0.00100995171938122,0,0,0,0,0,0,0,0.00024632968765395,0,0,0,0,0.00174894078234309,0,0,0.00332545078332841,0,0,0.0175633067297271,0.0350034486156272,0,0.00569021578480639,0,0.00219233422012021,0,0,0,0,0,0,0,0,0,0,0,0,0,0,0,0,0,0,0,0,0,0,0,0,0,0,0,0,0,0,0,0
