"Sample","Riqueza","Acidimicrobiia","Acidobacteriae","Actinobacteria","AD3","Alphaproteobacteria","Anaerolineae","Babeliae","Bacilli","bacteriap25","Bacteroidia","Bdellovibrionia","Blastocatellia","Chitinivibrionia","Chlamydiae","Chloroflexia","Chthonomonadetes","Clostridia","Cyanobacteriia","Dehalococcoidia","Elusimicrobia","Entotheonellia","FFCH5909","Fimbriimonadia","Gammaproteobacteria","Gemmatimonadetes","Gitt.GS.136","Holophagae","Ignavibacteria","JG30.KF.CM66","Kapabacteria","KD4.96","Ktedonobacteria","Limnochordia","Lineage.IIa","Lineage.IIb","Lineage.IIc","Longimicrobia","MB.A2.108","Methylomirabilia","Myxococcia","Nitrososphaeria","Nitrospiria","Oligoflexia","Parcubacteria","Phycisphaerae","Pla4.lineage","Planctomycetes","Polyangia","Saccharimonadia","Sericytochromatia","Spirochaetia","Subgroup.5","Syntrophobacteria","Thermoanaerobaculia","Thermoleophilia","Thermoplasmata","TK10","Unclassified.Class.in.Chloroflexi","Unclassified.Class.in.Cyanobacteria","Unclassified.Class.in.Desulfobacterota","Unclassified.Class.in.FCPU426","Unclassified.Class.in.Firmicutes","Unclassified.Class.in.GAL15","Unclassified.Class.in.Latescibacterota","Unclassified.Class.in.Margulisbacteria","Unclassified.Class.in.Myxococcota","Unclassified.Class.in.NB1.j","Unclassified.Class.in.Patescibacteria","Unclassified.Class.in.Proteobacteria","Unclassified.Class.in.RCP2.54","Unclassified.Class.in.SAR324.clade.Marine.group.B.","Unclassified.Class.in.TX1A.33","Unclassified.Class.in.WPS.2","Vampirivibrionia","Verrucomicrobiae","Vicinamibacteria"
2,"pasto",0.0223426530360882,0.36445375046188,0.0776819805394753,0.0304778913659318,0.2609311491563,0.000123167877817465,4.31087572361128e-05,0.0338465328242394,0,0.00207537874122429,0,0.000560413844069467,0,0,0,0,0.00107771893090282,0,0,0,0.000123167877817465,0,0,0.0372336494642197,0.00302377140041877,0.000209385392289691,0.000973026234757975,0,0.000960709446976229,0,0,0.0224781377016874,0,0.000468037935706368,5.54255450178593e-05,0,6.15839389087326e-05,0,0.000628156176869072,0.00517305086833354,0.000129326271708338,0,7.39007266904791e-05,0,0.00028328611898017,0,0.00193989407562508,0.00501293262717083,0.0022108634068235,0.00030176130065279,0,0.005296218746151,0,0,0.0340559182165291,0,0.0106232294617564,0.00102229338588496,0,0.000338711663998029,0,0,0.00266658455474812,0,0,0,0,0,0,0.00450178593422835,0,0,0.031050621997783,0,0.0304286242148048,0.00506219977829782
4,"div",0.0146618791143028,0.397602596884464,0.0744156103222531,0.0499066064595688,0.195192499501297,0,0,0.0130297589902617,0,0.00444299367100085,0,0.00222149683550043,0,0,0,0,0,0,0,0,0,0,0.000398962696987832,0.0523003826414957,0.0050233030484377,0,0.00100647407649203,0,0,0,0,0.0375750321890358,0,0,0,0,0,0,0.0018588034746024,0.0229312877427779,0.000136010010336761,0.00012694267631431,0.000353626026875578,0,0.000290154688718423,0.000117875342291859,0.00190414014471465,0.00874090999764249,0.00296501822534139,0.000716319387773607,0,0.0025025841901964,0,0,0.0296411149193914,0,0.00706345320348911,0.000661915383638902,0,0.000525905373302142,0.000281087354695972,0,0.00364506827702519,0,0,0,0.000852329398110368,0,0,0.00565801643000925,0,0,0.0304753096494569,0,0.0262045953248826,0.00456993634731516
10,"tri",0.0145936468646865,0.338428217821782,0.104269801980198,0.0222462871287129,0.272277227722772,0.000216584158415842,0,0.0437396864686469,0,0.00634282178217822,0,0.00443481848184818,0,3.09405940594059e-05,0,0,0.00241336633663366,6.18811881188119e-05,0.000278465346534653,0,0,0,0.000340346534653465,0.0382838283828383,0.00313531353135314,0,0.00233085808580858,0,0.000556930693069307,0.000123762376237624,0.000670379537953795,0.0225350660066007,0,0,0,0,0,0,0.00241336633663366,0.0087046204620462,0,0,0,0,0,0,0.000897277227722772,0.00981848184818482,0.00555899339933993,0.000453795379537954,0,0.00536303630363036,0,0,0.0203898514851485,0.000144389438943894,0.00691006600660066,0,0,0.00234117161716172,0,0,0.000897277227722772,0.000598184818481848,0,0,0.000433168316831683,0,0,0.00478547854785479,0,0,0.0100041254125413,0,0.0363448844884488,0.00663160066006601
13,"hexa",0.0194681558545673,0.381965764469021,0.0712405141706675,0.042826298863978,0.24109721323871,0.000337071486485255,0,0.0159972305477867,0.000255081124907761,0.00392642731554446,0,0.000273301205258315,0,7.28803214022174e-05,0,0,0.000163980723154989,0,0,0,0,0,0.00041906184806275,0.0567191101312757,0.0039901975967714,0,0.00145760642804435,0,0.000537492370341353,0.000191310843680821,0,0.0179194490247702,0,0,0,0,0,0,0.00112964498173437,0.0146398345616704,0,0,0,5.4660241051663e-05,0.000227751004381929,0,0.000737913254197451,0.00829924659967751,0.00185844819575654,0,0,0.00383532691379169,0,0,0.0310287968369941,0.00012754056245388,0.00987528355000046,0.00183111807523071,0,0,0.000391731727536918,0,0.00429082892255555,0,0,0,0.000182200803505543,0,0,0.00414506827975111,0,0,0.0340351100948355,0.000446391968588581,0.0180196594666982,0.0059852963951571
16,"tri",0.0148874161050316,0.382350880634449,0.0596547520632207,0.0810646078829744,0.18246717762614,0.000154128543205033,7.00584287295605e-05,0.0108800739817007,0,0.00480600821084785,0.000308257086410066,0.000490409001106923,0,9.10759573484286e-05,9.80818002213846e-05,0,0,0,0,0,0,0,0.000203169443315725,0.0476327256932281,0.00844204066191204,0,0.00186355420420631,0,0,0,0,0.0415726716081212,0,0.000651543387184912,0,0,0,0,0.00253611512001009,0.0207443007468229,0.000203169443315725,0.000889742044865418,0.00106488811668932,0,0.000245204500553462,0,0.00107889980243523,0.00647339881461139,0.00268323782034217,0.00086872451624655,0,0.00240300410542392,0,0,0.0280794182348078,6.30525858566044e-05,0.0101234429514215,0.00186355420420631,0,0.000525438215471703,0,0,0.00743319928820636,0,0,0,0.000686572601549692,0,0.00248006837702644,0.00453978618167552,0,0.000189157757569813,0.0463646681332231,0.000665555072930824,0.0147683167761913,0.00533845226919251
19,"tri",0.0242184484754921,0.338989358769366,0.106853393615262,0.0913464189226443,0.208813475216408,5.51359100181949e-05,6.89198875227436e-05,0.0116474609913437,0,0.00275679550090974,0.000192975685063682,0.000344599437613718,0,0,0,0,0.000620278987704692,0.000179191707559133,0.000151623752550036,0,8.27038650272923e-05,0,0.000441087280145559,0.0359072613993494,0.00682306886475161,0,0.000275679550090974,0,0.0010475822903457,0,0,0.0238324971053647,0,0.000482439212659205,0,0,0,0,0.00151623752550036,0.0100347356233115,0,0,6.89198875227436e-05,0,0,0,0,0.00651982135965154,0.00384572972376909,6.89198875227436e-05,0,0.00290841925345978,0,0,0.0460936207752109,0,0.0133704581794123,0.00226057231074599,0,0,0,0,0.00474168826156476,0,0,0,0,0,0,0.00170921321056404,0,0,0.0365964602745768,0,0.0100623035783206,0.00507250372167393
25,"mono",0.0314617937076413,0.321348335730333,0.123788575242285,0.0797119840576032,0.197240160551968,0.000234999953000009,0,0.0106313978737204,0,0.0025003994999201,0,0.000422999915400017,0,0,0,0,0,0,0,0,9.39999812000038e-05,0,0,0.050421589915682,0.00529219894156021,0,0.000610999877800024,0,0.000704999859000028,0,0,0.0220241955951609,0,0,0,0,0,0,0.000845999830800034,0.0074541985091603,0.000272599945480011,0,8.45999830800034e-05,0,0.000234999953000009,0,0,0.00642959871408026,0.00225599954880009,0.000225599954880009,0,0.00349679930064014,0,0.000451199909760018,0.0557231888553622,0,0.0115619976876005,0.00181419963716007,0,0,0,0,0.00384459923108015,0,0,0,0.000375999924800015,0,0,0.00273539945292011,0,0,0.0417077916584417,0,0.00912739817452037,0.00486919902616019
28,"mono",0.0205769925641367,0.339273149116635,0.0647072247684613,0.0719624213148736,0.196489359678984,0.000808246011068216,0.000751193351463401,0.0117433391019911,0,0.00427894947036114,0,0.00137877260711637,0,0,0.000342315957628891,0,0.000998421543084267,0.00341365079968811,5.70526596048152e-05,0,0.000465930053439325,0,0.000551509042846547,0.0325580510811479,0.00623775745012647,0,0.00198733430956773,0,0.000827263564269821,0,0,0.0494646558773748,0,0.000817754787669019,4.75438830040127e-05,0,0,0.000285263298024076,0.000798737234467413,0.0191316585208147,0.00052298271304414,0.000209193085217656,0.000408877393834509,0,0,0,0.00542951143905825,0.0105547420268908,0.000684631915257783,0,0,0.00719814388680752,0,0.000608561702451363,0.0473632162485975,0,0.0154517619763041,0.000275754521423274,0,0,0.000418386170435312,0,0.00454519521518361,0,0,0,0.000332807181028089,0,0,0.00741684574862598,0,0,0.0202441853831086,0.000294772074624879,0.0366848601258962,0.0114010231443622
34,"mono",0.0192311878278662,0.330314969199626,0.0745956770640604,0.0681308634988355,0.163731742887617,0.000859798437125879,0.00129513941794911,0.0128207918852441,0,0.0053111599660434,0.00014148581876755,0.00143662523671666,0,8.7068196164646e-05,0.000500642127946714,0,0.00088156548616704,0.00363509718987397,0,0,0.000794497290002394,8.7068196164646e-05,0.000805380814522975,0.0387126967197057,0.00793408937550336,0,0.00240525891904834,0,0.000859798437125879,0,0,0.0517293920463203,0,0.000935983108769944,0,0,0,0,0.000859798437125879,0.0215493785507499,0.000272088113014519,0.000304738686576261,0.000511525652467295,0,0.000272088113014519,0.00029385516205568,0.00581180209399012,0.0113841666485275,0.000511525652467295,0,0,0.0082497115866002,0,0.000935983108769944,0.0537754946561895,0,0.0198515487255393,0.00261204588493938,0,0,0.000544176226029037,3.26505735617422e-05,0.00467991554384972,0,0,0,0.000522409176987876,0,0,0.00797762347358569,0,0,0.0201562874121155,0.000250321063973357,0.0393983587645023,0.0120045275462006
37,"hexa",0.0247538954598733,0.286071425644052,0.0955320038360341,0.109826968631405,0.236940680814092,7.37698871320727e-05,6.55732330062868e-05,0.00815567085515692,0,0.0030737452971697,0,0.00174588732879239,0,2.45899623773576e-05,0,0,0.00390160736387407,3.27866165031434e-05,0.000106556503635216,0,0.000360652781534578,0,0.000467209285169794,0.0259014270374833,0.0051556954451193,0,0.000991795149220088,9.01631953836444e-05,0.000934418570339587,1.63933082515717e-05,0.000655732330062868,0.027598134441521,0,0,0,0,0,0,0.00117212153998738,0.0220489995983639,0.000147539774264145,0.000352456127408792,0,0,0,0.00019671969901886,0.00290981221465398,0.00997532807108138,0.000803272104327014,0,0,0.00487700920484258,0,0.000704912254817584,0.0451963508495832,0.000221309661396218,0.0213113007270432,0.00447537315267908,0,0,0,0,0.00474586273883001,0.000213113007270432,4.09832706289293e-05,0,0.000549175826427652,0,0,0.00316390849255334,0,0,0.0161474086277981,0.000286882894402505,0.0185080450160245,0.00947533216940845
40,"mono",0.0202878086259526,0.409577008534585,0.0586519093797371,0.0723570820441473,0.198444670556721,0.000207654131278942,0.000176506011587101,0.00745478331291401,0,0.00124592478767365,0,0.000934443590755238,0,0,0,0,0,0,0,0,0.000280333077226571,0,0,0.0436177502751417,0.00665531490749008,0,0.00113171501547023,0,0.00102788794983076,0,0,0.0244097431318396,0,0.0012563074942376,0,0,0,0,0.000706024046348402,0.0203604875719002,0.000114209772203418,0.000228419544406836,0,0,0,0,0.00208692401935337,0.00993625018169736,0,0,0,0.00781817804265216,0,0,0.0295907137072492,0.000259567664098677,0.01020620055236,0.00281371347882966,0,0,0.000508752621633407,0,0.00499408185725855,0,0,0,0.000664493220092614,0,0,0.00559627883796748,0,0,0.0185123658035177,0.000342629316610254,0.0289469859002845,0.00859688103494819
43,"mono",0.0192368681863231,0.328473736372646,0.0902477700693756,0.103191278493558,0.174796828543112,0.000445986124876115,0,0.00961347869177403,0,0.00427155599603568,0,0.00206144697720515,0,0,0.000327056491575818,0,0,5.94648166501487e-05,0,0,0.000475718533201189,0,0,0.0350941526263627,0.00533201189296333,0,0.000376610505450942,0,0.000644202180376611,0,0.000247770069375619,0.0434985133795837,0,0,0,0,0,0,0.00163528245787909,0.0296927651139742,0.000515361744301288,0.000713577799801784,0,0,0,0.000128840436075322,0.00402378592666006,0.00553022794846383,0.00134786917740337,0.000317145688800793,0,0.0045193260654113,0,0,0.0347373637264618,0,0.0191575817641229,0.00272547076313181,0,0,0,0,0.00623389494549058,0,0,0,0,0,0,0.00580773042616452,0,0,0.0252923686818632,0.000237859266600595,0.0288602576808722,0.0101288404360753
46,"mono",0.0216104576480367,0.331410724630381,0.125746165277183,0.0464952270609274,0.244616275848173,0,0,0.0400851321058862,0,0.00157418834848752,0,0.000465959751152306,0,0,0,0,0,0,0,0,0,0,0,0.049190237513538,0.00251870135758003,0,0.000667455859758708,0,0.000541520791879707,0,0,0.0179331536659698,0,0,0,0,0,0,0.000957106515880412,0.00629675339395008,0,0,0,0,0,0,0.000868951968365111,0.00751832355237639,0.000528927285091807,0,0,0.00630934690073798,0,0,0.0337380046847845,0,0.0116489937788076,0.00294688058836864,0,0,0,0,0.00206533511321563,0,0,0,0.000214089615394303,0,0,0.00449588192328036,0,0,0.0135128327834169,0,0.0186006095257285,0.00744276251164899
49,"tri",0.0199983550119262,0.299881325860388,0.110637197880315,0.0490088946855135,0.223401130341805,0.000657995229534586,0,0.01398239862761,0,0.00829543985806103,8.22494036918232e-05,0.00123374105537735,0,0,0.000505246336964057,0,0.000481746507337822,0,0,0,0,0,0.000528746166590292,0.0452489219453159,0.0104691740984878,0,0.00125724088500358,0,0,0,0.000963493014675644,0.0319362684620536,0,0.000328997614767293,0,0,0,0,0.000951743099862526,0.0141116476905542,9.39993185049408e-05,0.000422996933272234,0,0,0.000646245314721468,0,0.0035367243587484,0.0118674139612488,0.00240873253668911,0.000446496762898469,0,0.0058749574065588,0,0,0.0543316060958558,0.000328997614767293,0.0197046071415982,0.000763744462852644,0,0.000622745485095233,0,0,0.00224423372930546,0,0,0,0,0,0,0.00365422350687958,0,0,0.0262845594369441,0,0.0234998296262352,0.00930593253198914
52,"mono",0.0288466531650828,0.247468453030067,0.149659863945578,0.0688321129978709,0.232694604559381,0.000181752090149037,0,0.0126187879732045,0,0.00589396063769019,0,0.00301189177961261,0,0,0.0004933271018331,0,0.000103858337228021,0.000830866697824168,0,0,0,0,0,0.0474372955288986,0.0105156566443371,0,0.0004933271018331,0,0,0.000233681258763047,0.00275224593654256,0.0217583216492704,0,0,0,0,0,0,0,0.0171366256426235,0,0.000103858337228021,0,0,0.000675079191982136,0,0,0.0133198317494937,0.000311575011684063,0,0,0.00275224593654256,0,0,0.0660019733084073,0,0.0180453860933686,0.000960689619359194,0,0.000441397933219089,0,0,0.00262242301500753,0.000233681258763047,0,0,0,0,0,0,0,0,0.014877706807914,0,0.0212649945474373,0.0074258711118035
55,"tri",0.0231737457640074,0.291194231406222,0.112441715290341,0.123690982750274,0.194626340866818,0.00010191861798354,0.000140138099727368,0.0100517236986266,0,0.00329961525721711,0,0.000293016026702678,0,0,0.000433154126430046,0,0,0,0.00010191861798354,0,0,0,0,0.0333528677351135,0.00848472494712972,0,0.00151603944250516,0,0.000917267561851861,0,0,0.0505898540015797,0,0,0,0,0,0,0.000547812571661528,0.0119499579585701,0.00015287792697531,0.00015287792697531,0.000318495681198563,0,0,0.000140138099727368,0.00208933166866257,0.00727444135857518,0.00105740566157923,0.000267536372206793,0,0.00507045124468112,0,0.000611511707901241,0.0453792646571713,0,0.0204729023874436,0.003325094911713,0,0,0.000407674471934161,0,0.00458633780925931,0,0,0,0,0,0,0.00284098147629118,0,0,0.0177720590108798,0,0.0144597039264148,0.00671388895966571
58,"alt_div",0.0166890120665159,0.343985752306245,0.0936905929201769,0.128309287014988,0.194665119164349,0,0,0.00970524083004823,0,0.00520280951713926,0,0.00020010805835151,0,0,0,0,0,0,0,0,0.00040021611670302,0,0,0.0341784563664379,0.00500270145878775,0,0,0,0.000780421427570888,0,0,0.0286154523442659,0,0,0,0,0,0,0.00122065915594421,0.021471594661117,0,0,0,0,0,0,0.0019610589718448,0.00592319852720469,0.00120064835010906,0.000500270145878775,0,0.00368198827366778,0,0,0.031937246112901,0,0.0185900386208553,0,0,0,0,0,0.00420226922538171,0,0,0,0,0,0,0.00350189102115142,0,0,0.0249934964881036,0,0.0121865807536069,0.00720389010065435
61,"mono",0.0212191938965015,0.379460924559554,0.0751392862520705,0.091853636500527,0.21146413692717,0.000250966219946795,0,0.0122471515334036,0,0.00383978316518597,0,0.000388997640917533,0,0,0.000388997640917533,0,0,0,0,0,0,0,0,0.0327887366360488,0.00450484364804497,0,0.00121718616674196,0,0.000991316568789841,0,0,0.0265020328263816,0,0,0,0,0,0,0.00050193243989359,0.0106033227927521,0.000175676353962757,0,0,0,0,0,0.00194498820458766,0.0113562214525925,0.00160618380765949,0,0,0.00494403453295186,0,0,0.034532951864679,0,0.0166265120714752,0.00190734327159564,0,0.000464287506901571,0,0,0.00271043517542539,0,0,0,0,0,0,0.00257240375445465,0,0,0.025410329769613,0.000213321286954776,0.0135521758771269,0.00862068965517241
64,"pasto",0.0185204274473422,0.340487234992956,0.0964711541765454,0.0525031783664914,0.198165137614679,0.000810912964299213,8.24657251829708e-05,0.0296601724908085,0,0.00566951860632924,0,0.000645981513933271,0,0,0.000288630038140398,0,0.000776552245472975,0,0,6.87214376524757e-05,0.00028175789437515,0,0.000426072913445349,0.0395698038002955,0.00659725801463767,0,0.0012713465965708,0,0.000680342232759509,0.000151187162835447,0,0.0312613819881112,0,0,0.000144315019070199,0,0,0,0.000852145826890699,0.0139435796996873,0.000584132220046043,6.87214376524757e-05,0,0,0.000460433632271587,0,0.00520221283029241,0.0115108408067897,0.00463182489777686,0.000446689344741092,0,0.00476239562931657,0,0,0.0451018795313198,0.000219908600487922,0.0196474590248428,0,0,0.000247397175548912,0.000274885750609903,0,0.00252894890561111,0,0,0,0.000501666494863073,0.00019929216919218,0,0.00498917637356973,0,0,0.0243205167852111,0.000302374325670893,0.0267532556781088,0.0079167096175652
67,"mono",0.0170765853742849,0.376946609744715,0.0897298511848177,0.0535803792108129,0.201073335983546,0.000362963859170023,0.00235062308795824,0.0202914081269336,0,0.00636915152876921,0,0.00210864718184489,0,0,0.000345679865876212,0,0.000630865755224087,7.77779698221477e-05,0.000337037869229307,0,0,0,0.000449383825639076,0.0375235494408628,0.00662841142817637,0,0.00170247333944034,0,0.000967903624453394,0.000155555939644295,0.000613581761930276,0.020256840140346,0,0,0,0,0,0.00014691394299739,0.00084691567139672,0.0189691826399571,0,0.000216049916172633,0,0,0,0,0.00232469709801753,0.0113987935772681,0.00127901550374198,0,0,0.00819261282126623,0,0.00058765577198956,0.0387766389546641,6.04939765283371e-05,0.0132827488462934,0,0,0.000354321862523117,5.18519798814318e-05,0,0.00199630122543512,0.000267901896054064,0,0,0.000207407919525727,0,0,0.00437285030333408,0,0,0.0159790518001279,0.000354321862523117,0.0296679744888259,0.0110876816979795
70,"tri",0.0128127767285494,0.422947017013173,0.0692125040162374,0.0648945590759128,0.193210403817972,0.000634761415909786,0.000470193641414656,0.0122015249947103,0,0.0039652997092636,0.00016456777449513,0.00339323077887577,0,0.000117548410353664,0,0,0.000391828034512213,0.000148894653114641,0,0,0.000376154913131725,0,0.000360481791751236,0.0406952596644385,0.00411419436237824,0,0.000775819508334182,0,0,0,0,0.0260800739771329,0,0,0,0,0,0,0.00166135086633178,0.0257587749888329,0.000352645231060992,0.000148894653114641,0,0,0.000141058092424397,0,0.00296221994091233,0.0105715203711395,0.000572068930387831,0,0,0.00597929580665637,0,0.000415337716582946,0.0283526765773038,0.000172404335185374,0.010524501006998,0.00122250346767811,0.000258606502778061,0.000282116184848794,0.000235096820707328,0,0.00357347167475138,0,0,0,0.000869858236617113,0,0,0.0067629518756808,0,0,0.016331392478469,0.000266443063468305,0.0200302491242643,0.00558746777214416
73,"mono",0.0179075546073087,0.355438614750153,0.0880611966123304,0.0489481832255714,0.212431862828002,0.000409798743283854,2.60189678275463e-05,0.0125086187830929,0,0.006537265666671,0.000123590097180845,0.000656978937645544,0,0,0.000299218130016782,0,0.000357760807628761,3.90284517413194e-05,0,0,0.000156113806965278,0,0.000617950485904224,0.066289825282631,0.00496311811310445,0,0.000865130680265914,0,0,5.20379356550926e-05,0,0.0225584451064826,0,0.000286208646103009,0,0,0,0,0.00109930139071383,0.0158325419230619,0,0,0,0,0,0,0.00322635201061574,0.0159626367621996,0.000513874614594039,0,0,0.00450128143416551,0,0,0.042261308493892,0.00020815174262037,0.0160732173754667,0.00207501268424682,0,0.000266694420232349,0.000448827195025173,0,0.00267995368623727,0,0,0,0.000487855646766493,0,0,0.00451429091807928,0,0,0.0211859445535796,0.000624455227861111,0.0222462174925521,0.00625756176252488
76,"mono",0.0235118288193052,0.321127838734371,0.0765865927897058,0.0785276856340903,0.228939598294025,0.000145809791127474,0,0.0194564940035723,0,0.00297998760616775,0,0.00138519301571101,0,0,0,0,0.000592352276455364,0,0.00012758356723654,0,0.000236940910582146,0,0.000309845806145883,0.0382112783873437,0.00473881821164291,0,0.00174060438158422,0,0.000965989866219517,0,0.000419203149491488,0.02565341012649,2.73393358364014e-05,0,0,0,0,0.00019137535085481,0.00105712098567419,0.0142437939707651,0.000109357343345606,0,0,0,0,0,0.00312579739729523,0.00888528414683046,0.000856632522873911,0,0,0.00594174898844457,0,0.000747275179528305,0.0430412277184413,0.000209601574745744,0.0157747967776036,0.00275215980753108,0.000200488462800277,0.000246054022527613,0.00012758356723654,0,0.00404622170378741,0.000209601574745744,0,0,0.000428316261436956,0,0,0.00527649181642547,0,0,0.0251795283053257,0,0.0324517916378085,0.00921335617686728
79,"tri",0.0190937612340273,0.358099937906468,0.0809585280564724,0.0511781430765711,0.253782803359587,0,0,0.0211199712408902,0,0.00138076407725743,0,0.000367659073825942,0,0,0.00030229746070133,0,0.000686296937808425,0,0,0,0,0,0,0.0384326285172718,0.00609497042387006,0,0.00102127520507206,0,0.000915062583744567,0,0,0.0273048138828066,0,0.000694467139449002,3.2680806562306e-05,0,0,0,0.000457531291872283,0.00589888558449623,9.80424196869179e-05,0,0.000261446452498448,0,0,0.000114382822968071,0,0.010899048988529,0.00102944540671264,0,0,0.00700186280597405,0,0.000383999477107095,0.0391597764632831,0.000245106049217295,0.0166835517500572,0.00142161508546031,0.000196084839373836,0.000196084839373836,0.000457531291872283,0,0.00245106049217295,0,0,0,0,0,0,0.00310467662341907,0,0,0.0208421843851106,0.000531063106637472,0.0189875486126998,0.00811301022909245
82,"hexa",0.0160655840886203,0.389366188318228,0.077212361530715,0.0178279204431017,0.19173275427996,0.000550730110775428,0,0.0360806898288016,0,0.00822948136958711,0,0.000188821752265861,0,0,0,4.72054380664653e-05,0.00195115810674723,0,7.86757301107754e-05,0,0,0,0.00102278449144008,0.0391333081570997,0.00390231621349446,0,0,0,0.000692346424974824,0.000361908358509567,0,0.0342554128902316,0,0,0,0,0,0,0,0.00810360020140987,0,0,0.000739551863041289,0,0.000582200402819738,0,0.00547583081570997,0.00926800100704935,0.0017151309164149,0.000409113796576032,0,0.00986593655589124,0,0,0.060470166163142,0,0.0120059164149043,0.00105425478348439,0,0,0,0,0,0,0,0,0,0,0,0.00497230614300101,0,0,0.0228474320241692,0.000472054380664653,0.0362537764350453,0.00706508056394763
85,"hexa",0.0162112880708852,0.360537337246075,0.0774523490697741,0.0152995811846491,0.17536112139947,0,0.000199435881364141,0.0430781503746545,0,0.0118664349411664,0,0.00108265192740534,0,0,0.000470098863215476,0,0.00180916835237471,0,0,0,0,0,0.0010684065073079,0.0457135530926807,0.00405994472777002,0,0.00142454200974387,0,0.00064104390438474,0,0,0.039944157953218,0,0,0,0,0,0,0,0.00980084902703781,0.000113963360779509,0,0.00101142482691815,0,0.000527080543605231,0.000142454200974387,0.00675232912618593,0.00824809823641699,0.00215105843471324,0.000398871762728283,0,0.0106270833926892,0,0,0.0697740676372546,0.000142454200974387,0.0145588193395823,0,0,0,0.000398871762728283,0,0.00156699621071825,0,0,0,0,0,0,0.00572665887917035,0,0,0.021952192370153,0,0.0402860480355566,0.00960141314567367
88,"tri",0.0190810127614466,0.368932197170465,0.0652668487788967,0.0814286296734211,0.216879357442818,0.000326171158315326,4.89256737472989e-05,0.0139845884127696,0,0.00181840420760794,0,0.00100297631181963,0,0.000277245484568027,0.00015493130019978,0,0.000611570921841236,0,0,0,0,0,0.000195702694989196,0.0449300770579362,0.00405267664206792,0,0.000839890732661964,0,0.000521873853304522,0,0,0.0218126962123374,0,0.000603416642883353,0,0,0,0.000203856973947079,0.000668650874546418,0.0173196885065438,0.000179394137073429,0,7.33885106209483e-05,0,0,0.00015493130019978,0.003000774656501,0.00797488482080972,0.00132099319117707,0,0,0.00563460675989726,0,0.000627879479757002,0.0310107228768296,0.000244628368736494,0.0123700411791087,0.00368573408896318,0,0.000301708321441677,0,0,0.00548782973865536,0,0,0,0.000424022505809924,0,0,0.0043054592897623,0,0,0.02777347413055,0.000252782647694378,0.0272352917193297,0.00698006278794798
91,"alt_div",0.0145921923895999,0.403096475550717,0.0718995870909427,0.0420099016002794,0.224956689058252,0,8.21709566753631e-05,0.0385313311010223,0,0.00308141087532612,0,0.00102713695844204,0,0,0,0,0.00147222964043359,0,0,0,0,0,0.00017803707279662,0.0312660490149757,0.00335531406424399,0,0.000164341913350726,0,0.000465635421160391,0,4.10854783376815e-05,0.0307661756952005,0,0,0,0,0,0,0.000582044276450489,0.00831980936338051,6.16282175065223e-05,3.42378986147346e-05,0.000123256435013045,0,0,0,0.00336900922368989,0.00458787841437444,0,0,0,0.0102371316858057,0,0,0.0339160623677561,0.000130104014735992,0.0114628484562132,0.00195840780076282,0.000150646753904832,0,0,0,0.00256099481638215,0,0,0,0,0,0,0.00454679293603676,0,0,0.0149756568540849,0,0.0303758636509926,0.00562186295253942
94,"mono",0.0218477496817828,0.367840112468416,0.104679218040542,0.0236715618291316,0.183027148203735,0.000170982388813952,0,0.0327336284362711,0,0.00645933468852708,0,0.00108288846248836,0,0,0.000569941296046507,0,0.000284970648023254,0.000398958907232555,0,0,0.000189980432015502,0,0,0.0465452058437981,0.00541444231244182,0,0.00123487280810077,0,0.000531945209643407,0,0,0.0235005794403176,0,0,0,0,0,0,0.000569941296046507,0.0136595930619146,0,0,0,0,0.000360962820829455,0,0.00155783954252712,0.0127476869882402,0.00159583562893022,0,0,0.00689628968216274,0,0.000265972604821703,0.066189182514201,0,0.0117787867849611,0,0,0,0,0,0.00178581606094572,0,0,0,0,0,0,0.00469251667078291,0,0,0.0256093622356897,0,0.0246974561620153,0.00740923684860459
97,"hexa",0.0222688334346147,0.343716307607865,0.0970536921961069,0.0265226510889381,0.183208201830906,0.000156822770666301,0,0.0377158763452453,0,0.0101738772469763,0,0.000784113853331504,0.000509674004665477,0,0.000666496775331778,0,0.0023719444063278,0.000254837002332739,0,0,0.000254837002332739,0,0.000470468311998902,0.0508693862348813,0.00664536490698449,0,0.00131339070433027,0,0,0,0,0.0299727520435967,0,0.000686099621665066,0,0,0,0,0.000627291082665203,0.0129770842726364,0,0,0,0,0.00056848254366534,0,0.00133299355066356,0.0149765745986317,0.00188187324799561,0.000548879697332053,0.000372454080332464,0.0069590104483171,0,0.00049007115833219,0.0579264109148648,0,0.0129182757336365,0.000803716699664791,0,0.000196028463332876,0,0,0.00215631309666164,0,0,0,0,0,0,0.00544959128065395,3.92056926665752e-05,0,0.0266990767059377,0,0.0297963264265971,0.00766471291631545
149,"alt_div",0.020058969870082,0.339039896802727,0.0766239749378052,0.101704597807058,0.20647747166682,0.000386989772413158,9.21404220031328e-05,0.00667096655302681,0,0.00300377775730213,0,0.00103197272643509,0,0,0.000386989772413158,0,0.000810835713627568,0,0,6.44982954021929e-05,0,0,0.000276421266009398,0.0256058232746706,0.00469916152215977,0,0.00101354464203446,0,0.000783193587026629,0,0,0.0528056758499954,0,0.000543628489818483,0,0,0,0,0.000644982954021929,0.0164562793697595,0.000322491477010965,0.000202708928406892,0.000423845941214411,0,0,0,0.00192573481986547,0.00730673546484843,0.00164931355385608,0.000488344236616604,0,0.00453330876255413,0,0.000386989772413158,0.0331705519211278,0,0.0188335022574403,0.00457016493135539,0.000202708928406892,0,0.000248779139408458,0,0.00415553303234129,0,0,0,0,0,0,0.0020823735372708,0,0,0.0313738136920667,0.00047913019441629,0.0196811941398692,0.00878098221689855
166,"div",0.0153100205700852,0.422186306200411,0.0645312959153688,0.0488686453129592,0.159741404642962,0,0.00017631501616221,0.036115192477226,0,0.00320305612694681,0,0.00111666176902733,0,0,0.000323244196297385,0,0,0,0,0,0,0,0,0.0538936232735821,0.00549515133705554,0,0.00105789009697326,0,0.000822803408756979,0,0,0.0256832206876286,0,0,0,0,0,0,0.00108727593300029,0.0192771084337349,0,0,0.000264472524243315,0,0,0,0.000852189244784014,0.0115780193946518,0,0,0,0.00681751395827211,0,0,0.0372318542462533,0,0.0116661769027329,0.00349691448721716,0,0.00017631501616221,0,0,0.00170437848956803,0,0,0,8.81575080811049e-05,0,0,0.00669997061416397,0,0,0.0241551572142227,0,0.0290332059947105,0.00734645900675874
175,"alt_div",0.0130047010236809,0.415711084750231,0.0789508369579544,0.0500417380607179,0.160669566363517,0,0,0.0326435569614692,0,0.00140591362418171,0,0.000571152409823821,0,0,0.000219674003778393,0,0,0,0,0,0,0,0,0.0450331707745705,0.00659022011335179,0,0.00105443521813629,0,0,0,0,0.0245156188216686,0,0,0,0,0,0,0,0.016124071877334,0,0,0,0,0,0,0.0043056104740565,0.00834761214357893,0,0,0,0.00773252493299943,0,0,0.0396731250823778,0,0.0129607662229252,0.00412987127103379,0,0,0,0,0.00193313123324986,0,0,0,0,0,0,0.00724924212468696,0,0,0.0240762708141119,0,0.0342252097886736,0.00883089495189139
271,"alt_div",0.01381188734809,0.37785673796126,0.0819864784526262,0.112292441482669,0.216040592293548,0,0,0.0107840561876979,0,0.00107840561876979,0,0.00352555683059354,0,0,0,0,0.000871019922852521,0,0,0.000138257130611511,0.00037329425265108,0,0,0.0260061662680253,0.00573767092037772,0,0.00098162562734173,0,0.000193559982856116,0,0,0.0275961232700577,0,0,0,0,0,0,0.00174203984570504,0.0193698239986727,0.000110605704489209,0.000165908556733814,0,0,0,0.000290339974284174,0.000553028522446045,0.00940148488158277,0,0,0,0.00521229382405398,0,0.000331817113467627,0.0233931064994677,0,0.0146690815578813,0.00132726845387051,0,0.000414771391834534,0,0,0.00436892532732376,0,0,0,0.000400945678773383,0,0,0.00474221957997484,0,0,0.0126920045901367,0.00024886283510072,0.0164525985427698,0.00483899957140289
274,"alt_div",0.0217556322596354,0.301384970137924,0.0960312799873963,0.0600392432076309,0.241804041763939,0.000802050958880566,0.000257802093925896,0.0177453774652325,0,0.00746193838529955,0.000186190401168703,0.0023345411838845,0,0,0.000601538219160424,0,0.00187622635023847,0.000200512739720141,0,0,0,0,0.000887984990189198,0.0423941221122585,0.00650234170235316,0,0.000572893542057547,0,0.000300769109580212,0.000229157416823019,0.000988241360049269,0.0463470875524556,0,0,0,0,0,0,0.000716116927571934,0.0121883101072743,0,0,0,0,0.00075908394322625,0,0,0.0108992996376448,0.00289311238739061,0,0,0.00355193996075679,0,0,0.0440125463685711,0,0.0163274659486401,0.00224860715257587,0,0.000200512739720141,0,0,0.00186190401168703,0.000644505234814741,0,0,0,0,0,0.00201944973575285,0,0,0.0206384898526231,0,0.0213689291187465,0.00896578393320061
295,"div",0.0182302279457712,0.355023048152073,0.0688637125184521,0.1126868983255,0.233714601389229,0,0.000262631202398095,0.00647521757636681,0,0.00105958105795093,0,0.00166634969797412,0,0.000172068718812545,0,0,0,0,0.00012678747701977,9.96187319441048e-05,0,0,0,0.0303203195044421,0.00402097427119841,0,0.000733556117042954,0,0.000815062352269949,0,0,0.0207659774861666,0,0,0,0,0,0,0.00115919978989504,0.0211372836688673,9.05624835855499e-05,0,0,0,0,0.000452812417927749,0.00203765588067487,0.0116282228923846,0,0,0,0.00460057416614593,0,0.00025357495403954,0.0309542568895409,0.000172068718812545,0.0148703598047473,0.00273498700428361,0,0,0.000307912444190869,0,0.00373117432372465,0,0,0,0.000416587424493529,0,0,0.00539752402169877,0,0,0.0162106845618134,0,0.0214451961130582,0.0073627299155052
319,"div",0.01450206749592,0.40511927210614,0.068705130264927,0.0369358780304247,0.223264191308907,0,0,0.0337902400662952,0,0.00186877954320601,0,0.000989353875814948,0,9.30161763586704e-05,0,0,0.00141215467744527,0,0,0,0,0,0,0.0310420348556981,0.00241842058532543,0,0.000312872593206437,0,0.000651113234510693,0,0,0.0241503817891239,0,0,0,0,0,0,0.000473536897825958,0.0112803253874969,0,0,8.4560160326064e-05,0,0.000202944384782554,0,0.00275666122662969,0.00601222739918315,0.000955529811684523,0,0,0.00816851148749778,0,0,0.0360733643950989,0.000152208288586915,0.0128869684336922,0.000786409491032395,0,0,0,0,0.00126840240489096,0,0,0.000177576336684734,0,0,0,0.00432948020869448,0,0,0.0287758225589596,0,0.0318453563787957,0.00851520814483464
373,"alt_div",0.0185486254803429,0.378633362892896,0.0679130948861957,0.0514829047196768,0.231352842644596,0,0,0.0216277465760173,0,0.00184747265740467,0,0.00152724406345453,0,0,0,0,0.00261109468913193,0,0,0,0,0,0.000468026406542517,0.0326633165829146,0.00275889250172431,0,0.000344861562715538,0,0.00100995171938122,0,0,0.0405704995566066,0,0,0,0,0,0,0.000763622031727264,0.0109863040693664,0,0,0,0,0.000443393437777121,0,0.00253719578283575,0.0108138732880087,0.00332545078332841,0,0,0.00332545078332841,0,0,0.0258399842349,0,0.0175633067297271,0.00061582421913489,0,0,0,0,0.00133018031333136,0,0,0,0.000246329687653956,0,0,0.00174894078234309,0,0,0.0350034486156272,0,0.0264065425165041,0.00569021578480639
9996,"floresta",0.0144270000326403,0.399745405881777,0.059196396514019,0.0603192218559258,0.22330515389888,0,0,0.0241929692855045,0,0.00157326108953226,0,0.00297026471260241,0,7.18085974475308e-05,0.00013708914058165,0,0.000580996833893658,0,7.83366517609427e-05,0,0.00013708914058165,0,0.000110976923328002,0.0351731566406632,0.00349903711198877,0,0.000620165159774129,0,0.000620165159774129,0,0,0.0225740118157783,0,0,0,3.91683258804713e-05,0,0,0.0013186669713092,0.0190162222149688,5.22244345072951e-05,0.00020889773802918,0,0,0.000110976923328002,0,0.00338153213434736,0.00567287919835493,0.000620165159774129,0.000339458824297418,0,0.00754643078630414,0,0.000404739367431537,0.0252962104644711,0.000202369683715769,0.0130495805725104,0.00114893755916049,0,0.000476547964879068,0,0,0.00250024480203675,0,0,0,0.000365571041551066,0,0,0.00605150634853282,0,0,0.0240493520906094,0,0.0292130430525182,0.00960276789502889
9997,"floresta",0.0210045950845243,0.376607225665023,0.0632772648707896,0.0382572404198811,0.244540702331268,0,0.000800978036339109,0.00746174275958012,0,0.00581762994814721,0,0.00261371780279078,0,0,0.000432106572235572,0,0.000790438851650436,0,0,0,0,0,0,0.0493971586358079,0.00523797479027022,0,0.000906369883225834,0,0.00196028835209308,0,0,0.0216158677964673,0,0,0,0,0,0,0.000843134775093799,0.0169364697946967,0,0,0.000242401247839467,0,0.000600733527254332,0,0.00299312845158299,0.0192129336874499,0.000548037603810969,0,0,0.00348847013195059,0,0,0.0350322499051473,0,0.0219636608911935,0.00105391846886725,0,0,0.000453184941612917,0,0.00232915981619662,0,0,0,0.000158087770330087,0,0,0.00213945449180051,0,0,0.0253151216221913,0.000274018801905485,0.0180747017410733,0.00761983052991021
9998,"floresta",0.0190008085450445,0.348206306651347,0.0745492716002099,0.0643715335404343,0.24550690100288,0.000134757507411663,0,0.0213200561726031,0,0.00331219768217087,0,0.00126955756982567,0,0,0.000177312509752188,0,0.0001134800062414,0,0,0,0,0,0.000212775011702626,0.0439593174177625,0.00434061023873356,0,0.000985857554222165,0,0.000844007546420415,0,0,0.0225612437408684,0,0.000432642523795339,0,0,0,0,0.00108515255968339,0.00864575797551669,0,0.000106387505851313,0.000368810020284551,0,0,0,0.00207101011390556,0.0131849582251727,0.000546122530036739,0.000177312509752188,0,0.00678043037292367,1.4185000780175e-05,0,0.0253344113933926,0,0.017341163453764,0.00398598521922919,0,0.000375902520674639,0.000234052512872888,0,0.00433351773834348,0,0,0,0.000439735024185426,0,0,0.00544704029958722,0,0,0.0206037136332042,0.000297885016383676,0.027880619033434,0.00944721051959658
9999,"floresta",0.0313742278759709,0.268790899639166,0.0943673169836707,0.0889446109310338,0.249271196460971,0.000591197276415306,0.0002140541862883,0.00320061973783459,0,0.00383258924020957,0,0.000713513954294335,0,0,0.000315984751187491,0,0.00043830142906652,4.07722259596763e-05,0.000101930564899191,0,0.000203861129798381,0,0.000397529203106844,0.0275110594662916,0.00531058243124783,0,0.000846023688663283,0,0.000896988971112878,0,0,0.0289482804313702,0,0.000601390332905225,0,0,0,0.000132509734368948,0.000489266711516115,0.0119156830367154,0,0,0,0,0,0,0.0024055613316209,0.00943877030966506,0.001763398772756,0.000509652824495953,0,0.00396509897457852,0,0.0019264876765947,0.0779157238089414,0.000122316677879029,0.0217621756059772,0.00341467392412289,0.000163088903838705,0,0.000203861129798381,0,0.00404664342649787,0,0,0,0,0,0,0.00179397794222576,0,0,0.0271543024891444,0.00043830142906652,0.017002018225185,0.0065235561535482
