"Sample","Riqueza","acidisoli","aerilata","albida","australicum","cereus","consociata","endophyticus","fusiformis","globiformis","gottheilii","gwangjuense","japonica","metallidurans","metallilatus","niacini","putida","robiniae","rugosus","savannae","taihuensis","terrae","Unclassified.Species.in.37.13","Unclassified.Species.in.A0839","Unclassified.Species.in.A21b","Unclassified.Species.in.A4b","Unclassified.Species.in.AB1","Unclassified.Species.in.Acetobacteraceae","Unclassified.Species.in.Acidimicrobiaceae","Unclassified.Species.in.Acidimicrobiales.Incertae.Sedis","Unclassified.Species.in.Acidobacteriaceae..Subgroup.1.","Unclassified.Species.in.Acidothermaceae","Unclassified.Species.in.Actinospicaceae","Unclassified.Species.in.AKYH767","Unclassified.Species.in.Alicyclobacillaceae","Unclassified.Species.in.Anaerolineaceae","Unclassified.Species.in.Anaeromyxobacteraceae","Unclassified.Species.in.Bacillaceae","Unclassified.Species.in.Bdellovibrionaceae","Unclassified.Species.in.Beijerinckiaceae","Unclassified.Species.in.BIrii41","Unclassified.Species.in.Blastocatellaceae","Unclassified.Species.in.Brevibacillaceae","Unclassified.Species.in.Bryobacteraceae","Unclassified.Species.in.Burkholderiaceae","Unclassified.Species.in.Catenulisporaceae","Unclassified.Species.in.Caulobacteraceae","Unclassified.Species.in.Chitinophagaceae","Unclassified.Species.in.Chthoniobacteraceae","Unclassified.Species.in.Chthonomonadaceae","Unclassified.Species.in.Clostridiaceae","Unclassified.Species.in.Coleofasciculaceae","Unclassified.Species.in.Comamonadaceae","Unclassified.Species.in.Coxiellaceae","Unclassified.Species.in.CWT.CU03.E12","Unclassified.Species.in.Devosiaceae","Unclassified.Species.in.Diplorickettsiaceae","Unclassified.Species.in.Dongiaceae","Unclassified.Species.in.Dysgonomonadaceae","Unclassified.Species.in.Elsteraceae","Unclassified.Species.in.Elusimicrobiaceae","Unclassified.Species.in.Enterobacteriaceae","Unclassified.Species.in.Entotheonellaceae","Unclassified.Species.in.env.OPS.17","Unclassified.Species.in.Erwiniaceae","Unclassified.Species.in.Ethanoligenenaceae","Unclassified.Species.in.Ferrovaceae","Unclassified.Species.in.FFCH9454","Unclassified.Species.in.Fimbriimonadaceae","Unclassified.Species.in.Flavobacteriaceae","Unclassified.Species.in.Frankiaceae","Unclassified.Species.in.Gaiellaceae","Unclassified.Species.in.Gemmataceae","Unclassified.Species.in.Gemmatimonadaceae","Unclassified.Species.in.Geodermatophilaceae","Unclassified.Species.in.Haliangiaceae","Unclassified.Species.in.Holophagaceae","Unclassified.Species.in.Holosporaceae","Unclassified.Species.in.Hyphomicrobiaceae","Unclassified.Species.in.Iamiaceae","Unclassified.Species.in.Ilumatobacteraceae","Unclassified.Species.in.Inquilinaceae","Unclassified.Species.in.Intrasporangiaceae","Unclassified.Species.in.Isosphaeraceae","Unclassified.Species.in.JG30.KF.AS9","Unclassified.Species.in.JG30.KF.CM45","Unclassified.Species.in.Koribacteraceae","Unclassified.Species.in.Ktedonobacteraceae","Unclassified.Species.in.Lachnospiraceae","Unclassified.Species.in.Lactobacillaceae","Unclassified.Species.in.Legionellaceae","Unclassified.Species.in.Longimicrobiaceae","Unclassified.Species.in.LWQ8","Unclassified.Species.in.Methyloligellaceae","Unclassified.Species.in.Microbacteriaceae","Unclassified.Species.in.Micrococcaceae","Unclassified.Species.in.Micromonosporaceae","Unclassified.Species.in.Micropepsaceae","Unclassified.Species.in.Microscillaceae","Unclassified.Species.in.Moraxellaceae","Unclassified.Species.in.Morganellaceae","Unclassified.Species.in.Mycobacteriaceae","Unclassified.Species.in.Myxococcaceae","Unclassified.Species.in.Nitrosomonadaceae","Unclassified.Species.in.Nitrososphaeraceae","Unclassified.Species.in.Nitrosotaleaceae","Unclassified.Species.in.Nitrospiraceae","Unclassified.Species.in.Nocardiaceae","Unclassified.Species.in.Nocardioidaceae","Unclassified.Species.in.Obscuribacteraceae","Unclassified.Species.in.Oligoflexaceae","Unclassified.Species.in.Opitutaceae","Unclassified.Species.in.Oxalobacteraceae","Unclassified.Species.in.Paenibacillaceae","Unclassified.Species.in.Paludibacteraceae","Unclassified.Species.in.Paracaedibacteraceae","Unclassified.Species.in.Parachlamydiaceae","Unclassified.Species.in.Pedosphaeraceae","Unclassified.Species.in.Peptostreptococcaceae","Unclassified.Species.in.Phaselicystidaceae","Unclassified.Species.in.Phycisphaeraceae","Unclassified.Species.in.Planococcaceae","Unclassified.Species.in.Polyangiaceae","Unclassified.Species.in.Prolixibacteraceae","Unclassified.Species.in.Promicromonosporaceae","Unclassified.Species.in.Pseudomonadaceae","Unclassified.Species.in.Pseudonocardiaceae","Unclassified.Species.in.Pyrinomonadaceae","Unclassified.Species.in.Reyranellaceae","Unclassified.Species.in.Rhizobiaceae","Unclassified.Species.in.Rhizobiales.Incertae.Sedis","Unclassified.Species.in.Rhodanobacteraceae","Unclassified.Species.in.Rhodocyclaceae","Unclassified.Species.in.Rhodomicrobiaceae","Unclassified.Species.in.Rhodospirillaceae","Unclassified.Species.in.Roseiflexaceae","Unclassified.Species.in.Rs.E47.termite.group","Unclassified.Species.in.Ruminococcaceae","Unclassified.Species.in.Saccharimonadaceae","Unclassified.Species.in.Sandaracinaceae","Unclassified.Species.in.SC.I.84","Unclassified.Species.in.Silvanigrellaceae","Unclassified.Species.in.Simkaniaceae","Unclassified.Species.in.Solibacteraceae","Unclassified.Species.in.Solimonadaceae","Unclassified.Species.in.Solirubrobacteraceae","Unclassified.Species.in.Sphingobacteriaceae","Unclassified.Species.in.Sphingomonadaceae","Unclassified.Species.in.Spirochaetaceae","Unclassified.Species.in.Spirosomaceae","Unclassified.Species.in.Steroidobacteraceae","Unclassified.Species.in.Streptococcaceae","Unclassified.Species.in.Streptomycetaceae","Unclassified.Species.in.Streptosporangiaceae","Unclassified.Species.in.Sutterellaceae","Unclassified.Species.in.Syntrophobacteraceae","Unclassified.Species.in.Thermoanaerobaculaceae","Unclassified.Species.in.Thermomonosporaceae","Unclassified.Species.in.UBA12409","Unclassified.Species.in.UCG.010","Unclassified.Species.in.Unclassified.Family.in.Acidimicrobiia","Unclassified.Species.in.Unclassified.Family.in.Acidobacteriae","Unclassified.Species.in.Unclassified.Family.in.Actinobacteria","Unclassified.Species.in.Unclassified.Family.in.AD3","Unclassified.Species.in.Unclassified.Family.in.Alphaproteobacteria","Unclassified.Species.in.Unclassified.Family.in.Anaerolineae","Unclassified.Species.in.Unclassified.Family.in.Babeliae","Unclassified.Species.in.Unclassified.Family.in.bacteriap25","Unclassified.Species.in.Unclassified.Family.in.Bacteroidia","Unclassified.Species.in.Unclassified.Family.in.Blastocatellia","Unclassified.Species.in.Unclassified.Family.in.Chlamydiae","Unclassified.Species.in.Unclassified.Family.in.Chloroflexia","Unclassified.Species.in.Unclassified.Family.in.Clostridia","Unclassified.Species.in.Unclassified.Family.in.Cyanobacteriia","Unclassified.Species.in.Unclassified.Family.in.Dehalococcoidia","Unclassified.Species.in.Unclassified.Family.in.Elusimicrobia","Unclassified.Species.in.Unclassified.Family.in.FFCH5909","Unclassified.Species.in.Unclassified.Family.in.Gammaproteobacteria","Unclassified.Species.in.Unclassified.Family.in.Gitt.GS.136","Unclassified.Species.in.Unclassified.Family.in.Holophagae","Unclassified.Species.in.Unclassified.Family.in.Ignavibacteria","Unclassified.Species.in.Unclassified.Family.in.JG30.KF.CM66","Unclassified.Species.in.Unclassified.Family.in.Kapabacteria","Unclassified.Species.in.Unclassified.Family.in.KD4.96","Unclassified.Species.in.Unclassified.Family.in.Ktedonobacteria","Unclassified.Species.in.Unclassified.Family.in.Limnochordia","Unclassified.Species.in.Unclassified.Family.in.Lineage.IIa","Unclassified.Species.in.Unclassified.Family.in.Lineage.IIb","Unclassified.Species.in.Unclassified.Family.in.Lineage.IIc","Unclassified.Species.in.Unclassified.Family.in.MB.A2.108","Unclassified.Species.in.Unclassified.Family.in.Methylomirabilia","Unclassified.Species.in.Unclassified.Family.in.Myxococcia","Unclassified.Species.in.Unclassified.Family.in.Nitrososphaeria","Unclassified.Species.in.Unclassified.Family.in.Oligoflexia","Unclassified.Species.in.Unclassified.Family.in.Parcubacteria","Unclassified.Species.in.Unclassified.Family.in.Pla4.lineage","Unclassified.Species.in.Unclassified.Family.in.Polyangia","Unclassified.Species.in.Unclassified.Family.in.Saccharimonadia","Unclassified.Species.in.Unclassified.Family.in.Sericytochromatia","Unclassified.Species.in.Unclassified.Family.in.Subgroup.5","Unclassified.Species.in.Unclassified.Family.in.Thermoleophilia","Unclassified.Species.in.Unclassified.Family.in.Thermoplasmata","Unclassified.Species.in.Unclassified.Family.in.TK10","Unclassified.Species.in.Unclassified.Family.in.Unclassified.Class.in.Bacteria","Unclassified.Species.in.Unclassified.Family.in.Vicinamibacteria","Unclassified.Species.in.Unknown.Family","Unclassified.Species.in.URHD0088","Unclassified.Species.in.Vermiphilaceae","Unclassified.Species.in.Vicinamibacteraceae","Unclassified.Species.in.WD2101.soil.group","Unclassified.Species.in.Weeksellaceae","Unclassified.Species.in.Williamwhitmaniaceae","Unclassified.Species.in.WX65","Unclassified.Species.in.Xanthobacteraceae","Unclassified.Species.in.Xanthomonadaceae","Unclassified.Species.in.Xiphinematobacteraceae","Unclassified.Species.in.Yersiniaceae"
2,"pasto",0,0,0,0.00201995319620643,0,0.00323931518659933,0,0,0,0.00219854661904175,0,0,0,0,0,0,0,0,0.00378125384899618,0.00173666707722626,0,0,0,0,0,0,0.00852321714496859,0,0.00281438600812908,0.0460771030915137,0.0533070575193989,0,0,0.000732848873013918,0,0.000511146692942481,0.0264995689124276,0,0.0151742825471117,0,6.15839389087326e-05,0,0.0236543909348442,0.00357802685059736,0,0.00269737652420249,0.00154575686660919,0.01953442542185,0,0.00081290799359527,0,0.00060352260130558,0,0,0,9.85343022539722e-05,0,0,0,0,0,0.000123167877817465,3.07919694543663e-05,0,0,0,0,0,0,0.00662027343268875,0,0.00193989407562508,0.00302377140041877,0.00382436260623229,0.000468037935706368,0,0,0,0,0,0,0.0026481093730755,0,0.00719916245843084,0,0.0862790984111344,0.0129203103830521,0,0,0,6.15839389087326e-05,0.00180440941002587,0.000997659810321468,0,0.00371351151619658,0.0024879911319128,0.00739623106293879,0,0,0,0.00259884222194852,0.00466190417539106,0,0,8.62175144722256e-05,0,0,0,0,0,0,0,0,0,0,0,0.00188446853060722,0.00026481093730755,0.000474196329597241,0,0.00267890134252987,0.00273432688754773,0,0,0,0,0,0.00133021308042862,0.000788274418031777,0.0014041138071191,0.00104692696144845,0,0.000665106540214312,0,0,0,0,0.000295602906761916,0,0.000197068604507944,0,0,0.0385761793324301,0.000277127725089297,0.0302007636408425,0.000498829905160734,0.0136901096194113,0,0,0.000240177361744057,0,0.00248183273802192,0,0.000424929178470255,0,0,0,0,0,0.0195282670279591,0.166085724842961,0,0.0304778913659318,0.0763086587018106,0.000123167877817465,0,0,0,0.000498829905160734,0,0,0,0,0,0,0,0.000147801453380958,0.000209385392289691,0.000973026234757975,0,0.000960709446976229,0,0,0.00235866486020446,0,0.000468037935706368,5.54255450178593e-05,0,0,0.000628156176869072,0,4.31087572361128e-05,7.39007266904791e-05,0,0,0.0013363714743195,0.000110851090035719,0.00030176130065279,0.005296218746151,0.00385515457568666,0,0.0106232294617564,0.0395799975366424,0.00506219977829782,0.0273802192388225,0.00155807365439093,4.31087572361128e-05,0,0.00028328611898017,0,0,0,0.128377879049144,0,0.00900973026234758,0
4,"div",0,0.00597537312079502,0,0,0,0,0,0,0,0,2.72020020673522e-05,0,0,0.000698184719728705,0,0,0,0,0.00730827122209528,0,0,0,0,0.000652848049616452,0,0.000326424024808226,0.00694557786119725,0,0.0018588034746024,0.029813394265818,0.0360517200732641,0,0,0,0,0.00159585078795133,0.0130297589902617,0,0.0104909054639755,0,0.000471501369167437,0,0.0251618519123007,0.00442485900295595,0,0.0037538762852946,0.00235750684583719,0.0152784578278295,0,0,0,0.00212175616125347,0,0,0,0,0,0,0.000262952686651071,0,0,0,0,0,0,0.000562174709391945,0,0.000398962696987832,0,0.00677329851477069,0,0.00190414014471465,0.0050233030484377,0.00729920388807283,0.00280180621293727,0.000190414014471465,0,0.00264766153455561,0,0,0.00127849409716555,0.00479661969787643,0,0.00826034129445261,0,0.0757303737555084,0.0271294633951726,0,0,0,0,0.00223963150354533,0.000525905373302142,0.00205828482309631,0.00656474983225432,0.00518651506084181,0.00613858513319914,0.000226683350561268,0,0,0.00233937217779229,0.0213354369548265,0.00241191084997189,0,0.000136010010336761,0.00012694267631431,0,0,0,0,0,0,0,0,0,0,0.0031826342418802,0,0.00116061875487369,0,0,0.00477848502983153,0,0,0,0,0.000299222022740874,0.00206735215711876,0.000489636037212339,0.0019494768148269,0.000952070072357325,0,0.000743521389840959,0,0,0,0,0.000480568703189888,0,0,0,0,0.0411656964619263,0.000534972707324592,0.0281087354695972,0.00113341675280634,0.0208730029196816,0,0,0.000398962696987832,0,0.00334584625428432,0,0.000616578713526649,0,0,0,0,0,0.0128030756397004,0.218423009266815,0,0.0499066064595688,0.0395245090038627,0,0,0,0,0.00145077344359212,0,0,0,0,0,0,0,0.00359066427289048,0,0.000816060062020565,0,0,0,0,0.00218522749941062,0,0,0,0,0,0.0018588034746024,0,0,0.000353626026875578,0,0.000117875342291859,0,0.000244818018606169,0.000716319387773607,0.0025025841901964,0.00153237944979417,0,0.00706345320348911,0.0420996318662387,0.00444299367100085,0.0300582122844241,0.00394429029976606,0,0.00012694267631431,0.000290154688718423,0,0,0,0.0932303284188383,0,0.00774350325517291,0
10,"tri",0,0,0,0.00359942244224422,0,0,0,0,0,0.0078279702970297,0,0,0,0,0,0,0,0,0.00393976897689769,0,0,0,0.000165016501650165,0.0019286303630363,0,0,0.00441419141914191,0,0,0.0356435643564356,0.0389335808580858,0,0,0.000422854785478548,0.000216584158415842,0.000763201320132013,0.030332095709571,0,0.0125,0.000783828382838284,0,0,0.0196782178217822,0.00342409240924092,0.00158828382838284,0.00645627062706271,0.00389851485148515,0.0269286303630363,0,0.00241336633663366,0,0.00337252475247525,0,0,0,0.000268151815181518,0,0,0,0,0,0,0,0,0,0,0,0.000340346534653465,0,0.00531146864686469,0.00748762376237624,0.000897277227722772,0.00313531353135314,0.00350660066006601,0.00420792079207921,0,0,0,0,0,0.00225866336633663,0.00989067656765677,0,0.00795173267326733,0,0.0576113861386139,0.0138201320132013,0,0,0,0,0.00403259075907591,0.00323844884488449,0.00203176567656766,0.00702351485148515,0.0141501650165017,0.0156971947194719,0.000783828382838284,0,0,0.00292904290429043,0.00794141914191419,0.0020730198019802,0,0,0,0,0.00228960396039604,0,0,0,0.00627062706270627,0.000639438943894389,0,0,0,0.00396039603960396,0,0.00145420792079208,0,0.00451732673267327,0,0,0,0,0,0.00081476897689769,0.00323844884488449,0.00215552805280528,0.00327970297029703,0.00183580858085809,0,0.00448638613861386,0,0,0,0,0.000959158415841584,0,0.001371699669967,0,0,0.0577867161716172,0.00050536303630363,0.0129022277227723,0.00166047854785479,0.0286200495049505,0,0,0.000391914191419142,0,0.00703382838283828,0.000464108910891089,0,0,0,0.00261963696369637,0,0,0.0145936468646865,0.163768564356436,0.00649752475247525,0.0222462871287129,0.0532487623762376,0,0,0,0,0.0036200495049505,3.09405940594059e-05,0,0,6.18811881188119e-05,0.000278465346534653,0,0,0,0,0.00233085808580858,0,0.000556930693069307,0.000123762376237624,0.000670379537953795,0.000763201320132013,0,0,0,0,0,0.00233085808580858,0,0,0,0,0,0.00337252475247525,0.000567244224422442,0.000453795379537954,0.00536303630363036,0,0.000144389438943894,0.00691006600660066,0.0190594059405941,0.00663160066006601,0.0165635313531353,0.00496080858085809,0,0,0,0,0,8.25082508250825e-05,0.123958333333333,0.000278465346534653,0.00545585808580858,0
13,"hexa",0,0,0,0,0,0,0,0,0,0,0,0,0,0,0,0,0,0,0.00536581366323825,0,0,0,0,0,0,0.000145760642804435,0.0117792819466334,0,0,0.0474997494738952,0.0535397061101039,0,0,0,0,0.00166713735207572,0.0159972305477867,0,0.0162523116726945,0,0,0,0.0204975903943736,0.00628592772094125,0.00107498474068271,0.00817170603722362,0.00299720321766619,0.00811704579617196,0,0,0,0.00117519518261076,0,0,0,0.000528382330166076,0,0,0.000273301205258315,0,0.000728803214022174,0,0,0,0,0,0,0.00041906184806275,0,0,0,0,0.0039901975967714,0.00515628273920688,0.00261458153030455,0.000674142972970511,0,0.00184933815558127,0,0,0,0.003352494784502,0.000737913254197451,0.00768887390793393,0,0.0782552451056309,0.00905537993422551,0,0,0,0,0,0.000327961446309978,0,0.00161247711102406,0.00318851406134701,0.0110322586522607,0,0,0,0,0.0129726972095947,0.000801683535424391,0,0,0,0,0,0.000446391968588581,0,0,0.00196776867785987,0,0,0,7.28803214022174e-05,0.00282411245433592,0.000163980723154989,0.000819903615774946,0,0,0.00486476145359801,0,0,0,0,0,0.00240505060627317,0,0.00148493654857018,0.00365312611028615,0,0,0,0,0,0,0,0,0,0,0,0.0408949703468192,0.000318851406134701,0.0285599759494939,0.000801683535424391,0.0187211325601946,0,0,0.000327961446309978,0,0.00331605462380089,0,0,0,0,0,0,0,0.0194681558545673,0.189452395485064,0,0.042826298863978,0.0869097832721442,0.000337071486485255,0,0.000255081124907761,0,0.000273301205258315,0,0,0,0,0,0,0,0.00587597591305378,0,0.000783463455073837,0,0.000537492370341353,0.000191310843680821,0,0.00117519518261076,0,0,0,0,0,0.00104765462015687,0,0,0,5.4660241051663e-05,0,0,0.00185844819575654,0,0.00383532691379169,0.00246882088750011,0.00012754056245388,0.00987528355000046,0.0448760579034154,0.0059852963951571,0.0350554345944666,0,0,0,0.000227751004381929,0.00012754056245388,0,8.19903615774946e-05,0.0817443904927621,0,0.00707850121619036,0
16,"tri",0,0,0,0.00269024366321512,0.00129608093149687,0,0,0,0.00241701579116984,0,0,0,0.000805671930389945,0,0,0,0,0,0.00361501492244532,0,0,0,0,0.000434362258123275,0,0,0.00616514172820132,0,0,0.0296697445669689,0.0330045257744959,0,0,0.000581484958455352,0,0.00351693312222393,0.00845605234765795,0.000308257086410066,0.00990626182235985,0,0,0,0.0250458882708179,0.00384620773725287,0.00100183553083271,0.00305454749260884,0.00254312096288304,0.00624921184267679,0,0,0,0.00478499068222898,0,0.000161134386077989,0,0.00173044318962014,0,0,0,0,0,0,0,0,0,0.000854712830500638,0,0.000203169443315725,0,0.00402135380907677,0,0.00107889980243523,0.00844204066191204,0.00686572601549692,0.00213678207625159,0.000413344729504407,0,0,0,0,0.00119099328840253,0.00460283876753212,0,0.0115176056831397,9.80818002213846e-05,0.0561938656839804,0.0263769984166795,0,0,0,0,0.00216480544774342,0,0.0024870742198994,0.0047499614678642,0.00292143647802267,0.005737785312951,7.70642716025165e-05,0,0,0,0.0172273676245989,0.00128206924575096,0,6.30525858566044e-05,0.000889742044865418,0,0,0.000665555072930824,0,0,0.00880634449130575,0.000546455744090572,0,0,0,0.00263419692023147,0,0.000560467429836484,0,0,0.0026131793916126,0,0,0,0,0,0.0016253555465258,0,0.000987823845086802,0.00248006837702644,0,0,0,0,0,0,0.000420350572377363,0,0,0,0,0.0298238731101739,0.000385321358012583,0.0273928456332581,0.0020246885902843,0.0241351286973336,0,0,0,0,0,0,0.00105788227381636,0,0,0,0,0,0.0148874161050316,0.238002494080063,0,0.0810646078829744,0.0656027126623604,0.000154128543205033,0,0,0,0.000490409001106923,9.10759573484286e-05,0,0,0,0,0,0,0.000595496644201264,0,0.0014502094747019,0,0,0,0,0.00367806750830192,0,0.000651543387184912,0,0,0,0.00233294567669436,0,0.000140116857459121,0.00106488811668932,0,0,0.0011629699169107,9.80818002213846e-05,0.00086872451624655,0.00240300410542392,0.000686572601549692,6.30525858566044e-05,0.0101234429514215,0.0640824447589289,0.00533845226919251,0.0213748266053889,0,7.00584287295605e-05,0,0.000245204500553462,0,0,0.000203169443315725,0.0581484958455352,0,0.00588490801328308,0
19,"tri",0,0,0,0,0,0,0,0,0,0,0,0,0,0,0,0,0,0,0.00727794012240172,0,0,0,0,0,0,0.000385951370127364,0.0151348072999945,0,0,0.0267960522688427,0.0569416110712907,0,0,0,0,0.00118542206539119,0.0102828472183933,0.000192975685063682,0.0150658874124717,0,0,0,0.026175773281138,0.00334950653360534,0,0.00431438495892375,0.00188840491812317,0.00445222473396923,0,0.000551359100181949,0,0.0010751502453548,0,0,0.00042730330264101,0,0,0,0,0,0,8.27038650272923e-05,0,0,0,0,0,0.000441087280145559,0,0.0126261233941666,0,0,0.00682306886475161,0.0104069030159343,0.00115785411038209,0,0,0.00277057947841429,0,0.000137839775045487,0.000827038650272923,0.00927661686056128,0,0.00657495726966974,0,0.0603324695374097,0.0147075039973535,0,0,0,0,0.0026327397033688,0,0.00234327617577328,0.00843579423278381,0.00303247505100072,0.00595467828196504,0,0,0,0,0.00884931355792027,0.0016402933230413,0,0,0,0,0.00103379831284115,0,0,0,0.00304625902850527,0,0,0,0,0.000978662402822959,6.89198875227436e-05,0.00461763246402382,0,0.00136461377295032,0,0,0,0,0,0,0.00281193141092794,0,0.00183326900810498,0.000702982852731984,0,0,0,0,0,0,0.000606495010200143,0,0,0,0,0.039463527595523,0.000441087280145559,0.0437503445994376,0.000868390582786569,0.0269476760213927,0,0,0,0,0.00275679550090974,0,0.000606495010200143,0,0,0,0,0,0.0240806087004466,0.178943595964051,0,0.0913464189226443,0.0638335998235651,5.51359100181949e-05,0,0,0,0.000344599437613718,0,0,0,0.000179191707559133,0.000151623752550036,0,0,0,0,0.000275679550090974,0,0.0010475822903457,0,0,0.00255003583834151,0,0.000482439212659205,0,0,0,0.00129569388542758,0,0,6.89198875227436e-05,0,0,0.00074433478524563,0.000606495010200143,6.89198875227436e-05,0.00290841925345978,0.00234327617577328,0,0.0133704581794123,0.0453079340574516,0.00494844792413299,0.025045487125765,0,6.89198875227436e-05,0.000124055797540938,0,0,0,0.000220543640072779,0.0685063681976071,0,0.00463141644152837,0
25,"mono",0,0,0,0.00156979968604006,0,0,0,0,0.00221839955632009,0,0,0,0,0,0,0,0,0,0.00375059924988015,0,0,0,0,0,0,8.45999830800034e-05,0.0125207974958405,0,0.00166379966724007,0.0396773920645216,0.0639857872028426,0,0,0.000610999877800024,0,0.00183299963340007,0.00911799817640037,0,0.0135171972965605,0,0,0,0.0187623962475208,0.00375059924988015,0.00105279978944004,0.00534859893028021,0.00163559967288007,0.00409839918032016,0,0,0,0.000883599823280035,0,0,0,0,0,0,0,0,0,9.39999812000038e-05,0,0,0,0,0,0,0,0.00512299897540021,0,0,0.00529219894156021,0.00868559826288035,0.00172019965596007,0,0,0,0,0,0,0.00550839889832022,0,0.00624159875168025,0,0.0595113880977224,0.0124643975071205,0,0,0,0,0.00225599954880009,0,0.00212439957512009,0.0200031959993608,0.0026037994792401,0.00516999896600021,0,0,0,0.0024251995149601,0.00562119887576022,0.000939999812000038,0,0,0,0,0.00098699980260004,0,0,0,0.0133855973228805,0,0,0.000206799958640008,0,0.00123139975372005,0,0.000789599842080032,0,0.000902399819520036,0.00373179925364015,0,0,0,0,0,0.00191759961648008,0,0.000902399819520036,0.00138179972364006,0,0,0.000300799939840012,0,0,0,0,0,0,8.45999830800034e-05,0,0.0298167940366412,0.000281999943600011,0.0531287893742421,0.000864799827040035,0.0225599954880009,0,0,0.00024439995112001,0,0.00328059934388013,0,0.00109039978192004,0,0.000451199909760018,0,0,0,0.0297979940404012,0.169829766034047,0.00800879839824032,0.0797119840576032,0.0632055873588825,0.000234999953000009,0,0,0,0.000422999915400017,0,0,0,0,0,0,0,0.000413599917280017,0,0.000610999877800024,0,0.000704999859000028,0,0,0.00331819933636013,0,0,0,0,0,0.000723799855240029,0,0.000272599945480011,0,0,0,0.000187999962400008,0,0.000225599954880009,0.00349679930064014,0.0025943994811201,0,0.0115619976876005,0.050477989904402,0.00486919902616019,0.0280495943900811,0,0,0,0.000234999953000009,0,0,0.000122199975560005,0.0677175864564827,0,0.00379759924048015,0
28,"mono",0,0,0,0,0,0,0,0,0,0,0,0,0,0,0,0,0,0,0.00471635319399806,0,0,0,0,0.000589544149249758,0,0,0.00948025027100013,0.00244375558640625,0,0.0351729646463686,0.045509004811441,0,0,0,0,0,0.00914744308997204,0,0.0140824981457886,0,0,0,0.038092159062815,0.00403172127874028,0.00204438696917255,0.0037464579807162,0.00332807181028089,0.016421657189586,0,0.000998421543084267,0,0.00170207101154365,0,0,0,0.00067512313865698,0,0,0,0,0,0.000465930053439325,0,0,0,0.00106498297928988,0,0.000551509042846547,0,0.00243424680980545,0,0.00431698457676435,0.00623775745012647,0,0.0033661069166841,0.000190175532016051,0,0.00142631649012038,0,0.000142631649012038,0,0.00153091303272921,0.0011125268622939,0.00805393378087975,0.000342315957628891,0.0535153947093167,0.0355533157104007,0,0,0,0,0.000551509042846547,0,0,0.00156894813913242,0.00474487952380047,0.00775916170625487,0.000475438830040127,0,0.00214898351178137,0,0.0191316585208147,0.00128368484110834,0,0,0.000209193085217656,0,0,0.000294772074624879,0,0,0,0.00178765000095088,0,0,0,0.00614266968411844,0,0,0,0.000808246011068216,0.00718863511020672,0,0,0,0,0.000456421276838522,0,0.000589544149249758,0,0.00165452712853964,0,0,0,0,0,0,0,0,0,0,0,0.0368179829983074,0.000380351064032102,0.0438544776829013,0.000475438830040127,0.00881463590894396,0,0,0.000304280851225681,0,0.00444059867257479,0,0.000427894947036114,0,0.000608561702451363,0.00136926383051557,0,0,0.0179906053287184,0.170958294505829,0.00106498297928988,0.0719624213148736,0.0703744556225396,0.000808246011068216,0,0,0,0.000922351330277846,0,0,0,0.00341365079968811,5.70526596048152e-05,0,0,0.000703649468459388,0,0.00179715877755168,0,0.000827263564269821,0,0,0.00585740638609436,0,0.000817754787669019,4.75438830040127e-05,0,0.000285263298024076,0.000798737234467413,0,0.00052298271304414,0.000408877393834509,0,0,0,0.000133122872411236,0,0.00719814388680752,0.00350873856569614,0,0.0154517619763041,0.0332331742198049,0.0110587071867334,0.0175912367114847,0,0.000751193351463401,0.000342315957628891,0,0,0,0,0.0802160394043702,0,0.0141205332521918,0
34,"mono",0,0,0,0.00189373326658105,0.00179578154589582,0,0,0,0,0.00376569948412094,0,0,0,0,0,0,0,0.00233995777192486,0.00402690407261488,0,0,0,0,0.000838031388084717,0,0,0.00768376831153001,0.00072919614287891,0,0.035589125182299,0.0529809973661871,0,0,0,0,0,0.00509348947563179,0.00014148581876755,0.0119827604971594,0,0,9.79517206852267e-05,0.0326179229881805,0.00552883045645502,0.00138220761411375,0.00353714546918874,0.00409220521973836,0.0166844430900503,0,0.00088156548616704,0,0.000794497290002394,0,0,0,0.0014692758102784,0,0,0,0,0,0.000794497290002394,5.44176226029037e-05,0,0,0.00127337236890795,0,0.000805380814522975,0,0.00680220282536297,0,0.00581180209399012,0.00793408937550336,0,0.00503907185302888,0.000282971637535099,0,0,0,0.00137132408959317,0,0.00148015933479898,0,0.00947954985742583,0.000500642127946714,0.0424239785812237,0.0350122983827083,0,0,0.000239437539452776,0,0.000457108029864391,0,0,0.00211140375699266,0.00470168259289088,0.00705252388933632,0.000500642127946714,0,0.00228554014932196,0.00205698613438976,0.0215493785507499,0.00151280990836072,0,0,0.000304738686576261,0,0,0.000250321063973357,0,0,0,0.00206786965891034,0,0,0,0.00662806643303367,0,0.00115365359918156,0,0,0.00519144119631702,0,0,0,0,0.000489758603426133,0,0,0,0.00195903441370453,0,0,0,0,0,0,5.44176226029037e-05,0,0,0,8.7068196164646e-05,0.0404105265449163,0.000500642127946714,0.0489214427200104,0.000663894995755425,0.00778172003221523,0,0,0,0,0,0,0.000838031388084717,0,0.000935983108769944,0,0.00015236934328813,0,0.0171306675953941,0.175246511830391,0.000740079667399491,0.0681308634988355,0.0617204675562134,0.000859798437125879,0,0,0,0.000946866633290525,0,0,0,0.00363509718987397,0,0,8.7068196164646e-05,0.000555059750549618,0,0.00212228728151325,0,0.000859798437125879,0,0,0.00723754380618619,0,0.000935983108769944,0,0,0,0.000859798437125879,0,0.000272088113014519,0.000511525652467295,0,0.00029385516205568,0,0,0,0.0082497115866002,0.00485405193617901,0,0.0198515487255393,0.036525108291069,0.0115691865653773,0.0209181341285562,0,0.00114277007466098,0.00043534098082323,0.000272088113014519,0,0,0,0.0620796238653926,0,0.0160858492414183,0
37,"hexa",0,0,0,0.00233604642584897,0,0,0,0,0,0,0,0,0,0,0,0,0,0,0.00431144007016336,0,0,0,0,0,0,0,0.00798354111851542,0,0.00131966131425152,0.0339177547725019,0.0659748690584503,0,0,0,0,0.000286882894402505,0.00744256194621356,0,0.00749174187096827,0,0,0,0.0196637732477603,0.00236063638822633,0.00113933492348423,0.00247538954598733,0.00134425127662888,0.00781141138187392,0,0.00227866984696847,0,0,0,0,0,0.000557372480553438,0.000786878796075442,0.000704912254817584,0,0,0,0.000360652781534578,0,0,0.00047540593929558,0.000590159097056581,0,0.000467209285169794,0,0.00327866165031434,0.00508192555798723,0.00290981221465398,0.0051556954451193,0.00160654420865403,0.00308194195129548,0,0,0,0,9.83598495094302e-05,0.000762288833698084,0.00304095868066655,0,0.00868845337333301,0,0.0501471299415579,0.0158523290792698,0.000377046089786149,0,0,0,0.000557372480553438,0,0,0.00280325571101876,0.00786059130662863,0.00567208465504381,0.00047540593929558,0,0,0.00112294161523266,0.0217621167039614,0.00146720108851567,0,0,0.000352456127408792,0,0,0.000286882894402505,0,0,0.00212293341857854,0.000713108908943369,0,0,2.45899623773576e-05,0.0027212891697609,0,0.000688518946566012,0,0,0.00592618093294317,6.55732330062868e-05,0,0,0.000631142367685511,0.000598355751182367,0.0019098204113081,0,0.00183605052417603,0.00120490815649052,0,0,0,0,9.01631953836444e-05,0.000172129736641503,4.91799247547151e-05,8.19665412578585e-05,0.000655732330062868,0,0,0.0398767223219482,0.000557372480553438,0.040114425291596,0.000278686240276719,0.00936057901164745,0,0,0.000606552405308153,0,0.00326226834206277,0,0.000303276202654077,0,0.000704912254817584,0,0,0,0.0233358742961123,0.138154605290121,0.0048114359718363,0.109826968631405,0.0984172260883108,7.37698871320727e-05,0,0,4.91799247547151e-05,0.00114753157761002,0,0,0.000598355751182367,3.27866165031434e-05,0.000106556503635216,0,0,0.000491799247547151,0,0.000991795149220088,9.01631953836444e-05,0.000934418570339587,1.63933082515717e-05,0.000655732330062868,0.00305735198891812,0,0,0,0,0,0.00117212153998738,0,0.000147539774264145,0,0,0.00019671969901886,0.00019671969901886,0.00019671969901886,0,0.00487700920484258,0,0.000221309661396218,0.0213113007270432,0.0293358251161876,0.00883599314759715,0.0149834837419365,0,6.55732330062868e-05,0.000639339021811297,0,0,6.55732330062868e-05,0,0.097909033532512,0,0.00797534446438964,0
40,"mono",0,0,0,0,0,0,0,0,0,0,0,0,0,0,0,0,0,0.00334323151359096,0.00326016986107939,0,0,0,0,0,0,0,0.00757937579168138,0.0026891210000623,0,0.026683555869344,0.0471063396806279,0.000789085698859979,0,0.000197271424714995,0,0,0.00725751188819902,0,0.00944826297319185,0,0,0,0.0197167597649355,0.00400772473368358,0.00183773906181863,0.0032186390348236,0.000986357123574974,0.0120647050273065,0,0,0,0,0,0,0,0.00106941877608655,0,0,0,0,0,0.000280333077226571,0,0,0,0.000404925555993936,0,0,0,0.00202462777996968,0,0.00208692401935337,0.00665531490749008,0,0.00296945407728887,0,0,0.00167161575679548,0,0.000155740598459206,0,0,0,0.00680067279938534,0,0.0775692007392487,0.0156363560853043,0,0,0,0,0,0,0,0,0.0035508856448699,0.0055132171854559,0,0,0,0,0.0203604875719002,0,0,0.000114209772203418,0.000228419544406836,0,0,0.000342629316610254,0,0,0,0,0,0,0,0.00557551342483959,0,0.000664493220092614,0,0,0.00622962393836825,0,0,0.000207654131278942,0,0.000332246610046307,0,0,0.00188965259463837,0.000508752621633407,7.26789459476296e-05,0.000550283447889196,0,0,0,0,0,7.26789459476296e-05,0,0,0,0.0451855389662977,0.00024918495753473,0.0270573333056461,0.000259567664098677,0.003924663081172,0,0,0.000207654131278942,0,0,0,0.0016093195174118,0,0,0,0,0,0.0174429470274311,0.237161783333679,0,0.0723570820441473,0.0865813900367548,0.000207654131278942,0,0,0,0.000602196980708931,0,0,0,0,0,0,0,0.000332246610046307,0,0.00113171501547023,0,0.00102788794983076,0,0,0.00197271424714995,0,0.0012563074942376,0,0,0,0.000706024046348402,0,0,0,0,0,0,0,0,0.00781817804265216,0.00253338040160309,0.000259567664098677,0.01020620055236,0.0330896858192994,0.00859688103494819,0.0349481902942459,0,0.000176506011587101,0,0,0,0,0,0.0780675706543182,0,0.0113067674481384,0
43,"mono",0,0,0,0.00197224975222993,0,0,0,0,0,0.00478691774033697,0,0,0,0,0,0,0,0,0.00564915758176412,0,0,0,0,0.000673934588701685,0,0,0.00703666997026759,0.00293359762140733,0,0.0291278493557978,0.0549157581764123,0,0,0,0,6.93756194251734e-05,0.00439048562933598,0,0.00669970267591675,0,0,0,0.0226362735381566,0.00398414271555996,0.00151635282457879,0.00226957383548067,0.00257680872150644,0.0139742319127849,0,0,5.94648166501487e-05,0.00140733399405352,0,0,0,0.000465807730426165,0,0,0,0,0,0.000475718533201189,0,0,0,0.00137760158572844,0,0,0,0.0023587710604559,0,0.00325074331020813,0.00533201189296333,0.00361744301288404,0.0010009910802775,0.000376610505450942,0,0,0,0,0,0.00504459861248761,0.000773042616451933,0.00917740336967294,0.000327056491575818,0.0509613478691774,0.0292269573835481,0,0,0,0,0.00121902874132805,0,0,0.00681863230921705,0.00707631318136769,0.00529236868186323,0,0,0,0,0.0296233894945491,0.00321110009910803,0,0.000277502477700694,0.000713577799801784,0,0,0.000237859266600595,0,0,0.00700693756194252,0.00043607532210109,0,0,0,0.00414271555996036,0,0.000396432111000991,0,0,0.00397423191278494,0,0,0,0.00132804757185332,0.00101090188305253,0.00185332011892963,0,0.00130822596630327,0.00112983151635282,0,0,0,0,0,0,0.000128840436075322,0,0,0,0,0.0383349851337958,0.000723488602576809,0.0317839444995045,0.00169474727452924,0.0154410307234886,0,0,0.000465807730426165,0,0.00252725470763132,0,0,0,0,0,0,0,0.0163032705649158,0.181764122893954,0.00504459861248761,0.103191278493558,0.0733795837462834,0.000445986124876115,0,0,0,0.00105054509415263,0,0,0,0,0,0,0,0.000693756194251734,0,0,0,0.000644202180376611,0,0.000247770069375619,0.00509415262636274,0,0,0,0,0,0.00141724479682854,0,0.000237859266600595,0,0,0.000128840436075322,0.000158572844400396,0,0.000317145688800793,0.0045193260654113,0.00295341922695738,0,0.0191575817641229,0.0400594648166501,0.00951437066402379,0.0139544103072349,0,0,0.000614469772051536,0,0,0,0.000218037661050545,0.0595441030723489,0,0.0107433102081269,0
46,"mono",0,0,0,0.00236757927612523,0,0,0,0,0,0.00659899755685968,0,0,0.00261944941188323,0,0,0,0,0,0.00540261441200917,0,0,0,0,0,0,0,0.00906732488728811,0,0,0.0359040878523034,0.0843261214517795,0,0,0.000969700022668312,0,0.000604488325819208,0.0289398785985946,0,0.0152885172405108,0,0,0,0.0154144523083898,0.00251870135758003,0.00322393773770244,0.00302244162909604,0.00109563509054731,0.0103644560864418,0,0,0,0,0,0,0,0,0,0,0,0,0,0,0,0.0121779210638995,0,0,0,0,0,0.00515074427625116,0,0.000868951968365111,0.00251870135758003,0.00488628063370526,0.00206533511321563,0,0,0,0,0,0,0.00517593128982697,0,0.00607007027176788,0,0.0648565599576858,0.0109311638918973,0,0,0,0,0,0,0.00375286502279425,0.00941994307734932,0.00571745208170667,0.00394176762461275,0,0,0,0,0.00557892350703977,0,0,0,0,0,0,0,0,0,0.00517593128982697,0,0,0,0,0.00136009873309322,0,0.000881545475153011,0,0.00357655592776364,0.00457144296400776,0,0,0,0,0,0.00132231821272952,0,0.00105785457018361,0.00128453769236582,0,0,0,0,0,0,0.000302244162909604,0,0.000302244162909604,0,0,0.0365085761781226,0,0.028511699367806,0.000478553257940206,0.00924363398231872,0,0,0,0,0.00409288970606755,0,0.000503740271516006,0,0,0,0,0,0.0216104576480367,0.17332443392187,0,0.0464952270609274,0.106440319371332,0,0,0,0,0.000465959751152306,0,0,0,0,0,0,0,0,0,0.000667455859758708,0,0.000541520791879707,0,0,0.000931919502304612,0,0,0,0,0,0.000957106515880412,0.000113341561091101,0,0,0,0,0,0.000226683122182203,0,0.00630934690073798,0.00522630531697857,0,0.0116489937788076,0.0232350200236758,0.00744276251164899,0.0246077122635569,0,0,0,0,0,0,0,0.0928645190539758,0,0.00687605470619349,0
49,"tri",0,0,0,0.00307847768103681,0,0,0,0,0,0.00608645587319492,0,0,0,0,0,0,0,0,0.00922368312829732,0,0,0,0,0.000352497444393528,0.000305497785141058,0,0.0207620994747788,0,0,0.0352262446097266,0.0555065975771676,0,0,0.000422996933272234,0,0,0.00693244973973939,8.22494036918232e-05,0.00755519522483462,0.000822494036918232,0,0,0.040866203720023,0.00486446473263069,0.00131599045906917,0.00424171924753546,0.00586320749174568,0.0105984231614321,0,0.000481746507337822,0,0.00403022078089934,0,0,0,0.000493496422150939,0.00121024122575111,0,0,0,0,0,0,0,0,0,0,0.000528746166590292,0,0.012384410213026,0.00612170561763427,0.0026672306625777,0.0104691740984878,0.00964668006156955,0.00461771652155522,0.00029374787032794,0,0,0.00514646268814551,0.000187998637009882,0,0.00742594616189033,0.000869493696170703,0.00595720681025063,0.000281997955514823,0.0534856122293113,0.0227125853337563,0,0,0,0,0.00198573560341688,0,0,0.00982292878376632,0.0122551611500817,0.00798994207291997,0.000493496422150939,0,0,0,0.0141116476905542,0.00596895672506374,0,0,0.000422996933272234,0,0,0,0,0.000375997274019763,0.00726144735450668,0.00054049608140341,0,0,0,0.00478221532893887,0,0.00112799182205929,0,0,0.00529921158071604,0,0,8.22494036918232e-05,0.00227948347374482,0.000575745825842763,0.00216198432561364,0,0.00294922861809252,0.00108099216280682,0,0,0,0.000223248381449235,0,0,0.000422996933272234,0,0.00195048585897752,0,0,0.0433924354048433,0.00115149165168553,0.046353413937749,0.00189173628491193,0.0238288272410025,0,4.69996592524704e-05,0.000458246677711587,0,0,0,0,0,0,0,0,0,0.0146638936867708,0.117687146768186,0,0.0490088946855135,0.0685137532752888,0.000352497444393528,0,0,0,0.000657995229534586,0,0,0,0,0,0,0,0,0,0.000963493014675644,0,0,0,0.000963493014675644,0.00326647631804669,0,0.000328997614767293,0,0,0,0.000951743099862526,0,9.39993185049408e-05,0,0,0,0,0,0.000446496762898469,0.0058749574065588,0.00185648654047258,0.000328997614767293,0.0197046071415982,0.033569506621077,0.00930593253198914,0.0175543727307977,0,0,0,0.000646245314721468,0,0,0,0.0811096619549508,0,0.0077431938618445,0
52,"mono",0,0,0,0,0,0,0,0,0,0,0,0,0,0,0,0,0,0,0,0,0,0,0,0,0,0,0.0263021239029963,0,0,0.0360388430181233,0.0603676585137872,0,0,0,0.000181752090149037,0.000701043776289142,0.0126187879732045,0,0.0089318170016098,0,0.000986654203666199,0,0.0326374824739056,0.00464766059095394,0,0.00945110868774991,0.004959235602638,0.0118917796126084,0,0,0,0.00508905852417303,0,0,0,0,0.00215506049748144,0,0,0,0,0,0,0,0,0,0,0,0,0.00817884405670665,0,0,0.0105156566443371,0.00937321493482889,0.00563431479462014,0,0,0.00301189177961261,0,0.0019992729916394,0,0.0153969984940541,0,0.00475151892818196,0,0.0512281248377214,0.0136314067611778,0.000103858337228021,0,0,0,0,0,0,0.0131121150750376,0.0209534195357532,0.00706236693150543,0.000259645843070052,0,0,0,0.0164355818663343,0.00306382094822662,0,0,0.000103858337228021,0,0.0044659085008049,0,0,0,0.0116321337695383,0,0,0,0,0.00311575011684063,0,0.00103858337228021,0,0,0,0,0,0,0.00971075453081996,0.000752972944903152,0,0.0019992729916394,0.00384275847743678,0.00140208755257828,0,0,0,0.0004933271018331,0,0,0,0,0.0034532897128317,0,0,0.0442955808277509,0.000155787505842031,0.0519810977826245,0.000675079191982136,0.0352599054889131,0,0,0.000415433348912084,0,0.00810095030378564,0,0,0,0,0,0,0,0.0268473801734434,0.0832684218725658,0,0.0688321129978709,0.0512281248377214,0,0,0,0,0.00127226463104326,0,0,0,0.000830866697824168,0,0,0,0,0,0.0004933271018331,0,0,0.000233681258763047,0.00275224593654256,0.00337539595991068,0,0,0,0,0,0,0,0,0,0,0,0.00664693358259334,0.000311575011684063,0,0.00275224593654256,0.0140208755257828,0,0.0180453860933686,0.0191358986342629,0.00727008360596147,0.0175780235758426,0,0,0.000155787505842031,0.000675079191982136,0,0,0,0.0834501739627149,0,0.00625746481798826,0
55,"tri",0,0,0,0,0,0,0,0,0,0.00877774097383239,0,0,0,0,0,0,0,0,0.00806431064794761,0,0,0,0,0,0,0,0.0120391367493057,0.000993706525339516,0,0.0313527148571865,0.0762223864244401,0,0,0,0,0.00118480393405865,0.00127398272479425,0,0.00761841669426963,0,0,0,0.0282951563176803,0.00291742043977884,0.00198741305067903,0.00410222437383749,0.00189823425994344,0.00699416515912044,0,0,0,0.00244604683160496,0,0,0,0,0,0,0,0,0,0,0,0,0,0,0,0,0,0.00515963003541672,0,0.00208933166866257,0.00848472494712972,0.00895609855530359,0.00229316890462965,0,0,0.00197467322343109,0,0,0,0.00542716640762351,0,0.0069814253318725,0.000433154126430046,0.0434045914337402,0.0407419675389202,0,0,0,0,0.00105740566157923,0,0,0.00634443396947537,0.00690498636838484,0.00752923790353403,0.000649731189645068,0,0,0.0014396004790175,0.0107651540245114,0.00216577063215023,0,0.00015287792697531,0.00015287792697531,0,0,0,0,0,0.00369454990190333,0,0,0,0,0.00247152648610085,0,0,0,0,0.00491757331770581,0,0,0,0,0,0.0028155018217953,0,0.00233138838637348,0.00136316151552985,0,0,0,0,0,0,0,6.36991362397126e-05,0.000382194817438276,0,0,0.0359390526664458,0.000649731189645068,0.0453792646571713,0.000751649807628609,0.017733839529136,0,0,0.000547812571661528,0,0,0,0,0,0.000611511707901241,0,0,0,0.0221800392386679,0.144138405483222,0,0.123690982750274,0.0629857059138278,0.00010191861798354,0,0,0,0.000293016026702678,0,0,0,0,0.00010191861798354,0,0,0.000777129462124494,0,0.00151603944250516,0,0.000917267561851861,0,0,0.00286646113078707,0,0,0,0,0,0.000547812571661528,0,0,0.000318495681198563,0,0.000140138099727368,0,0,0.000267536372206793,0.00507045124468112,0,0,0.0204729023874436,0.0289321476800775,0.00634443396947537,0.0184090503732769,0,0.000140138099727368,0.000369454990190333,0,0,0,0,0.0754962162713074,0,0.00499401228119347,0
58,"alt_div",0,0.00468252856542533,0,0,0,0,0,0,0.00342184779781082,0,0,0,0,0,0,0,0,0,0,0,0,0,0,0,0,0,0.00632341464390771,0,0,0.043863686390651,0.0558301482800712,0,0,0,0,0,0.00970524083004823,0,0.00598323094471014,0,0,0,0.0275148580233326,0.00696376043063254,0,0.00500270145878775,0.00362195585616233,0.00522282032297441,0,0,0,0,0,0,0,0,0,0,0.000780421427570888,0,0,0.00040021611670302,0,0,0,0.00104056190342785,0,0,0,0.00342184779781082,0,0.0019610589718448,0.00500270145878775,0.00770416024653313,0,0,0,0.00256138314689933,0,0,0,0.00886478698497188,0,0.00490264742961199,0,0.0439637404198267,0.0207912272627219,0,0,0,0,0.00120064835010906,0,0,0.00658355511976467,0.00986532727672943,0.00954515438336702,0,0,0,0,0.021471594661117,0.00232125347687751,0,0,0,0,0,0,0,0,0,0,0,0,0,0.00144077802013087,0,0,0,0,0,0,0,0,0,0.00020010805835151,0.00328177215696476,0,0.00234126428271266,0.00308166409861325,0,0,0,0,0,0,0,0,0,0,0,0.047185480159286,0.000440237728373322,0.031937246112901,0.00158085366097693,0.0226322213995558,0,0,0.000440237728373322,0,0,0,0.000420226922538171,0,0,0.00142076721429572,0,0,0.0166890120665159,0.181457987313149,0,0.128309287014988,0.0619134332539571,0,0,0,0,0,0,0,0,0,0,0,0,0,0,0,0,0.000780421427570888,0,0,0.00292157765193204,0,0,0,0,0,0.00082044303924119,0,0,0,0,0,0.00592319852720469,0,0.000500270145878775,0.00368198827366778,0,0,0.0185900386208553,0.0326976567346367,0.00684369559562164,0.0147879855121766,0,0,0.000360194505032718,0,0,0,0.00040021611670302,0.0708782742681048,0,0.00552298241050167,0
61,"mono",0,0,0,0,0,0,0,0,0,0,0,0,0,0,0,0,0,0,0.00336294734728706,0,0,0,0,0.000238417908949455,0,0,0.0120338302464488,0.00335039903628972,0,0.0488505747126437,0.0426015158359685,0,0,0.000464287506901571,0,0,0.011782864026502,0,0.00830698188023892,0,0,0,0.039778145861567,0.00298649801736686,0.00252221051046529,0.00528283892988004,0.00323746423731366,0.00444210209305827,0,0,0,0,0,0,0,0.000238417908949455,0,0,0,0,0,0,0,0,0,0,0,0,0,0.00707724740249962,0,0.00194498820458766,0.00450484364804497,0.00330020579230036,0.00445465040405561,0,0,0.00188224664960096,0,0,0,0.0040405561411434,0,0.00655021834061135,0.000388997640917533,0.061235757667018,0.017580183707273,0,0,0,0,0.00124228278873664,0,0,0.00481855142297847,0.00420368418410882,0.00878381769813783,0,0,0,0.00180695678361693,0.0106033227927521,0.0020202780705717,0,0,0,0,0.000188224664960096,0.000213321286954776,0,0,0.00308688450534558,0,0,0,0,0.00378958992119661,0,0.000815640214827084,0,0,0.00593535110174171,0,0.00146815238668875,0.000313707774933494,0,0.000388997640917533,0.00264769362043869,0,0.00205792300356372,0.00253475882146263,0,0,0,0,0,0,0.000363901018922853,0,0.000840736836821764,0,0,0.0489258645786277,0.000426642573909552,0.0301535913266074,0.000602318927872308,0.0176931185062491,0,0,0,0,0.00254730713245997,0,0.000639963860864328,0,0,0,0,0,0.0178687948602118,0.177307634392411,0.000564673994880289,0.091853636500527,0.0724413993876424,0.000250966219946795,0,0,0,0,0,0,0,0,0,0,0,0.00051448075089093,0,0.00121718616674196,0,0.000991316568789841,0,0,0.00237163077849721,0,0,0,0,0,0.00050193243989359,0,0.000175676353962757,0,0,0,0.000150579731968077,0,0,0.00494403453295186,0.00437936053807158,0,0.0166265120714752,0.0330647994779903,0.00862068965517241,0.018947949605983,0,0,0,0,0,0,0,0.0803342870049691,0,0.00532048386287206,0
64,"pasto",0,0.00475552348555132,0.000886506545716936,0.00158746520977219,0,0,0,0,0,0,0,0,0,0,0,0,0,0,0.00309246469436141,0,0,0,0,0,0,0,0.00990963130948699,0.00180050166649486,0,0.0381885029034807,0.0575885647527746,0.00101707727725664,0,0.000391712194619111,8.93378689482184e-05,0.000639109370168024,0.0272755386042676,0,0.00902312476377006,0,0,0,0.034058344500567,0.00667285159605539,0.00120949730268357,0.00627426725767103,0.00477613991684706,0.0118888087138783,0,0.00048105006356733,0,0.00101707727725664,0,0,0,0.000934611552073669,0,0,0,0,0,0.00028175789437515,2.06164312957427e-05,0,0,0.000570387932515548,0,0.000426072913445349,0,0.00599938150706113,0.00356664261416349,0.00391024980242587,0.00659725801463767,0.00806789678040065,0.00434319485963646,0,0,0,0,0.000123698587774456,0.00122324159021407,0.00327114043225784,0.00129196302786654,0.010631206404838,0.000288630038140398,0.0447857609181184,0.0173796515823111,0,0,0,0,0.00386214479606913,0.00019929216919218,0,0.00148438305329347,0.00475552348555132,0.0086245404253857,0,0,0,0.00147751090952823,0.0133044703295193,0.00166993093495516,0,0.000109954300243961,6.87214376524757e-05,0,0,0.000302374325670893,0,0,0,0,0,0,0,0.00511974710510944,0.000295502181905645,0.000865890114421194,0,0.00199292169192179,0.00618492938872281,0,0,0,0,0.000336735044497131,0.00261141463079408,0,0.00200666597945229,0.0012850908841013,0,0.000618492938872281,0,0,0,0,0.000247397175548912,0,0.000632237226402776,0,0,0.0416314469298698,0.000213036456722675,0.0410198261347627,0.000872762258186441,0.0158128028038347,0,0,0.000384840050853864,0,0.00277634608116002,0,0,0,0,0,0,0,0.0165962271930729,0.178730715046559,0.00793732604886094,0.0525031783664914,0.068508401195753,0.000721575095350995,8.24657251829708e-05,0,0,0.000309246469436141,0,0,0,0,0,6.87214376524757e-05,0,0.00048105006356733,0,0.0012713465965708,0,0.000680342232759509,0.000151187162835447,0,0.0032505240009621,0,0,0.000144315019070199,0,0,0.000852145826890699,0,0.000474177919802082,0,0,0,0.000116826444009209,0.000522282926158815,0.000446689344741092,0.00476239562931657,0.000515410782393568,0.000219908600487922,0.0196474590248428,0.0330618836546061,0.0076280795794248,0.0209531663402398,0,0,0.000288630038140398,0.000460433632271587,0,0,0,0.0717657973404804,0,0.00974469985912105,0
67,"mono",0,0,0,0.00267901896054064,0.00142592944673937,0,0,0,0,0.00173704132602797,0,0,0,0,0,0,0,0,0.00275679693036279,0,0,0,0,0.00165062135955891,0,0,0.00873705861002126,0,0,0.0559137183054773,0.0518519798814318,0,0.000198765922878822,0,0.000181481929585011,0,0.0171284373541663,0,0.00679260936446757,0,0,0,0.0298840244049985,0.00417408438045526,0.00137407746685794,0.00414815839051454,0.00429507233351193,0.0156420139308986,0,0.000630865755224087,0,0.00241975906113348,0.000181481929585011,0,0,0.000674075738458613,0.00236790708125205,0,0,0,0,0,0,0,0,0,0,0.000449383825639076,0.00042345783569836,0.00952348030488964,0.00207407919525727,0.00184074528579083,0.00662841142817637,0.00198765922878822,0.00487408610885459,0,0,0,0,0.00194444924555369,0,0.00320618075600187,0.000483951812226697,0.00624816357571253,0.000345679865876212,0.0495099987901205,0.0118913873861417,0,0,0,0,0.000829631678102909,0,0.000492593808873602,0.00272222894377517,0.00972224622776846,0.00910866446583819,0.000691359731752424,0,0,0.00156420139308986,0.0189691826399571,0.00288642688006637,0,0,0.000216049916172633,0,0.00057037177869575,0.000354321862523117,0,0,0,0,0,0,0,0.00589384171318942,0,0.00610989162936205,0,0,0,0,0,0,0.00161605337297129,0.00121852152721365,0.00210000518519799,0.00084691567139672,0.0017975353025563,0.0016246953696182,0,0,0.000285185889347875,0,0,0,0,0,0.00322346474929568,0,0,0.0513161760893237,0.00044074182899217,0.0301260003111119,0.000760495704927667,0.015054358158909,0,0,0,0,0.00333581070570545,0.000916051644571962,0,0,0.00058765577198956,0,0,0,0.0151321361287312,0.187565895224433,0.00084691567139672,0.0535803792108129,0.0704149886789844,0.000181481929585011,0,0,0,0.000890125654631246,0,0,0,7.77779698221477e-05,0.000337037869229307,0,0,0.000207407919525727,0,0.00170247333944034,0,0.000967903624453394,0.000155555939644295,0.000613581761930276,0.0021172891784918,0,0,0,0,0.00014691394299739,0.00084691567139672,0,0,0,0,0,0.000414815839051454,0.000449383825639076,0,0.00819261282126623,0.00657655944829493,6.04939765283371e-05,0.0132827488462934,0.0232296869868814,0.0106987918488688,0.0200407902241734,0,0.00235062308795824,0.000388889849110739,0,0,0,0,0.0767409302245191,0,0.00813211884473789,0
70,"tri",0,0,0,0,0,0,0,0,0,0.00318948020092942,0,0,0,0,0,0,0,0,0.00325217268645137,0,0,0,0,0,0,0,0.0108379634346078,0,0.000854185115236625,0.0505223067700048,0.0419177631321166,0,0,0,0,0.000720963583502472,0.00901204479378091,0.00016456777449513,0.0075779541874662,0,0.000180240895875618,0,0.0197167866966546,0.00661405722256616,0.00166135086633178,0.00423957933342215,0.00337755765749528,0.00893367918687846,0,0.000391828034512213,0,0.000517213005556122,0,0,0,0.00219423699326839,0,0,0,0,0,0.000376154913131725,0,0,0,0.000799329190404915,0,0.000360481791751236,0,0.00123817658905859,0,0.00220991011464888,0.00411419436237824,0.0045843880037929,0.00376154913131725,0.000289952745539038,0,0.00229611228224157,0,8.62021675926869e-05,0.0019121208084196,0.00277414248434647,0.00075230982626345,0.00599496892803686,0,0.0672925466471275,0.0177576465240935,0,0,0,0,0.000572068930387831,0,0,0.002727123120205,0.00448251271481972,0.00842430274201258,0,0,0,0.00160649494150007,0.0250378114053304,0.000705290462121984,0,0.000141058092424397,0.000148894653114641,0,0,0.000266443063468305,0,8.62021675926869e-05,0.00237447788914401,0,0,0,0.000117548410353664,0.00309544147264648,0,0.000963896964900045,0,0,0.00584607427492222,0,0,0,0.00110495505732444,0.000399664595202458,0.00249986286018792,0,0.00203750577946351,0.002727123120205,0.000666107658670763,0,0,0,0,0,0,0,0,0,0,0.0503734121168901,0.000250769942087816,0.0283526765773038,0.00058774205176832,0.00992108583384924,0,0,0.000673944219361007,0,0.00225692947879035,0,0.000791492629714671,0,0.000415337716582946,0.000454520520034167,0,0,0.0118723894457201,0.231789792096045,0.00440414710791728,0.0648945590759128,0.0756619934643084,0.000634761415909786,0.000297789306229282,0,0,0.00281332528779769,0,0,0,0.000148894653114641,0,0,0,0.00335404797542455,0,0.000485866762795144,0,0,0,0,0.00232745852500255,0,0,0,0,0,0.00145760028838543,0,0.000211587138636595,0,0,0,0,0,0,0.00597929580665637,0,0.000172404335185374,0.010524501006998,0.0295359972415306,0.00513294725210999,0.0189566403097009,0.00255471878501963,0.000172404335185374,0.000454520520034167,0.000141058092424397,0,0,0.000203750577946351,0.0652472043069738,7.05290462121984e-05,0.00791492629714671,0
73,"mono",0,0.00197744155489352,0,0.00170424239270428,0.00070251213134375,0,0,0,0.00273849636384925,0.00254335410514265,0,0,0,0,0,0,0,0,0.00240675452404803,0,0.00510622243615596,0,0,0.000253684936318576,0,0,0.0122484291048174,0,0.00113182510049826,0.0505613592308793,0.0540609104036843,0,0,0,0,0.000754550066998842,0.00926275254660648,0.000123590097180845,0.00893751544876215,0,0,0,0.0303055927771345,0.0222397127505952,0.00192540361923842,0.00869033525440046,0.00561359230879311,0.0106027293897251,0,0.000357760807628761,0,0,0,0,0,0.00126191993963599,0,0,0,0,0,0.000156113806965278,0,0,0,0,0,0.000617950485904224,0.000110580613267072,0.00390284517413194,0.00298567655821094,0.00196443207097974,0.00496311811310445,0.00236772607230671,0.00694706440995486,0,0,0,0,8.45616454395254e-05,0.00240675452404803,0.00250432565340133,0.00126191993963599,0.00952294222488194,0.000299218130016782,0.0550951643748293,0.0102709875499239,0,0,0,0,0.000513874614594039,0,0.000624455227861111,0.00319382830083131,0.0109344712295263,0.0108303953582161,0.000383779775456308,0,0,0.00200346052272106,0.0150779918560631,0.00225064071708275,0,0,0,0,0,0.000624455227861111,0,0.000130094839137731,0,0,0,0,0,0.00395488310978703,0,0.000767559550912615,0,0,0.00699259760365306,0,0,0,0,0,0.00306373346169357,0.00137250055290307,0.00128793890746354,0.00183433723184201,0,0,0.000429312969154514,0,0,0,0,0.000104075871310185,0.00066348367960243,0,0,0.0423458701393316,0.00024718019436169,0.0392756319356811,0.000429312969154514,0.0132306451403073,0,0,0.000240675452404803,0,0.00238724029817737,0,0.000748045325041956,0,0,0.00047484616285272,0,0,0.0166911678613709,0.17472387370393,0.0036816839475978,0.0489481832255714,0.0678899918040251,0.000409798743283854,0,0,0,0.000656978937645544,0,0,0,3.90284517413194e-05,0,0,0,0.00292062913864207,0,0.000865130680265914,0,0,5.20379356550926e-05,0,0.00276451533167679,0,0.000286208646103009,0,0,0,0.000780569034826388,0,0,0,0,0,0.00115133932636892,0,0,0.00450128143416551,0,0.00020815174262037,0.0160732173754667,0.0316585791041669,0.00625756176252488,0.0265458519260541,0.00303771449386603,2.60189678275463e-05,0,0,0,0,0.000318732355887442,0.0745638570517907,0,0.00755851015390219,0
76,"mono",0,0,0,0.00226916487442132,0,0,0,0,0,0,0,0,0,0,0,0.000164036015018408,0,0,0.00303466627784056,0,0,0,0,0,0,0,0.0104162869536689,0,0,0.0375095687675427,0.0501767943717421,0,0,0,0,0.00070170961980097,0.0183902599059527,0,0.0120930995516349,0,0,0,0.0229194765428499,0.00297087449422229,0.00154922903072941,0.00455655597273357,0.0025243320088944,0.018025735428134,0,0.000592352276455364,0,0.00151277658294755,0,0,0,0.000683483395910035,0,0,0,0,0,0.000236940910582146,0,0,0,0.000355411365873218,0,0.000309845806145883,0,0.00325338096453177,0,0.00297087449422229,0.00473881821164291,0.00360879233040499,0.00333539897204097,0.000109357343345606,0,0,0,0.000820180075092042,0.000920424306492181,0.00471147887580651,0.000154922903072941,0.00578682608537163,0,0.0556902270987497,0.0164491670615682,0,0,0,0,0.000856632522873911,0.000200488462800277,0,0.00328983341231364,0.00344475631538658,0.00502132468195239,0,0,0,0.00172237815769329,0.0135420843509642,0.000729048955637371,0,0,0,0,0,0,0,0,0,0,0,0,0,0.00315313673313163,0,0.000929537418437648,0,0.00106623409761966,0.00423759705464222,0,0,0,0,0.000555899828673495,0.00253344512083986,0.00044654248532789,0.00154922903072941,0.00117559144096526,0,0,0,0,0,0,0,0,0.000665257172019101,0,0,0.0391043633579995,0.000118470455291073,0.0389950060146539,0.000455655597273357,0.011081544125688,0,0,0.000309845806145883,0,0.00275215980753108,0,0.00057412605256443,0,0.000747275179528305,0,0,0,0.0226916487442132,0.162869536689389,0.00207778952356651,0.0785276856340903,0.0915047570444355,0.000145809791127474,0,0,0,0.00082929318703751,0,0,0,0,0.00012758356723654,0,0,0.000464768709218824,0,0.00163124703823862,0,0.000965989866219517,0,0.000419203149491488,0.00341741697955018,2.73393358364014e-05,0,0,0,0.00019137535085481,0.000874858746764845,0,0.000109357343345606,0,0,0,0.00038275070170962,0,0,0.00594174898844457,0.00404622170378741,0.000209601574745744,0.0157747967776036,0.0384664455218168,0.00900375460212153,0.0284875879415303,0.00190464039660263,0,0.000209601574745744,0,0,0,0.000182262238909343,0.0844420952866985,0,0.0112729194765428,0
79,"tri",0,0,0,0.0020507206117847,0,0,0,0,0.00190365698225432,0.00346416549560443,0,0,0,0,0,0,0,0,0.00456714271708226,0,0,0,0,0,0,0,0.00901990261119644,0.00104578580999379,0.00112748782639956,0.0462106604791006,0.0524935455407039,0.000555573711559201,0,0,0,0,0.0160381058204516,0,0.00942024249158469,0,0,0,0.0292493218732638,0.00292493218732638,0.00129089185921109,0.00607863002058891,0.0012173600444459,0.00983692277525409,0,0.000571914114840354,0,0.00236118827412661,0,0,0,0.00214876303147162,0.000228765645936142,0,0,0,0,0,0,0,0,0.000196084839373836,0,0,0,0.00370927154482173,0.000694467139449002,0,0.00609497042387006,0.00508186542043858,0.00290859178404523,0,0,0,0.000114382822968071,0.000204255041014412,0.00060459492140266,0.00525343965489068,0,0.00614399163371352,0.00030229746070133,0.0720611784698846,0.0196166541390242,0,0,0,0,0.000857871172260531,0.000179744436092683,0,0.00207523121670643,0.00784339357495343,0.00792509559135919,0.00016340403281153,0,0,0.0018056145625674,0.00589888558449623,0.000727147946011308,0,0,0,0,0.000506552501715742,0.000531063106637472,0,0,0,0,0,0,0,0.00405242001372594,0.000114382822968071,0,0,0.00161769992483414,0.00486944017778359,0,0,0,0,0.000220595444295565,0.00245106049217295,0,0.00183829536912971,0.00116833883460244,0,0,0,0,0,0,0.000171574234452106,0,0.00160135952155299,0,0,0.0414637733259257,0.00032680806562306,0.0322232752704337,0,0.0161933396516226,0,0,0.000375829275466519,0,0,0,0,0,0.000383999477107095,0,0,0,0.0166018497336514,0.16454786104121,0.000343148468904213,0.0511781430765711,0.0851498414980882,0,0,0,0,0.000147063629530377,0,0,0,0,0,0,0,0.000343148468904213,0,0.00102127520507206,0,0.000915062583744567,0,0,0.00154416811006896,0,0.000694467139449002,3.2680806562306e-05,0,0,0.000457531291872283,0,9.80424196869179e-05,0.000261446452498448,0,0.000114382822968071,0.00312101702670022,0,0,0.00700186280597405,0.00624203405340044,0.000245106049217295,0.0166835517500572,0.0286692375567829,0.00811301022909245,0.0262590280728128,0.00255727311350044,0,0,0,0,0,0,0.108181639922873,0,0.00509820582371973,0
82,"hexa",0,0.00835536253776435,0,0,0,0,0,0,0,0,0,0,0,0,0,0,0,0,0.0104009315206445,0,0,0,0,0.000487789526686808,0,0,0.0112348942598187,0,0,0.058031218529708,0.0406753524672709,0.000597935548841893,0,0.000645140986908359,0,0,0.034601586102719,0,0.0121160624370594,0,0,0,0.0537984642497482,0.00541289023162135,0.00201409869083585,0.00347746727089627,0.00701787512588117,0.0190080563947633,4.72054380664653e-05,0.00157351460221551,0,0,0,0,0,0.00116440080563948,0,0,0,0,0,0,0,0,0,0.000220292044310171,0,0.00102278449144008,0,0.00377643504531722,0.00412260825780463,0.00387084592145015,0.00390231621349446,0.00769448640483384,0.0027693856998993,0,0,0,0,0,0,0.00881168177240685,0.00160498489425982,0.0049408358509567,0,0.0600138469284995,0.0247199144008056,0,0,0,0,0.0017151309164149,0,0,0.00464186807653575,0.00424848942598187,0.00964564451158107,0,0,0,0,0.00810360020140987,0.00169939577039275,0,0,0,0,0,0.000472054380664653,0,0,0,0.000833962739174219,0,0,0,0.00585347432024169,0.000377643504531722,0.00176233635448137,0,0,0.00423275427995972,0,0,0,0,0.000188821752265861,0,0,0,0.00236027190332326,0,0.00284806143001007,0,0,0,0,0,0,0,0,0,0.0546638972809668,0.000440584088620342,0.0548527190332326,0.00121160624370594,0.023335221550856,0,0,0,0,0.00475201409869084,0,0.000298967774420947,0,0,0,0,0,0.0160655840886203,0.152457829808661,0,0.0178279204431017,0.0531061178247734,0.000550730110775428,0,0,0,0,0,0,0,0,7.86757301107754e-05,0,0,3.14702920443102e-05,0,0,0,0.000692346424974824,0.000361908358509567,0,0.00459466263846928,0,0,0,0,0,0,0,0,0.000739551863041289,0,0,0.000503524672708963,0,0.000409113796576032,0.00986593655589124,0.00149483887210473,0,0.0120059164149043,0.0288739929506546,0.00706508056394763,0.0186618831822759,0,0,0,0.000582200402819738,0,0,0,0.0759692849949647,0,0.0113922457200403,0
85,"hexa",0,0,0,0,0,0,0.00344739166358016,0,0.00354710960426223,0.00336191914299553,0,0,0,0,0,0,0,0,0.00354710960426223,0,0,0,0,0.000683780164677056,0,0,0.00829083449670931,0.00307701074104675,0,0.0632069289723354,0.0385765976238639,0,0,0.000683780164677056,0,0.000512835123507792,0.0318527593378729,0,0.0123365338043819,0,0.000227926721559019,0.000113963360779509,0.0452007179691729,0.00652440240462691,0.00175218667198496,0.00394598136699051,0.00982933986723268,0.0204849141001168,0,0.00148152369013362,0,0.00112538818769766,0,0,0,0.00156699621071825,0,0,0,0,0,0,0,0,0,0,0,0.0010684065073079,0,0,0.00431636228952392,0.00485768825322659,0.00405994472777002,0.00357560044445711,0.00212256759451836,0.000242172141656457,0,0,0,0,0,0.00594034018063193,0.00189464087295934,0.00545599589731901,0.000470098863215476,0.0579503689563805,0.0297017009031596,0,0,0,0,0.00215105843471324,0,0.00126784238867204,0.00403145388757514,0.0049004245135189,0.00917405054275051,0,0,0,0.00411692640815978,0.00928801390353002,0.00166671415140032,0.000113963360779509,0,0,0,0,0,0,0.000398871762728283,0.00883216046041198,0.00317672868172882,0,0,0,0.00719393714920653,0.000327644662241089,0.000811988945554004,4.2736260292316e-05,0.00388899968660076,0.00481495199293427,0,0,8.5472520584632e-05,0,0.000370380922533406,0,0,0,0.00363258212484686,0,0.00304851990085188,0,0,0,0,0,0,0.000925952306333514,0,0,0.052608336419841,0.000826234365651443,0.0634918373742842,0.00203709507393373,0.0171657312174136,0,0,0.00021368130146158,0,0.00417390808854953,0,0,0,0,0,0,0,0.0131342773298385,0.138023875324083,0.00566967719878059,0.0152995811846491,0.046924413800963,0,9.97179406820707e-05,0,0,0.000484344283312915,0,0,0,0,0,0,0,0,0,0.00118236986808741,0,0.00064104390438474,0,0,0.00478646115273939,0,0,0,0,0,0,0,0,0.00101142482691815,0,0.000142454200974387,0.000498589703410354,0,0.000398871762728283,0.0106270833926892,0.00196586797344654,0.000142454200974387,0.0145588193395823,0.0296447192227699,0.00960141314567367,0.0196301888942705,0,9.97179406820707e-05,0,0.000484344283312915,0,0,0,0.0709279466651472,0,0.0122083250235049,0
88,"tri",0,0,0,0.00185102132343947,0,0,0,0,0.00102743914869328,0.00397928813144698,0,0.000693113711420068,0,0,0,0,0,0,0.00239735801361765,0,0,0,0,0.000399559668936274,0,0,0.00738777673584213,0,0.00123945040159824,0.0380070942226934,0.045566110816651,0.000350633995188975,0,0,0,0,0.0100053002813226,0,0.011301830635626,0,0,0,0.0181840420760794,0.00281322624046969,0.0020304154605129,0.00426468789497289,0.00121498756472459,0.0157785297835039,0,0.000611570921841236,0,0.000497411016430872,0,0,0,0.00102743914869328,0,0,0,0,0,0,0,0,0,0.00059526236392547,0,0.000195702694989196,0,0.00174501569698699,0,0.00238104945570188,0.00405267664206792,0.00193256411301831,0.00278876340359604,0,0,0,0,0,0.000864353569535614,0.00287030619317487,0.000619725200799119,0.00764871366249439,0.00015493130019978,0.084086924613691,0.0122069555999511,0,0,0,0,0.000790965058914665,0,0,0.00202226118155502,0.00397928813144698,0.00486810453785624,0,0,0,0.000954050638072328,0.0173196885065438,0,0,0,0,0,0,0.000252782647694378,7.33885106209483e-05,0,0.00343295144126881,0,0,0,0.000277245484568027,0.00235658661882823,0,0.000733885106209483,0,0,0.00291923186692217,0,0,0,0.00088066212745138,0.000269091205610144,0.00193256411301831,0,0.00123945040159824,0.00101113059077751,0,0,0,0,0,0,0.000530028132262405,0,0,0,0,0.0378113915277042,0.000366942553104742,0.0286215191421699,0.000603416642883353,0.0112447506829209,0,0,0.000464793900599339,0,0.00229950666612305,0,0.000342479716231092,0,0.000627879479757002,0,0,0,0.0178415623598483,0.18844538671668,0.000636033758714886,0.0814286296734211,0.0878949728870225,0.000326171158315326,0,0,0,0.000733885106209483,0,0,0,0,0,0,0,0.000611570921841236,0,0.000839890732661964,0,0.000521873853304522,0,0,0.00195702694989196,0,0.000603416642883353,0,0,0.000203856973947079,0.000668650874546418,0,0.000179394137073429,0,0,0.00015493130019978,0.00153300444408203,0,0,0.00563460675989726,0.00238920373465976,0.000244628368736494,0.0123700411791087,0.0419782280751824,0.00698006278794798,0.0326741957842378,0,4.89256737472989e-05,0,0,0,0,0,0.0830024055122926,0,0.0091001753169976,0
91,"alt_div",0,0,0,0,0,0,0,0.00193786506159398,0,0.00289652622280655,0,0,0,0,0,0,0,0,0.00193101748187103,0,0,0,0,0,0,0,0.00815546745002979,0,0,0.0428110684278642,0.0461800776515541,0,0,0,0,0,0.0309168224491054,0,0.011736751645131,0,0,0,0.0218300841567548,0.00413593815265994,0.00629977334511117,0.00250621417859857,0.000897032943706047,0.02167943740285,0,0.00121886919068455,0,0,0,0,0,0.000698453131740586,0,0,0,0,0.00150646753904832,0,0,0,0,0.000588891856173435,0,0.00017803707279662,0,0.00168450461184494,0,0.0026705560919493,0.00335531406424399,0.00245828112053795,0.00129419256763697,0,0,0.000862795045091312,0,2.05427391688408e-05,0,0.00272533672973288,0.000698453131740586,0.00682018940405514,0,0.0894225436019639,0.0218506268959236,0,0,0,0,0,0,0,0.00218437793162007,0.00467689695077275,0.00308141087532612,0,0,0,0.00173928524962852,0.00831980936338051,0,6.16282175065223e-05,0,3.42378986147346e-05,0,0,0,0,0,0,0.00252675691776742,0,0,0,0.00256099481638215,0.000253360449749036,0,0,0.000253360449749036,0.00320466731033916,0,0,0,0,0.000246512870026089,0.00111615549484035,0.00115039339345508,0.00129419256763697,0.00147907722015654,0,0,0,0,0,0,0,0,0,0,0,0.0601012072283052,0,0.0320261303642228,0.00218437793162007,0.00556708231475585,0,0,0,0,0.00351965597759472,0,0.000438245102268603,0,0,0.000431397522545656,0,0,0.0145716496504311,0.187000554653958,0,0.0420099016002794,0.10797948465115,0,0,0,0,0.000780624088415949,0,0,0,0,0,0,0,0,0,0.000164341913350726,0,0.000465635421160391,0,4.10854783376815e-05,0.00209535939522176,0,0,0,0,0,0.000479330580606285,0,0,0.000123256435013045,0,0,8.901853639831e-05,0,0,0.0102371316858057,0.00188993200353335,0.000130104014735992,0.0114628484562132,0.0241924991611715,0.00562186295253942,0.0211042407061224,0,8.21709566753631e-05,0,0,0,0,0.000102713695844204,0.0815067414422372,0.00131473530680581,0.00613543143176044,0
94,"mono",0,0,0,0,0,0,0,0,0,0.00562342078765887,0,0,0,0,0,0,0,0,0.00531945209643407,0,0,0,0,0,0,0,0.0129756635066588,0,0,0.0582100043695499,0.0589319300112088,0,0,0,0,0,0.0259133309269145,0,0.0115888063529456,0,0,0,0.0417576989570074,0.0116268024393487,0.00305868495544959,0.0075232251078139,0.00343864581948059,0.0118357809145658,0,0,0,0.00465452058437981,0,0,0,0,0,0.000455953036837206,0,0,0,0.000189980432015502,0,0,0,0,0,0,0,0.0130896517658681,0.00533845013963562,0,0.00541444231244182,0.00566141687406197,0.00450253623876741,0,0,0.00138685715371317,0,0.000398958907232555,0,0.00514846970762012,0.00155783954252712,0.00284970648023254,0.000569941296046507,0.0871630222087125,0.0176491821342402,0.000284970648023254,0,0,0,0.00121587476489922,0,0,0.00277371430742634,0.00600338165168988,0.0101449550696278,0,0.000512947166441857,0,0.00260273191861238,0.0136595930619146,0,0,0,0,0,0,0,0,0,0.00277371430742634,0,0.000341964777627904,0,0,0.00674430533655034,0,0.000968900203279062,0,0,0.00721925641658909,0,0,0,0.00197579649296122,0,0,0,0,0.00279271235062789,0,0,0,0,0.000474951080038756,0,0.000379960864031005,5.69941296046507e-05,0.000702927598457359,0,0,0.0355073427436974,0,0.0595398673936585,0.00174781997454262,0.0191310295039611,0,0,0.000550943252844957,0.00119687672169767,0.00543344035564337,0,0,0,0.000265972604821703,0,0,0,0.0214487907745502,0.139882592093014,0,0.0236715618291316,0.0537264661739841,0.000170982388813952,0,0,0,0.00108288846248836,0,0,0,0.000398958907232555,0,0,0,0.000683929555255809,0,0.00123487280810077,0,0.000531945209643407,0,0,0.00300169082584494,0,0,0,0,0,0.000569941296046507,0,0,0,0,0,0,0,0,0.00689628968216274,0.00131086498090697,0,0.0117787867849611,0.0320876949674184,0.00720025837338754,0.0218097535953797,0,0,0.000208978475217053,0.000360962820829455,0,0,0,0.0665501453350305,0,0.00611736991089918,0.000436954993635656
97,"hexa",0,0,0,0,0,0,0,0,0.00462627173465587,0.00421461196165683,0,0,0,0,0,0,0,0,0.00590045674631957,0,0,0,0,0,0,0,0.0108011683296415,0,0,0.0546919412698724,0.0571226942152,0,0,0,0,0.000627291082665203,0.0273851763276028,0,0.0126438358849705,0,0,0,0.0382451531962441,0.0125654244996373,0.00292082410365985,0.00962499754964421,0.0052143571246545,0.0134671554309686,0,0,0,0.00333248387665889,0,0,0,0.000901730931331229,0,0.000548879697332053,0,0,0,0.000254837002332739,0,0,0,0.000862525238664654,0,0.000470468311998902,0,0.00462627173465587,0,0,0.00664536490698449,0.00609648520965244,0.00686099621665066,0.000333248387665889,0,0,0,0,0,0.0049007115833219,0.00133299355066356,0.00488110873698861,0.000666496775331778,0.0654931095995138,0.0209162370376179,0.00121537647266383,0.000431262619332327,0,0,0.00188187324799561,0,0,0.00235234155999451,0.00558681120498696,0.0105267284809754,0.000548879697332053,0.000607688236331915,0,0.00311685256699273,0.0123497931899712,0.00311685256699273,0,0,0,0.000725305314331641,0,0,0,0,0,0.000999745162997667,0.00049007115833219,0,0,0.00809597553564778,0,0,0,0.00348930664732519,0.00801756415031462,0,0,0.000235234155999451,0,0,0,0,0,0.0050575343539882,0,0.00258757571599396,0,0,0.000744908160664929,0.000450865465665615,0,0,0.000999745162997667,0,0,0.0304236175092623,0.000509674004665477,0.0512222374688805,0.00262678140866054,0.0194460235626213,0.000372454080332464,0,0.000196028463332876,0.00119577362633054,0.00582204536098641,0,0,0,0.00049007115833219,0,0,0.000705702467998353,0.0222688334346147,0.148962029286652,0.00378334934232451,0.0265226510889381,0.0510850175445475,0.000156822770666301,0,0,0,0.000784113853331504,0,0,0,0.000254837002332739,0,0,0,0.000823319545998079,0,0.00098014231666438,0,0,0,0,0.00417540626899026,0,0.000686099621665066,0,0,0,0.000627291082665203,0,0,0,0,0,9.8014231666438e-05,0,0.000548879697332053,0.0069590104483171,0.00670417344598436,0,0.0129182757336365,0.0353439319389175,0.00766471291631545,0.0221708192029483,0,0,0,0.00056848254366534,0,0,0,0.0618665830278556,0,0.00823319545998079,0
149,"alt_div",0.000654196996222243,0,0,0,0,0,0,0,0.00211922970607205,0,0,0,0,0,0,0,0.000847691882428822,0,0.00269971436469179,0,0,0,0,0,0,0,0.0106237906569612,0.00114254123283885,0,0.0442734727725053,0.0394361006173408,0,0,0.000175066801805952,0,0.000681839122823183,0.00573113424859486,0,0.0107435732055653,0,0,0,0.0274209895881323,0.00389753985073252,0.00486501428176541,0.00158481525845388,0.00300377775730213,0.011351699990786,0,0.000433059983414724,0,0.000985902515433521,0,0,0,0.00112411314843822,0,0,0,6.44982954021929e-05,0,0,0,0,0,0.000644982954021929,0,0.000276421266009398,0,0.00253386160508615,0,0.00192573481986547,0.00469916152215977,0.00459780705795633,0.000783193587026629,0,0,0.00165852759605639,0,0,0,0.00414631899014097,0,0.00674467889062932,0.000386989772413158,0.063088546945545,0.0413802635216069,0,0,0,0,0.00149267483645075,0,0,0.00482815811296416,0.00719616695844467,0.00507693725237262,0,0,0,0.00186123652446328,0.0157744402469363,0,0,0,0.000202708928406892,0,0.000635768911821616,0.00047913019441629,0,0,0.002911637335299,0.000469916152215977,0,0,0,0.00179673822906109,0.000377775730212844,0.000644982954021929,0,0.000294849350410025,0.00393439601953377,0,0,0,0.00127153782364323,0.000267207223809085,0.00245093522528333,0.000801621671427255,0.00151110292085138,0.000727909333824749,0,0,0.000202708928406892,0,0,0,0.000156638717405326,0,0,0,0,0.039528241039344,0.000156638717405326,0.0314014558186676,0,0.0133050769372524,0,0,0,0,0.00206394545287017,0,0,0,0.000386989772413158,0.00102275868423477,0,0,0.0189164286372432,0.162028932092509,0.0013176080346448,0.101704597807058,0.0783009306182622,0.000386989772413158,0,0,0,0.000764765502626002,0,0,0,0,0,0,0,0.000221137012807519,0,0.00101354464203446,0,0.000783193587026629,0,0,0.00468073343775915,0,0.000543628489818483,0,0,0,0.000644982954021929,0,0.000322491477010965,0.000423845941214411,0,0,0.0019441629042661,0,0.000488344236616604,0.00453330876255413,0.00176909610246015,0,0.0188335022574403,0.0426333732608495,0.00814521330507694,0.0142817654104856,0,9.21404220031328e-05,0.000635768911821616,0,0,0,0,0.0780982216898553,0,0.00653275592002211,0
166,"div",0,0,0,0,0.00182192183367617,0,0,0,0,0.0114310902145166,0,0,0,0,0,0,0,0,0.0114898618865707,0,0.000528945048486629,0,0,0,0,0,0.0077284748751102,0,0,0.0413752571260652,0.0364090508374963,0,0,0,0,0,0.0228621804290332,0,0.010931531002057,0,0,0,0.0245077872465472,0.00602409638554217,0,0.00558330884513664,0.0023508668821628,0.0175727299441669,0,0,0,0,0,0,0,0.00114604760505436,0,0,0,0,0,0,0,0,0,0.000675874228621804,0,0,0,0.00599471054951513,0,0,0.00549515133705554,0.00349691448721716,0.00373200117543344,0,0,0.00205700852189245,0,0,0,0.00573023802527182,0.000852189244784014,0.00393770202762269,0.000323244196297385,0.0960329121363503,0.0197178959741405,0,0,0,0,0,0,0,0.00334998530708199,0.00517190714075815,0.0083161915956509,0,0,0,0,0.0192771084337349,0,0,0,0,0,0,0,0,0,0.0054657655010285,0,0,0.00023508668821628,0,0.00464296209227153,0,0,0,0,0.00784601821921834,0,0,0,0,0,0,0,0,0.00370261533940641,0,0,0,0,0,0,0,0,0,0,0,0.0320599471054952,0,0.0349985307081986,0.000852189244784014,0.0153981780781663,0,0,0,0,0.00437848956802821,0,0.00041140170437849,0,0,0,0,0,0.0153100205700852,0.216720540699383,0,0.0488686453129592,0.0531002057008522,0,0,0,0,0.00111666176902733,0,0,0,0,0,0,0,0.00191007934175727,0,0.00105789009697326,0,0.000822803408756979,0,0,0.00202762268586541,0,0,0,0,0,0.00108727593300029,0,0,0.000264472524243315,0,0,0,0,0,0.00681751395827211,0.00223332353805466,0,0.0116661769027329,0.0363208933294152,0.00672935645019101,0.0340287981193065,0,0.00017631501616221,0.000617102556567734,0,0,0,0,0.0563914193358801,0,0.00681751395827211,0
175,"alt_div",0,0,0,0,0,0,0,0,0,0,0,0,0,0,0,0,0,0,0.0138833970387944,0,0,0,0,0,0,0,0.00711743772241993,0,0.00518430648917007,0.0373885154430825,0.0445498879662581,0,0,0,0,0,0.0326435569614692,0,0.00795219893677782,0,0,0,0.0593119810201661,0.00795219893677782,0,0.00518430648917007,0.00140591362418171,0.0204296823513905,0,0,0,0,0,0,0,0,0,0,0,0,0,0,0,0,0,0,0,0,0,0,0,0.00294363165063046,0.00659022011335179,0.00426167567330082,0.00136197882342604,0.000351478406045429,0,0,0,0,0,0.00847941654584596,0.00136197882342604,0.00496463248539168,0.000219674003778393,0.108167479460481,0.0171345722947146,0,0,0,0,0,0,0,0.00509643688765871,0.00584332850050525,0.00724924212468696,0,0,0,0,0.016124071877334,0,0,0,0,0,0,0,0,0,0,0,0,0,0,0.00540398049294846,0,0.00140591362418171,0,0,0.00557971969597118,0,0,0,0,0,0,0,0,0.00316330565440886,0.000659022011335179,0,0,0,0,0,0,0,0,0,0,0,0.000746891612846536,0.0396731250823778,0,0.0144984842493739,0,0,0,0,0.00663415491410746,0,0,0,0,0,0,0,0.00782039453451079,0.196959711787707,0.00408593647027811,0.0500417380607179,0.0579060673959844,0,0,0,0,0.000571152409823821,0,0,0,0,0,0,0,0,0,0.000702956812090857,0,0,0,0,0.00241641404156232,0,0,0,0,0,0,0,0,0,0,0,0,0,0,0.00773252493299943,0,0,0.0129607662229252,0.0373885154430825,0.00795219893677782,0.0325117525592021,0,0,0.000878696015113571,0,0,0,0,0.0607618294451035,0,0.00839154694433461,0
271,"alt_div",0,0,0,0,0,0,0,0,0,0,0,0,0,0,0,0,0,0,0.00724467364404319,0,0,0,0,0,0,0,0.00656721370404679,0,0,0.0349652283316512,0.0570034149511261,0.000746588505302161,0,0,0,0.000912497062035975,0.0107840561876979,0,0.00869637351546406,0,0,0,0.0162037357076691,0.004299796762018,0.00113370847101439,0.00331817113467627,0.00107840561876979,0.00771474788812233,0,0.000760414218363312,0,0,0,0,0,0.000359468539589929,0,0,0,0,0,0.00037329425265108,0,0,0,0.000525377096323743,0,0,0,0.00197707696774461,0,0,0.00573767092037772,0.0036776396742662,0.00342877683916548,0,0,0.003110785438759,0,0,0.00116135989713669,0.00409241106610073,0.000553028522446045,0.0073829307746547,0,0.0655062284837341,0.0185126297888814,0,0,0,0,0,0,0,0.00272366547304677,0.0086272449501583,0.00460396244936333,0,0,0,0,0.0184573269366368,0.00146552558448202,0,0,0.000165908556733814,0,0,0.00024886283510072,0,0,0.00355320825671584,0,0,0,0,0.00244715121182375,0.000110605704489209,0.00597270804241729,0,0,0,0,0,0,0,0.00152082843672662,0.00167291128039929,0,0.00212915981141727,0.00107840561876979,0,0,0,0,0,0,0,0,0.000705111366118708,0,0,0.0433297847336476,0.000193559982856116,0.0206832667394821,0,0.00960887057750003,0,0,0.000317991400406476,0,0,0,0.000400945678773383,0,0.000331817113467627,0,0,0,0.01381188734809,0.210607087060515,0.00200472839386691,0.112292441482669,0.0889131606962629,0,0,0,0,0.00200472839386691,0,0,0,0,0,0.000138257130611511,0,0.00060833137469065,0,0.00098162562734173,0,0.000193559982856116,0,0,0.00170056270652159,0,0,0,0,0,0.00156230557591008,0,0.000110605704489209,0,0,0.000290339974284174,0,0,0,0.00521229382405398,0.00270983975998562,0,0.0146690815578813,0.0239461350219138,0.00483899957140289,0.0124984446072806,0,0,0,0,0,0,0.000179734269794965,0.0862586237885219,0,0.00629069944282376,0
274,"alt_div",0,0,0,0,0,0,0,0,0.0032941378668309,0.0024061528766417,0,0,0,0,0,0,0,0,0.00435399091963736,0,0.00174732530327552,0,0.000186190401168703,0,0.000272124432477335,0,0.0167284914280804,0,0,0.0563297575228083,0.0240185617507627,0.00121739877687229,0,0,0,0,0.0143223385514387,0.000186190401168703,0.0105698858509617,0,0,0,0.0416780051846866,0.0077770298334312,0.00110282006846078,0.00647369702525028,0.00706091290585927,0.0108849772990934,0,0.00187622635023847,0,0.00146087853224675,0,0,0,0.000257802093925896,0,0,0,0,0,0,0,0,0,0.000386703140888844,0,0.000887984990189198,0,0.00393864310164564,0,0,0.00650234170235316,0.00369516334627118,0.0045545036593575,0,0,0.00336574955958809,0,0.000458314833646038,0.00110282006846078,0.0112573581014308,0,0.00479798341473196,0.000386703140888844,0.0456023259477808,0.0384984460262672,0,0,0,0,0.00220564013692156,0,0.00105985305280646,0.0167571361051833,0.0121883101072743,0.0089228169175463,0.000401025479440283,0,0,0.00451153664370318,0.0121883101072743,0.00323684851262514,0,0,0,0,0.00054424886495467,0,0,0,0.009925380616147,0,0,0,0,0.00484095043038627,0,0,0,0.00101688603715215,0.00620157259277295,0,0,0,0.00206241675140717,0.000773406281777689,0.0036665186691683,0.00146087853224675,0.00282150069463342,0.00266395497056759,0,0,0,0.00021483507827158,0,0,0.000157545724065825,0.000143223385514387,0.0021483507827158,0,0,0.0468483694017559,0.000257802093925896,0.0355910113003251,0,0.0215837641970181,0,0,0.00042967015654316,0,0.00482662809183484,0,0,0,0,0,0,0,0.0212973174259893,0.106572521161255,0.00710387992151358,0.0600392432076309,0.0603256899786597,0.000529926526403231,0,0,0,0.00156113490210682,0,0,0,0.000200512739720141,0,0,0,0.000515604187851792,0,0.000572893542057547,0,0.000300769109580212,0.000229157416823019,0.000988241360049269,0.00305065811145644,0,0,0,0,0,0.000716116927571934,0,0,0,0,0,0,0.000529926526403231,0,0.00355193996075679,0.00842153506824594,0,0.0163274659486401,0.0276134687271738,0.0084788244224517,0.0133340971913894,0,0.000257802093925896,0.000486959510748915,0.00075908394322625,0,0,0,0.101301900574326,0,0.00564300138926684,0
295,"div",0,0,0,0,0,0.00130409976363192,0,0,0.0015486184693129,0,0,0,0,0,0,0,0,0,0.00282554948786916,0,0,0,0,0.000679218626891624,0,0,0.00608579889694895,0,0.00122259352840492,0.0395033553400168,0.0484962099600619,0,0,0,0,0.000479981163003414,0.00647521757636681,0,0.00791516106537706,0,0,0,0.0208655962181107,0.00256291828547106,0.00166634969797412,0.0038217368073102,0.00105958105795093,0.0114380416768549,0,0,0,0,0,0,0,0.000652049881815959,0,0,0,0,0,0,0,0,0,0.000914681084214053,0,0,0,0.00240896206337563,0,0.00203765588067487,0.00402097427119841,0.00186558716186233,0.00425643672852084,0,0,0,0,0,0.0010867498030266,0.00313346193206002,0,0.00751668613760064,0,0.0781373108376124,0.0110395667490785,0,0,0,0,0,0,0,0.00226406208963875,0.00470019289809004,0.00336892438938245,0,0,0,0,0.0206573025058639,0.000652049881815959,0,0,0,0,0,0,0,0,0,0,0,0,7.24499868684399e-05,0.00337798063774101,0,0.00107769355466804,0,0,0.00614919263545884,0,0,0,0,0.000244518705680985,0.00134032475706614,0,0.00125881852183914,0.000652049881815959,0,0,0,0,0,0,0,0.00014489997373688,0,0,9.96187319441048e-05,0.0331277564955941,0,0.0278932449443494,0,0.0062578676157615,0,0,0.000769781110477174,0,0.00292516821981326,0,0.000615824888381739,0,0.00025357495403954,0,0,0,0.0170076344173663,0.180563479772869,0.00140371849557602,0.1126868983255,0.116218835185336,0,0,0,0,0.00142183099229313,0,0,0,0,0.00012678747701977,9.96187319441048e-05,0,5.43374901513299e-05,0,0.000733556117042954,0,0.000815062352269949,0,0,0.00220972459948742,0,0,0,0,0,0.00115919978989504,0,9.05624835855499e-05,0,0,0.000452812417927749,0,0,0,0.00460057416614593,0.00306101194519158,0.000172068718812545,0.0148703598047473,0.0287988697802049,0.0073627299155052,0.0214633086097753,0,0.000262631202398095,0,0,0,0,0,0.0848117658778674,0,0.00662917379846225,0
319,"div",0,0.0022408442486407,0,0.000921705747554097,0,0,0,0,0,0.00327247820461868,0,0,0,0,0.00164046711032564,0,0,0,0.00430411216059666,0,0.000769497458967182,0,0,0,0,0,0.0101218511910299,0.00142061069347787,0,0.0536957018070506,0.041806543265206,0,0,0.00104008997201059,0,0,0.0258077609315147,0,0.0112549573393991,0,0,0,0.039616435112761,0.00438021630489011,0.00084560160326064,0.00353461470162947,0.00147134678967351,0.0203282625423858,0,0.0011922982605975,0,0,4.2280080163032e-05,0,0,0.000777953474999789,0,0,0,0,0,0,0,0.000287504545108618,0,0.000262136497010798,0,0,0,0.00306953381983612,0.00397432753532501,0.00200407579972772,0.00241842058532543,0.00399969558342283,0.00161509906222782,0,0,0,0,0.000143752272554309,0,0.00534420213260724,0.000752585426901969,0.00460007272173788,0,0.0813045941535105,0.0175631452997235,0,0,0,0,0.000887881683423672,0,0,0.00470154491412916,0.00416035988804235,0.00659569250543299,0,0,0,0.00169965922255389,0.0112803253874969,0,0,0,0,0,0,0,8.4560160326064e-05,0,0.00213091604021681,0,0,0,9.30161763586704e-05,0.00353461470162947,0.000219856416847766,0.000608833154347661,0,0.00202944384782554,0.00342468649320559,0,0,0.000202944384782554,0,0.000397432753532501,0.00137833061331484,0.000583465106249841,0.00158973101413,0.00213937205624942,0,0.000777953474999789,0,0,0,0,0,0,0.000668025266575905,0,0,0.0507614642437362,0,0.0320990368597739,0.000397432753532501,0.010806788489671,0,0,0.000338240641304256,0,0.00230849237690155,0,0,0,0,0,0,0,0.0129377045298878,0.175436964628485,0,0.0369358780304247,0.091713949889649,0,0,0,0,0.000591921122282448,0,0,0,0,0,0,0,0.000372064705434682,0,0.000312872593206437,0,0.000651113234510693,0,0,0.0019871637676625,0,0,0,0,0,0.000473536897825958,0,0,0,0,0,0.000363608689402075,6.76481282608512e-05,0,0.00816851148749778,0,0.000152208288586915,0.0128869684336922,0.0353376910002621,0.00851520814483464,0.0171488005141258,0,0,0,0.000202944384782554,0,0,0,0.0839851512358467,5.07360961956384e-05,0.00798247913478044,0
373,"alt_div",0,0,0,0,0,0,0,0,0,0,0,0,0,0,0,0,0,0,0.00455709922159819,0,0,0,0,0,0,0,0.0228101290767563,0,0.00211843531382402,0.0551532170657208,0.0388461917430289,0,0,0,0,0.00100995171938122,0.0208641245442901,0,0.0125874470391172,0,0,0,0.0618780175386738,0.00637993891023746,0.00162577593851611,0.00773475219233422,0.00184747265740467,0.0154941373534338,0,0.002241600157651,0,0,0,0,0,0.00187210562617007,0,0,0,0,0,0,0,0,0,0.000689723125431077,0,0.000468026406542517,0,0.00613360922258351,0,0.0016750418760469,0.00275889250172431,0.00270962656419352,0.00443393437777121,0,0,0.00344861562715538,0,0.000295595625184747,0.00128091437580057,0.0050251256281407,0.000862153906788846,0.00532072125332545,0,0.0772489900482806,0.0308897428318061,0,0,0,0,0.00285742437678589,0,0,0.00270962656419352,0.0072913587545571,0.0100995171938122,0,0,0,0.00263572765789733,0.00997635234998522,0.00145334515715834,0,0,0,0,0,0,0,0,0,0.000763622031727264,0,0,0,0.00330081781456301,0.000369494531480934,0.00103458468814662,0,0,0.00487732781554833,0,0,0,0.000936052813085033,0.00061582421913489,0.0033500837520938,0,0.00174894078234309,0.00219233422012021,0,0,0,0,0,0,0,0,0,0,0,0.0462114494038822,0,0.0240417775150261,0,0.0163562912602227,0,0,0,0,0,0,0,0,0,0,0,0,0.0161345945413341,0.13358458961474,0,0.0514829047196768,0.0718790028574244,0,0,0,0,0.000911419844319637,0,0,0,0,0,0,0,0.000492659375307912,0,0.000344861562715538,0,0.00100995171938122,0,0,0.00436003547147502,0,0,0,0,0,0.000763622031727264,0,0,0,0,0,0.000468026406542517,0.000468026406542517,0,0.00332545078332841,0.00179820671987388,0,0.0175633067297271,0.0389447236180905,0.00569021578480639,0.0195832101684895,0,0,0,0.000443393437777121,0,0,0,0.0800571484875357,0,0.00761158734850724,0
9996,"floresta",0,0,0,0.00162548552403956,0,0,0,0,0,0.00116852172210073,0,0,0,0,0,0,0,0.00211508959754545,0.00270914254006593,0,0,0,0,0.000607109051147306,0,0,0.00891079413780723,0,0.00114893755916049,0.0374318634331038,0.0361066684074811,0,0,0.000215425792342592,0,0.000456963801938832,0.0222867774259882,0,0.0102033488918628,0,7.18085974475308e-05,0,0.0239905996017887,0.0016450696869798,0.000848647060743545,0.00293762444103535,0.00133172307993602,0.0169337728889904,0,0.000443907693312008,0,0,0,0,0,0.000306818552730359,0,0,0,0,0,0.00013708914058165,0,0,0,0.000789894571922838,1.30561086268238e-05,0.000110976923328002,0,0.00217384208636616,0,0.00261122172536476,0.00349903711198877,0.00344028462316806,0.00150798054639815,0,3.91683258804713e-05,0,0,0,0.00101837647289225,0.00376668733883866,0.000770310408982603,0.00639096517283024,0.00013708914058165,0.0799621372849822,0.0143421353265659,0,0,0,0,0.000620165159774129,0,0.000672389594281424,0.00447824525900055,0.00299637692985606,0.00465450272546268,0,0,0,0.00114893755916049,0.01855925841303,0.000705029865848484,0,0,0.00020889773802918,0,0.000150145249208473,0,0,0,0.000822534843489898,0.00020889773802918,0,0,0,0.0027483108659464,0.00013708914058165,0.000600580996833894,0,0.000313346607043771,0.00356431765512289,0,0,0,0.000731142083102131,0.000626693214087541,0.00152756470933838,0,0.00143617194895062,0.000626693214087541,0,0,0,0,0,0,0,0,0,0,0,0.0499069752260339,0,0.0238796226784607,0.000228481900969416,0.0104057185755785,0,0,0.000476547964879068,0,0,0,0.000541828508013187,0,0.000404739367431537,0.000254594118223064,0,0,0.0132780624734798,0.205744687795802,0.000313346607043771,0.0603192218559258,0.0954205698991416,0,0,0,0,0.00227176290106734,7.18085974475308e-05,0,0,0,7.83366517609427e-05,0,0,0.00339458824297418,0,0.000620165159774129,0,0.000620165159774129,0,0,0.00184091131638215,0,0,0,3.91683258804713e-05,0,0.00103143258151908,0,5.22244345072951e-05,0,0,0,0,0,0.000339458824297418,0.00754643078630414,0.00141658778601038,0.000202369683715769,0.0130495805725104,0.0345921598067696,0.00960276789502889,0.0252570421385906,0.00249371674772334,0,0,0.000110976923328002,0,0,0.000287234389790123,0.0826321114991677,0,0.00953095929758136,0
9997,"floresta",0,0,0,0,0,0,0,0,0.00361494034821466,0,0,0,0,0,0,0,0,0,0.00481640740272333,0,0,0.000147548585641415,0,0.00142278993297079,0,0,0.0172948020741115,0,0,0.0735845874963113,0.0396273344294085,0,0,0,0,0.000980144176046541,0.00746174275958012,0,0.0125943257029636,0.000411028202858227,0,0,0.0485013279372708,0.00714556721891994,0.00128578053201804,0.0111399182159268,0.00470047637114793,0.00789384933181569,0,0.000790438851650436,0,0.00280342312718688,0,0,0,0.00250832595590405,0,0,0,0,0,0,0,0,0,0,0,0,0.000516420049744952,0.0051325829433835,0.00423675224484634,0.00192867079802706,0.00523797479027022,0.00217107204586653,0.00735635091269339,0.000368871464103537,0,0.00222376796930989,0,0.000274018801905485,0,0.00245563003246069,0.00106445765355592,0.00382572404198811,0.000358332279414864,0.0581973778508495,0.0141857425909532,0,0,0,0,0.000548037603810969,0,0,0.00329876480755449,0.00522743560558155,0.00929556089540913,0.000453184941612917,0,0,0.00149656422579149,0.0159563256186501,0.00350954850132794,0,0,0,0,0,0.000274018801905485,0,0,0.0018759748745837,0,0,0.00029509717128283,0,0.00396273344294085,0,0,0,0,0.00855781796720206,0,0,0,0,0.00149656422579149,0.00317229459129042,0,0.00173896547363096,0.0037519497491674,0,0.00128578053201804,0.000411028202858227,0,0,0,0,0,0.000779899666961764,0,0,0.0482062307659879,0.000263479617216812,0.030120989840226,0,0.0119408962522659,0,0,0.000853673959782471,0,0.00258210024872476,0,0,0,0,0,0,0,0.0207305762826188,0.14330129421188,0,0.0382572404198811,0.076040217528772,0,0,0,0,0.00111715357699928,0,7.37742928207074e-05,0,0,0,0,0,0.000621811896631677,0,0.000537498419122297,0,0.00196028835209308,0,0,0.00360440116352599,0,0,0,0,0,0.000843134775093799,0,0,0.000242401247839467,0,0,0.00288773660469626,0,0,0.00348847013195059,0.000674507820075039,0,0.0219636608911935,0.0314489271109987,0.00761983052991021,0.0238607141351545,0.00223430715399857,0.000800978036339109,0,0.000600733527254332,0,0,0,0.091258800219215,0,0.00621811896631677,0
9998,"floresta",0,0,0,0.00181568009986241,0,0,0,0,0,0.00364554520050499,0,0,0,0,0,0,0,0,0.00359589769777437,0,0,0,0,0.000546122530036739,0,0,0.00751095791310269,0,0,0.0400229797012639,0.0465764500617048,0,0,0,0,0.000567400031207002,0.0162205483921302,0,0.0104401605742088,0,5.67400031207002e-05,0,0.0223342837283856,0.00339730768685192,0.00194334510688398,0.00319162517553938,0.00270224264862335,0.015475835851171,0,0,0,0.00170929259401109,0,0,0,0.000368810020284551,0,0.000319162517553938,0,0,0.000354625019504376,0,0,0,0,0.000326255017944026,0,0.000212775011702626,0,0.00265259514589273,0,0.00207101011390556,0.00434061023873356,0.00339021518646184,0.0053973927968566,0,0,0,0,0.000680880037448402,0.000957487552661815,0.00359589769777437,0,0.00647545285614991,0.000177312509752188,0.073499581542477,0.0147311233102118,0,0,0,0,0.000546122530036739,0.000439735024185426,0,0.00339021518646184,0.00462431025433706,0.00423422273288225,0.000205682511312538,0.000290792515993588,0,0.00129792757138602,0.00807835794430969,0.000439735024185426,0,0,0.000106387505851313,0,0,0.000297885016383676,0,9.22025050711378e-05,0.00233343262833879,0,0,0,0,0.00336184518490149,0.0001134800062414,0.00138303757606707,0,0.00145396257996794,0.00614210533781579,0,0,0,0,0.000553215030426827,0.00188660510376328,0.000560307530816914,0.00139013007645715,0.00131211257216619,0.000475197526135864,0.000765990042129452,0,0,0,0,0,0.000262422514433238,0,0,0,0.0410301147566563,0,0.0219441962069308,0,0.00811382044626013,0,0,0.000241145013262976,0,0.00401435522078954,0,0,1.4185000780175e-05,0,0,0,0,0.0183199285075961,0.16772344922479,0.00306396016851781,0.0643715335404343,0.119763961587018,0.000134757507411663,0,0,0,0.00065960253627814,0,0,0,0,0,0,0,0.00292920266110615,0,0.000985857554222165,0,0.000844007546420415,0,0,0.00135466757450672,0,0.000432642523795339,0,0,0,0.000964580053051903,0,0,0.000368810020284551,0,0,0,0,0.000177312509752188,0.00678043037292367,0.00339021518646184,0,0.017341163453764,0.0354199469480971,0.00924862050867413,0.0292352866079408,0,0,0.000198590010922451,0,8.51100046810503e-05,0,0.000120572506631488,0.0844362171439919,0,0.00895073549229045,0
9999,"floresta",0,0.00366950033637086,0,0,0,0,0,0,0,0,0,0,0,0,0,0,0,0,0.0024565266140705,0,0,0,0,0,0,0,0.0173587752023322,0.0032617780767741,0.002140541862883,0.0467861292887285,0.0591401137545104,0,0,0,0,0.000407722259596763,0.0028336697041975,0,0.00992803702118117,0,0,0,0.0278168511609891,0.00244633355758058,0.00187552239414511,0.00461745458993334,0.0033127433592237,0.00732880761625181,0,0.00043830142906652,0,0,0,0,0,0.000611583389395144,0,0,0,0,0,0.000203861129798381,0,0,0,0,0,0.000397529203106844,0,0.00338409475465313,0.00510672130144945,0.0024055613316209,0.00531058243124783,0.00429127678225593,0.0013352904001794,0.000417915316086682,0,0.00181436405520559,0,0.000224247242778219,0,0.00281328359121766,0,0.0048111226632418,0.000315984751187491,0.0391821091472489,0.0189896642407192,0,0,0,0,0.000866409801643121,0,0.000458687542046358,0.00230363076672171,0.00605467555501193,0.0063095019672599,0,0,0,0.00180417099871567,0.0115079607771186,0.00144741402156851,0,0,0,0,0.000866409801643121,0.00043830142906652,0,0,0,0.000366950033637086,0,0,0,0.00225266548427211,0,0,0,0,0.00557560189998573,0,0,0,0.000937761197072554,0.000183475016818543,0.00202841824149389,0,0.00228324465374187,0.00221189325831244,5.09652824495953e-05,0,0,0,0,0,0,0,0,0,0,0.0395796383503557,0.000499459768006034,0.0728090025074919,0.000519845880985872,0.0161661875930116,0,0,0,0,0.00264000163088904,0,0,0,0.0019264876765947,0.000835830632173364,0,0,0.0257476606935356,0.112969645077773,0.00696185758261472,0.0889446109310338,0.0813405907895542,0.000591197276415306,0,0,0,0.000530038937475791,0,0,0,4.07722259596763e-05,0.000101930564899191,0,0,0.000356756977147167,0,0.000428108372576601,0,0.000896988971112878,0,0,0.00514749352740913,0,0.000601390332905225,0,0,0.000132509734368948,0.000489266711516115,0,0,0,0,0,0.00252787800949993,0.000896988971112878,0.000509652824495953,0.00396509897457852,0,0.000122316677879029,0.0217621756059772,0.036776547815628,0.0065235561535482,0.0162171528754612,0,0.0002140541862883,0,0,0,0,0,0.107424622347257,0,0.00742054512466108,0
