"Sample","Riqueza","X0319.6G20","X0319.7L14","X11.24","Acetobacterales","Acidimicrobiales","Acidobacteriales","AKIW659","Alicyclobacillales","Anaerolineales","Azospirillales","B12.WMSP1","Babeliales","Bacillales","Bacteroidales","Bdellovibrionales","Blastocatellales","Blfdi19","Brevibacillales","Bryobacterales","Burkholderiales","C0119","Candidatus.Liptonbacteria","Catenulisporales","Caulobacterales","CCD24","Chitinivibrionia.Incertae.Sedis","Chitinophagales","Chlamydiales","Chloroflexales","Chloroplast","Chthoniobacterales","Chthonomonadales","Clostridia.UCG.014","Clostridiales","Corynebacteriales","Coxiellales","Cyanobacteriales","Cytophagales","Diplorickettsiales","Dongiales","EC3","Elev.1554","Elsterales","Elusimicrobiales","Enterobacterales","Entotheonellales","FCPU453","Fimbriimonadales","Flavobacteriales","Frankiales","Gaiellales","Gammaproteobacteria.Incertae.Sedis","Gemmatales","Gemmatimonadales","Group.1.1c","Haliangiales","Holophagales","Holosporales","Hydrogenispora","IMCC26256","Isosphaerales","JG36.TzT.191","Kapabacteriales","KF.JG30.C25","Ktedonobacterales","Lachnospirales","Lactobacillales","Legionellales","Lineage.IV","Longimicrobiales","Marine.Group.II","Micrococcales","Micromonosporales","Micropepsales","Microtrichales","mle1.27","MSB.4B10","Myxococcales","Nitrososphaerales","Nitrosotaleales","Nitrospirales","Obscuribacterales","Oligoflexales","Opitutales","Oscillospirales","Paenibacillales","Paracaedibacterales","Pedosphaerales","Peptostreptococcales.Tissierellales","Phycisphaerales","Polyangiales","Propionibacteriales","Pseudomonadales","Pseudonocardiales","Pyrinomonadales","RBG.13.54.9","Reyranellales","Rhizobiales","Rhodospirillales","Rickettsiales","Rokubacteriales","S085","Saccharimonadales","Salinisphaerales","SBR1031","Silvanigrellales","SJA.28","Solibacterales","Solirubrobacterales","Sphingobacteriales","Sphingomonadales","Spirochaetales","Steroidobacterales","Streptomycetales","Streptosporangiales","Subgroup.12","Subgroup.13","Subgroup.17","Subgroup.2","Subgroup.7","Syntrophobacterales","Tepidisphaerales","Thermoanaerobaculales","Thermomicrobiales","TSBb06","Unclassified.Order.in.Acidimicrobiia","Unclassified.Order.in.Acidobacteriae","Unclassified.Order.in.Actinobacteria","Unclassified.Order.in.AD3","Unclassified.Order.in.Alphaproteobacteria","Unclassified.Order.in.Anaerolineae","Unclassified.Order.in.bacteriap25","Unclassified.Order.in.Chloroflexi","Unclassified.Order.in.Cyanobacteria","Unclassified.Order.in.Desulfobacterota","Unclassified.Order.in.FCPU426","Unclassified.Order.in.FFCH5909","Unclassified.Order.in.Firmicutes","Unclassified.Order.in.GAL15","Unclassified.Order.in.Gammaproteobacteria","Unclassified.Order.in.Gitt.GS.136","Unclassified.Order.in.JG30.KF.CM66","Unclassified.Order.in.KD4.96","Unclassified.Order.in.Ktedonobacteria","Unclassified.Order.in.Latescibacterota","Unclassified.Order.in.Lineage.IIa","Unclassified.Order.in.Lineage.IIb","Unclassified.Order.in.Lineage.IIc","Unclassified.Order.in.Margulisbacteria","Unclassified.Order.in.MB.A2.108","Unclassified.Order.in.Myxococcota","Unclassified.Order.in.NB1.j","Unclassified.Order.in.Patescibacteria","Unclassified.Order.in.Pla4.lineage","Unclassified.Order.in.Polyangia","Unclassified.Order.in.Proteobacteria","Unclassified.Order.in.RCP2.54","Unclassified.Order.in.SAR324.clade.Marine.group.B.","Unclassified.Order.in.Sericytochromatia","Unclassified.Order.in.Subgroup.5","Unclassified.Order.in.Thermoplasmata","Unclassified.Order.in.TK10","Unclassified.Order.in.TX1A.33","Unclassified.Order.in.WPS.2","Vicinamibacterales","WD260","Xanthomonadales"
2,"pasto",7.39007266904791e-05,0,0.000498829905160734,0.00852321714496859,0.00281438600812908,0.256213819435891,0.000554255450178593,0.000732848873013918,0,0,0.00187215174282547,4.31087572361128e-05,0.0313770168739993,0,0,6.15839389087326e-05,0.000215543786180564,0,0.0236543909348442,0.00804286242148048,0.000270969331198423,0,0,0.00269737652420249,0,0,0.00154575686660919,0,0,0,0.0285441556841976,0,0,0.00081290799359527,0.00259884222194852,0,0,0,9.85343022539722e-05,0,0,0,0.0496797635176746,0,0,0.000123167877817465,0,0,0,0.06375169355832,0.00385515457568666,0.0273802192388225,0.00193989407562508,0.00302377140041877,4.31087572361128e-05,0.000468037935706368,0,0,0,0.00953935213696268,0,0,0,0.000147801453380958,0.0201194728414829,0,0,0,0,6.15839389087326e-05,0,0.00636162088927208,0.0024879911319128,0.00739623106293879,0,0,0,0.00517305086833354,0,8.62175144722256e-05,0,0,0,0,0,0.00173666707722626,0,0.00188446853060722,0.00026481093730755,0,0.00320852321714497,0,0,0,0,0,0.00133021308042862,0.149427269368149,0.000117009483926592,0,0.000628156176869072,0,0.0022108634068235,0.000277127725089297,0.000123167877817465,0,0,0.0385761793324301,0.0302007636408425,0.0005296218746151,0.0136901096194113,0,0.000240177361744057,0.00248183273802192,0,0,0.00415691587633945,0,0.0372521246458924,0.000973026234757975,0,0.00028328611898017,0,0,0,0.00998891489099643,0.00404606478630373,0,0.0304778913659318,0.0280699593546003,0,0,0.00102229338588496,0,0.000338711663998029,0,0,0,0.00266658455474812,0,0.000209385392289691,0.000960709446976229,0,0.000215543786180564,0,0.000468037935706368,5.54255450178593e-05,0,0,0,0,0,0,0,0.00112082768813893,0,0.00450178593422835,0,0.00030176130065279,0.005296218746151,0,0.0106232294617564,0,0.031050621997783,0.00506219977829782,0,0.00104692696144845
4,"div",0.000353626026875578,0,0.00145077344359212,0.00694557786119725,0.0018588034746024,0.230772718205393,0,0,0,0.00127849409716555,0.00116061875487369,0,0.0130297589902617,0,0,0.000471501369167437,0,0,0.0251618519123007,0.0167655006075114,0.000607511379504198,0,0,0.0037538762852946,0,0,0.00305569156556589,0,0,0,0.0230219610830024,0,0,0,0.00233937217779229,0,0,0.000226683350561268,0,0,0,0,0.0279999274613278,0,0,0,0,0.000398962696987832,2.72020020673522e-05,0.0501242224761076,0.00153237944979417,0.0300582122844241,0.00190414014471465,0.0050233030484377,0,0.00280180621293727,0.000190414014471465,0,0,0.00569428576609905,0,0,0,0,0.0353898046896252,0,0,0,0,0,0,0.0134196543532271,0.00518651506084181,0.00613858513319914,0.000661915383638902,0,0,0.0229312877427779,0,0.000136010010336761,0.00012694267631431,0,0,0,0,0,0,0.0031826342418802,0,0,0.00593910378470522,0,0,0,0.000299222022740874,0,0.00206735215711876,0.11125618845547,0,0.000326424024808226,0.0018588034746024,0,0.00296501822534139,0.000534972707324592,0,0,0,0.0411656964619263,0.0281087354695972,0.00113341675280634,0.0208730029196816,0,0.000398962696987832,0.00334584625428432,0,0,0.00514117839072956,0,0.0909272255771358,0.000816060062020565,0,0.000290154688718423,0,0,0.0044339263369784,0.00644687448996246,0,0,0.0499066064595688,0.0145530711060334,0,0,0.000661915383638902,0,0.000525905373302142,0.000281087354695972,0,0,0.00364506827702519,0.00359066427289048,0,0,0,0.000417097365032733,0,0,0,0,0,0,0,0.000852329398110368,0,0.000117875342291859,0,0,0.00565801643000925,0,0.000716319387773607,0.0025025841901964,0,0.00706345320348911,0,0.0304753096494569,0.00456993634731516,0,0.000952070072357325
10,"tri",0,0,0.0036200495049505,0.00441419141914191,0,0.181177805280528,0,0.000422854785478548,0.000216584158415842,0.00225866336633663,0,0,0.0426773927392739,0,0,0,0,0,0.0196782178217822,0.0184405940594059,0.000763201320132013,0,0.00158828382838284,0.00645627062706271,0,0,0.00389851485148515,3.09405940594059e-05,0,6.18811881188119e-05,0.0323844884488449,0,0,0.00241336633663366,0.00292904290429043,0,0,0.000783828382838284,0.000268151815181518,0,0,0,0.0377887788778878,0,0,0,0,0.000340346534653465,0,0.0542491749174917,0.00748762376237624,0.0165635313531353,0.000897277227722772,0.00313531353135314,0,0.00420792079207921,0,0,0,0.0069513201320132,0,0,0.000123762376237624,0,0.0217718646864686,0,0,0,0,0,0.000144389438943894,0.0189459570957096,0.0141501650165017,0.0156971947194719,0,0,0,0.0087046204620462,0,0,0,0,0,0,0,0.000639438943894389,0,0.00396039603960396,0,0,0.00561056105610561,0.00228960396039604,0,0,0.00081476897689769,0,0.00323844884488449,0.155517739273927,0,0,0.00241336633663366,0.000278465346534653,0.00555899339933993,0.00050536303630363,0,0,0,0.0577867161716172,0.0129022277227723,0.00166047854785479,0.0286200495049505,0,0.000391914191419142,0.00703382838283828,0.00308374587458746,0,0.0024236798679868,0,0.0724009900990099,0.00233085808580858,0,0,0,0,0,0.00764232673267327,0.00496080858085809,0,0.0222462871287129,0.0182858910891089,0,0,0,0,0.00234117161716172,0,0,0,0.000897277227722772,0,0,0.000556930693069307,0.000670379537953795,0,0.000598184818481848,0,0,0,0,0,0,0.000433168316831683,0,0,0,0,0.00478547854785479,0,0.000453795379537954,0.00536303630363036,0,0.00691006600660066,0,0.0100041254125413,0.00663160066006601,0,0.00211427392739274
13,"hexa",0,0,0.000273301205258315,0.0117792819466334,0,0.256566061456331,0,0,0,0,0.00110231486120854,0,0.0159972305477867,0,0,0,0,0,0.0204975903943736,0.0102305751168363,0,5.4660241051663e-05,0.00107498474068271,0.00817170603722362,0,0,0.00299720321766619,7.28803214022174e-05,0,0,0.0151955470123623,0,0,0,0,0,0,0,0.000528382330166076,0,0,0,0.0675327278193297,0,0.000728803214022174,0,0,0.00041906184806275,0.00012754056245388,0.0586959888493108,0.00246882088750011,0.0350554345944666,0,0.0039901975967714,0,0.00261458153030455,0.000674142972970511,0,0,0.00803505543459447,0.000737913254197451,0.0043090490029061,0.000191310843680821,0.00119341526296131,0.0168171341635617,0,0,0,0,0,0,0.00496497189552606,0.00318851406134701,0.0110322586522607,0,0,0,0.0146398345616704,0,0,0,0.000446391968588581,0,0,0,0,0,0.00282411245433592,0.000163980723154989,0,0.00568466506937296,0,0,0,0,0,0.00240505060627317,0.101658938315918,0,0.000145760642804435,0.00112964498173437,0,0.00185844819575654,0.000318851406134701,0.000337071486485255,0,0,0.0408949703468192,0.0285599759494939,0.000801683535424391,0.0187211325601946,0,0.000327961446309978,0.00331605462380089,0,0,0.00415417831992639,0,0.0544780402481575,0.000783463455073837,0,0.000227751004381929,0,0,0,0.0114331004199729,0.00537492370341353,0,0.042826298863978,0.0196503566580729,0,0.000255081124907761,0.00183111807523071,0,0,0.000391731727536918,0,0,0.00429082892255555,0,0,0.000537492370341353,0,0,0,0,0,0,0,0,0,0.000182200803505543,0,0,0,0,0.00414506827975111,0,0,0.00383532691379169,0.00012754056245388,0.00987528355000046,0,0.0340351100948355,0.0059852963951571,0.000373511647186364,0.00365312611028615
16,"tri",0.00106488811668932,0,0.000490409001106923,0.00858215751937116,0,0.20846586052768,0,0.000581484958455352,0,0.00119099328840253,0.00330675783603525,7.00584287295605e-05,0.00975213327915482,0,0.000308257086410066,0,0.000343286300774846,0,0.0250458882708179,0.0210665695189788,0,0,0.00100183553083271,0.00305454749260884,0,0,0.00254312096288304,9.10759573484286e-05,0,0,0.0121341198559599,0,0,0,0,0,0,7.70642716025165e-05,0.00173044318962014,0,0,0,0.0391416441312054,0,0,0,0,0.000203169443315725,0,0.0438916055990696,0.000686572601549692,0.0213748266053889,0.00107889980243523,0.00844204066191204,0.000140116857459121,0.00213678207625159,0.000413344729504407,0,0,0.0093878294497611,0,0,0,0.000595496644201264,0.0382659137720859,0,0,0,0,0,6.30525858566044e-05,0.0118398744552957,0.00292143647802267,0.005737785312951,0,0,0,0.0207443007468229,0,6.30525858566044e-05,0.000889742044865418,0.000665555072930824,0,0,0,0.000546455744090572,0,0.00263419692023147,0,0,0.00317364682144909,0,0,0,0,0.000105087643094341,0.0016253555465258,0.0725384971065869,0,0,0.00253611512001009,0,0.00268323782034217,0.000385321358012583,4.90409001106923e-05,0,0,0.0298238731101739,0.0273928456332581,0.00218582297636229,0.0241351286973336,0,0,0,0,0,0.00891843797727305,0.000392327200885539,0.107868962714904,0.0014502094747019,0,0.000245204500553462,0,9.80818002213846e-05,0,0.0054995866552705,0.00222785803360002,0,0.0810646078829744,0.026461068531155,0,0,0.00186355420420631,0,0.000525438215471703,0,0,0,0.00743319928820636,0,0,0,0,0,0,0.000651543387184912,0,0,0,0,0,0.000686572601549692,0,0,0.000819683616135857,0.00248006837702644,0.00453978618167552,0,0.00086872451624655,0.00240300410542392,0,0.0101234429514215,0.000189157757569813,0.0463646681332231,0.00494612506830697,0,0.00248006837702644
19,"tri",6.89198875227436e-05,0,0.000344599437613718,0.0151348072999945,0,0.206222087445553,0,0,0,0.000827038650272923,0.0016127253680322,6.89198875227436e-05,0.0116474609913437,0,0.000192975685063682,0,0.00074433478524563,0,0.026175773281138,0.00971770414070684,0.000937310470309312,0,0,0.00431438495892375,0,0,0.00188840491812317,0,0,0.000179191707559133,0.0090836411754976,0,0,0.000551359100181949,0,0,0,0,0,0,0,0,0.0599603021447869,0,0,8.27038650272923e-05,0,0.000441087280145559,0,0.0799746374813916,0.00234327617577328,0.025045487125765,0,0.00682306886475161,0,0.00115785411038209,0,0,0,0.0120747642939847,0,0,0,0,0.0212824612670232,0,0,0,0,0,0,0.0200556872691184,0.00303247505100072,0.00595467828196504,0.000137839775045487,0,0,0.0100347356233115,0,0,0,0,0,0,0,0,0,0.000978662402822959,6.89198875227436e-05,0,0.00461763246402382,0.00103379831284115,0,0,0,0,0.00281193141092794,0.0886034073992391,0,0.000385951370127364,0.00151623752550036,0.000151623752550036,0.00384572972376909,0.000441087280145559,5.51359100181949e-05,0,0,0.039463527595523,0.0437503445994376,0.000868390582786569,0.0269476760213927,0,0,0.00275679550090974,0,0,0.00399735347631913,0,0.0575481060814909,0.000275679550090974,0,0,0,0,0,0.0120058444064619,0.00558251088934223,0,0.0913464189226443,0.00387329767877819,0,0,0.00226057231074599,0,0,0,0,0,0.00474168826156476,0,0,0.0010475822903457,0,0,0,0.000482439212659205,0,0,0,0,0,0,0,0,0,0,0.00170921321056404,0,6.89198875227436e-05,0.00290841925345978,0,0.0133704581794123,0,0.0365964602745768,0.00507250372167393,0,0.000702982852731984
25,"mono",0,0.000422999915400017,0.000422999915400017,0.0147391970521606,0.00166379966724007,0.212543357491328,0,0.000610999877800024,0,0,0.00331819933636013,0,0.0100203979959204,0,0,0,0.000187999962400008,0,0.0187623962475208,0.0200501959899608,0,0,0.00105279978944004,0.00534859893028021,0,0,0.00163559967288007,0,0,0,0.00789599842080032,0,0,0,0.0024251995149601,0,0,0,0,0,0,0,0.0513615897276821,0,0,9.39999812000038e-05,0,0,0,0.0822405835518833,0.0025943994811201,0.0280495943900811,0,0.00529219894156021,0.000272599945480011,0.00172019965596007,0,0,0,0.0159893968021206,0,0,0,0.000319599936080013,0.0187059962588007,0,0,0,0,0,0,0.0307755938448812,0.0026037994792401,0.00516999896600021,0,0,0,0.0074541985091603,0,0,0,0,0,0,0,0,0.000206799958640008,0.00123139975372005,0,0,0.00452139909572018,0.00098699980260004,0,0,0,0,0.00191759961648008,0.0843649831270034,0.000300799939840012,8.45999830800034e-05,0.000845999830800034,0,0.00225599954880009,0.000281999943600011,0.000234999953000009,8.45999830800034e-05,0,0.0298167940366412,0.0531287893742421,0.000864799827040035,0.0225599954880009,0,0.00024439995112001,0.00328059934388013,0,0,0.00358139928372014,0,0.0517093896581221,0.000610999877800024,0,0.000234999953000009,0.000451199909760018,0,0,0.0138085972382806,0.0049349990130002,0,0.0797119840576032,0.0111859977628004,0,0,0.00181419963716007,0,0,0,0,0,0.00384459923108015,9.39999812000038e-05,0,0.000704999859000028,0,0,0,0,0,0,0,0,0,0.000375999924800015,0,0,0,0,0.00273539945292011,0,0.000225599954880009,0.00349679930064014,0,0.0115619976876005,0,0.0417077916584417,0.00486919902616019,0,0.00138179972364006
28,"mono",0.000408877393834509,0.00106498297928988,0.000922351330277846,0.00948025027100013,0.00244375558640625,0.176311735732081,0,0,0,0,0.0048780023962117,0.000751193351463401,0.00995568910104026,0,0,0,0,0,0.038092159062815,0.00909989920696803,0.000741684574862598,0,0.00204438696917255,0.0037464579807162,7.60702128064203e-05,0,0.00332807181028089,0,0,0.00296673829945039,0.0305421904417778,0,0,0.000998421543084267,0,0,0.000446912500237719,0.000475438830040127,0.00067512313865698,0,0,0,0.0678356122701253,0,0.00214898351178137,0.000465930053439325,0,0.000551509042846547,0,0.0479432516212464,0.00350873856569614,0.0175912367114847,0.00431698457676435,0.00623775745012647,0.00052298271304414,0.0033661069166841,0.000190175532016051,0,0,0.00882414468554476,0.0011125268622939,0,0,0.000627579255652968,0.0438449689063005,0,0,0,0,0,0,0.00309986117186163,0.00474487952380047,0.00775916170625487,0.000142631649012038,0,0,0.0191316585208147,0,0,0.000209193085217656,0.000294772074624879,0,0,0,0.00178765000095088,0,0.00614266968411844,0,0,0.00718863511020672,0,0,0,0.000456421276838522,0.000285263298024076,0,0.0963143981895289,0,0,0.000798737234467413,5.70526596048152e-05,0.000684631915257783,0.000380351064032102,0,0,0,0.0368179829983074,0.0438544776829013,0.000475438830040127,0.00881463590894396,0,0.000304280851225681,0.00444059867257479,0.00136926383051557,0,0.00819656542989179,0.000152140425612841,0.078780214137649,0.00179715877755168,0,0,0.000608561702451363,0.000342315957628891,0,0.00916646064317365,0.00107449175589069,0,0.0719624213148736,0.00253884335241428,0.00052298271304414,0,0.000275754521423274,0,0,0.000418386170435312,0,0,0.00454519521518361,0,0,0.000827263564269821,0,0,0,0.000817754787669019,4.75438830040127e-05,0,0,0.000285263298024076,0,0.000332807181028089,0,0,0,0,0.00741684574862598,0,0,0.00719814388680752,0,0.0154517619763041,0,0.0202441853831086,0.0112488827187494,0,0.00165452712853964
34,"mono",0.000511525652467295,0.000740079667399491,0.000946866633290525,0.00768376831153001,0.00072919614287891,0.16060817135021,0,0,0,0,0.0061600748786487,0.00129513941794911,0.0106549705056485,0,0.00014148581876755,0,0,9.79517206852267e-05,0.0326179229881805,0.0107855727998955,0.000750963191920071,0,0.00138220761411375,0.00353714546918874,0,0,0.00409220521973836,8.7068196164646e-05,0,0.00325417383165364,0.0327702923314686,0,0,0.00088156548616704,0.00205698613438976,0,0.000380923358220326,0.000500642127946714,0.0014692758102784,0,0,0,0.0595219956030561,0,0.00228554014932196,0.000794497290002394,0,0.000805380814522975,0,0.05978320019155,0.00485405193617901,0.0209181341285562,0.00581180209399012,0.00793408937550336,0.000272088113014519,0.00503907185302888,0.000282971637535099,0,0,0.00755316601728304,0,0,0,0.000500642127946714,0.0444918482401341,0,0,0.000239437539452776,0,0,0,0.00359156309179165,0.00470168259289088,0.00705252388933632,0.00137132408959317,0,0,0.0215493785507499,0,0,0.000304738686576261,0.000250321063973357,0,0,0,0.00206786965891034,0,0.00662806643303367,0,0,0.00634509479549857,0,0,0,0.000489758603426133,0.000478875078905553,0,0.0769138677869441,0,0,0.000859798437125879,0,0.000511525652467295,0.000500642127946714,0,0,0,0.0404105265449163,0.0489214427200104,0.000718312618358329,0.00778172003221523,0,0,0.00233995777192486,0,0,0.00843473150345008,0.000195903441370453,0.0822576783265493,0.00212228728151325,0,0.000272088113014519,0.000935983108769944,0.000500642127946714,0,0.00957750157811106,0.00598593848631941,0,0.0681308634988355,0.0012407217953462,0.000380923358220326,0,0.00261204588493938,0,0,0.000544176226029037,8.7068196164646e-05,3.26505735617422e-05,0.00467991554384972,5.44176226029037e-05,0,0.000859798437125879,0,0.000326505735617422,0,0.000935983108769944,0,0,0,0,0,0.000522409176987876,0,0.00029385516205568,0,0,0.00797762347358569,0,0,0.0082497115866002,0,0.0198515487255393,0,0.0201562874121155,0.0118086241048301,0,0.00195903441370453
37,"hexa",0,0.000614749059433939,0.00114753157761002,0.00798354111851542,0.00131966131425152,0.15363808493373,0,0,0,0.000762288833698084,0.00227866984696847,6.55732330062868e-05,0.00744256194621356,0.000975401840968517,0,0,0.00019671969901886,0,0.0196637732477603,0.00749993852509406,0.000499995901672937,0,0.00113933492348423,0.00247538954598733,3.27866165031434e-05,0,0.00134425127662888,2.45899623773576e-05,0,3.27866165031434e-05,0.0157867558462636,0,0.000598355751182367,0.00227866984696847,0.00112294161523266,0,0,0.00047540593929558,0.000557372480553438,0.000786878796075442,0,0,0.0764665863394562,0,0,0.000360652781534578,0,0.000467209285169794,0,0.0750567618298211,0.00508192555798723,0.0149834837419365,0.00290981221465398,0.0051556954451193,0.000147539774264145,0.00308194195129548,0,0,0,0.0121392447602888,0,0,1.63933082515717e-05,0.000459012631044008,0.0248194686928796,0.000377046089786149,0,0,0,0,9.01631953836444e-05,0.00584421439168531,0.00786059130662863,0.00567208465504381,0.00122949811886788,0,0,0.0220489995983639,0,0,0.000352456127408792,0.000286882894402505,0,0,0.000647535675937082,0.000713108908943369,0,0.0027212891697609,0,0,0.00669666642076704,0,0,0.000631142367685511,0.000598355751182367,7.37698871320727e-05,0.0019098204113081,0.121851460233933,0,0,0.00117212153998738,0.000106556503635216,0.000803272104327014,0.000557372480553438,0,0,9.01631953836444e-05,0.0398767223219482,0.040114425291596,0.000278686240276719,0.00936057901164745,0,0.000606552405308153,0.00326226834206277,0,0,0.00470487946820108,0,0.0627863706035196,0.000991795149220088,0,0,0.000704912254817584,0,0,0.010065491266465,0.00540159506889288,0,0.109826968631405,0.00967205186842731,0,0,0.00447537315267908,0,0,0,0,0,0.00474586273883001,0,0,0.000934418570339587,0.000655732330062868,0,0.000213113007270432,0,0,0,4.09832706289293e-05,0,0,0.000549175826427652,0,0.00019671969901886,0,0,0.00316390849255334,0,0,0.00487700920484258,0.000131146466012574,0.0213113007270432,0,0.0161474086277981,0.00947533216940845,0,0.00120490815649052
40,"mono",0,0,0.000602196980708931,0.00757937579168138,0.0026891210000623,0.209086944784766,0,0.000197271424714995,0,0,0.00171314658305127,0.000176506011587101,0.00725751188819902,0,0,0,0,0,0.0197167597649355,0.00609464875303694,0.000186888718151048,0,0.00262682476067861,0.0032186390348236,0,0,0.000986357123574974,0,0,0,0.0233714724754449,0,0,0,0,0,0,0,0.00106941877608655,0,0,0,0.0677160122100629,0,0,0.000280333077226571,0,0,0,0.0491309674605976,0.00253338040160309,0.0349481902942459,0.00208692401935337,0.00665531490749008,0,0.00296945407728887,0,0,0,0.00768320285732085,0,0,0,0.000332246610046307,0.0225097078306373,0,0,0,0,0,0,0,0.0035508856448699,0.0055132171854559,0.000155740598459206,0,0,0.0203604875719002,0,0.000114209772203418,0.000228419544406836,0.000342629316610254,0,0,0,0,0,0.00557551342483959,0,0,0.0069667961044085,0,0.000207654131278942,0,0.000332246610046307,0.000207654131278942,0,0.0916273854268331,0,0,0.000706024046348402,0,0,0.00024918495753473,0,0,0,0.0451855389662977,0.0270573333056461,0.000259567664098677,0.003924663081172,0,0.000207654131278942,0.00334323151359096,0,0,0.00613617957929273,0,0.122806653238366,0.00113171501547023,0,0,0,0,0,0.00975974417011027,0.00664493220092614,0,0.0723570820441473,0.0188653778266919,0,0,0.00281371347882966,0,0,0.000508752621633407,0,0,0.00499408185725855,0,0,0.00102788794983076,0,0,0,0.0012563074942376,0,0,0,0,0,0.000664493220092614,0,0,0,0,0.00559627883796748,0,0,0.00781817804265216,0.000259567664098677,0.01020620055236,0,0.0185123658035177,0.00859688103494819,0,0.000508752621633407
43,"mono",0,0,0.00105054509415263,0.00703666997026759,0.00293359762140733,0.154132804757185,0,0,0,0,0.00329038652130823,0,0.00917740336967294,0,0,0,0.000158572844400396,0,0.0226362735381566,0.0178592666005946,0.00106045589692765,0,0.00151635282457879,0.00226957383548067,0,0,0.00257680872150644,0,0,0,0.0247175421209118,0,0,0,0,0,5.94648166501487e-05,0,0.000465807730426165,0,0,0,0.0523587710604559,0,0,0.000475718533201189,0,0,0,0.0659365708622398,0.00295341922695738,0.0139544103072349,0.00325074331020813,0.00533201189296333,0.000237859266600595,0.0010009910802775,0.000376610505450942,0,0,0.00754212091179386,0.000773042616451933,0,0,0.000495540138751239,0.038404360753221,0,0,0,0,0,0,0.0118632309217047,0.00707631318136769,0.00529236868186323,0,0,0,0.0296927651139742,0,0.000277502477700694,0.000713577799801784,0.000237859266600595,0,0,0,0.00043607532210109,0,0.00414271555996036,0,0,0.00437066402378593,0,0,0.00132804757185332,0.00101090188305253,0.000218037661050545,0.00185332011892963,0.073994053518335,0,0,0.00163528245787909,0,0.00134786917740337,0.000723488602576809,0,0,0,0.0383349851337958,0.0317839444995045,0.00169474727452924,0.0154410307234886,0,0.000465807730426165,0.00252725470763132,0,0,0.00973240832507433,0,0.0980971258671952,0,0,0,0,0.000327056491575818,0,0.0087611496531219,0.00554013875123885,0,0.103191278493558,0.0165510406342914,0.00022794846382557,0,0.00272547076313181,0,0,0,0,0,0.00623389494549058,0,0,0.000644202180376611,0.000247770069375619,0.000743310208126858,0,0,0,0,0,0,0,0,0,0.000128840436075322,0,0,0.00580773042616452,0,0.000317145688800793,0.0045193260654113,0,0.0191575817641229,0,0.0252923686818632,0.0101288404360753,0,0.00112983151635282
46,"mono",0,0,0.000465959751152306,0.00906732488728811,0,0.232047956073848,0,0.000969700022668312,0,0,0.000894138981940911,0,0.0391154320832179,0,0,0,0,0,0.0154144523083898,0.0111200664937158,3.77805203637005e-05,0,0.00322393773770244,0.00302244162909604,0,0,0.00109563509054731,0,0,0,0.0172405107926353,0,0,0,0,0,0,0,0,0,0,0,0.0868574163161474,0,0.0121779210638995,0,0,0,0,0.0943631463617359,0.00522630531697857,0.0246077122635569,0.000868951968365111,0.00251870135758003,0,0.00206533511321563,0,0,0,0.0081605923985593,0,0,0,0,0.0170012341636652,0,0,0,0,0,0,0.0183487393899705,0.00571745208170667,0.00394176762461275,0,0,0,0.00629675339395008,0,0,0,0,0,0,0,0,0,0.00136009873309322,0,0,0.00545298843916077,0,0,0,0,0,0.00132231821272952,0.112648918217767,0,0,0.000957106515880412,0,0.000528927285091807,0,0,0,0,0.0365085761781226,0.028511699367806,0.000478553257940206,0.00924363398231872,0,0,0.00409288970606755,0,0,0.00272019746618643,0,0.0405259048434627,0.000667455859758708,0,0,0,0,0,0.0134498652494774,0.00419363776037075,0,0.0464952270609274,0.0185124549782132,0,0,0.00294688058836864,0,0,0,0,0,0.00206533511321563,0,0,0.000541520791879707,0,0,0,0,0,0,0,0,0,0.000214089615394303,0,0,0,0,0.00449588192328036,0,0,0.00630934690073798,0,0.0116489937788076,0,0.0135128327834169,0.00744276251164899,0,0.00128453769236582
49,"tri",0,0,0.000657995229534586,0.0207620994747788,0,0.17721221521144,0,0.000422996933272234,0,0,0.00244398228112846,0,0.0130189056129343,0,8.22494036918232e-05,0,0,0,0.040866203720023,0.0244280728964715,0.000822494036918232,0,0.00131599045906917,0.00424171924753546,0,0,0.00586320749174568,0,0.000223248381449235,0,0.0183416170232766,0,0,0.000481746507337822,0,0,0,0.00054049608140341,0.000493496422150939,0.00121024122575111,0,0,0.0616048033651756,0,0,0,0,0.000528746166590292,0,0.0775376878517631,0.00797819215810685,0.0175543727307977,0.0026672306625777,0.0104691740984878,9.39993185049408e-05,0.00461771652155522,0.00029374787032794,0,0,0.00895343508759562,0.000869493696170703,0,0,0,0.028669792144007,0,0,0,0,0,0.000328997614767293,0.0172488749456566,0.0122551611500817,0.00798994207291997,0.00533446132515539,0,0,0.0141116476905542,0,0,0.000422996933272234,0,0,0.000375997274019763,0,0.00054049608140341,0,0.00478221532893887,0,0,0.00724969743969356,0,8.22494036918232e-05,0.00227948347374482,0.000575745825842763,9.39993185049408e-05,0.00216198432561364,0.0972305450785482,0,0,0.000951743099862526,0,0.00240873253668911,0.00115149165168553,0.000305497785141058,0,0,0.0433924354048433,0.046353413937749,0.00189173628491193,0.0238288272410025,0,0.000458246677711587,0,0,0,0.00407722044015181,0,0.0343332510839296,0.000963493014675644,0,0.000646245314721468,0,0.000281997955514823,0,0.00571045859917516,0,0,0.0490088946855135,0.00437096831047975,0.000258498125888587,0,0.000763744462852644,0,0.000622745485095233,0,0,0,0.00224423372930546,0,0,0,0.000963493014675644,0,0,0.000328997614767293,0,0,0,0,0,0,0,0,0,0,0.00365422350687958,0,0.000446496762898469,0.0058749574065588,0,0.0197046071415982,0,0.0262845594369441,0.00930593253198914,0,0.00108099216280682
52,"mono",0,0,0.00127226463104326,0.0263021239029963,0,0.129303629848886,0,0,0.000181752090149037,0,0.00205120216025341,0,0.0126187879732045,0,0,0.000986654203666199,0,0,0.0326374824739056,0.0278859635457236,0.00132419379965727,0,0,0.00945110868774991,0,0,0.004959235602638,0,0.0004933271018331,0.000830866697824168,0.0181492444305967,0,0,0,0,0,0,0.000259645843070052,0,0.00215506049748144,0,0,0.0482681622267227,0,0,0,0,0,0,0.0779197175053227,0.0140208755257828,0.0175780235758426,0,0.0105156566443371,0,0.00563431479462014,0,0,0,0.0124630004673625,0,0,0.000233681258763047,0,0.0183829256893597,0.000103858337228021,0,0,0,0,0,0.0285091135690918,0.0209534195357532,0.00706236693150543,0.0019992729916394,0,0,0.0171366256426235,0,0,0.000103858337228021,0,0,0,0,0,0,0.00311575011684063,0,0,0.00103858337228021,0.0044659085008049,0,0.00971075453081996,0.000752972944903152,0,0,0.101235914213013,0,0,0,0,0.000311575011684063,0.000155787505842031,0,0,0,0.0442955808277509,0.0519810977826245,0.000675079191982136,0.0352599054889131,0,0.000415433348912084,0.00810095030378564,0,0,0.00166173339564834,0,0.0333385262501947,0.0004933271018331,0,0.000675079191982136,0,0,0,0.0143843797060809,0.00623150023368126,0,0.0688321129978709,0.0029599626109986,0,0,0.000960689619359194,0,0.000441397933219089,0,0,0,0.00262242301500753,0,0,0,0.00275224593654256,0,0.000233681258763047,0,0,0,0,0,0,0,0,0,0.00664693358259334,0,0,0,0,0.00275224593654256,0,0.0180453860933686,0,0.014877706807914,0.0074258711118035,0,0.00140208755257828
55,"tri",0.000318495681198563,0,0.000293016026702678,0.0120391367493057,0.000993706525339516,0.162700333783474,0,0,0,0,0.00220399011389406,0.000140138099727368,0.0100517236986266,0,0,0,0,0,0.0282951563176803,0.0116059826228756,0.000662471016893011,0,0.00198741305067903,0.00410222437383749,0,0,0.00189823425994344,0,0,0,0.0119881774403139,0,0,0,0.0014396004790175,0,0,0.000649731189645068,0,0,0,0,0.06117665044462,0,0,0,0,0,0,0.0903381150151604,0,0.0184090503732769,0.00208933166866257,0.00848472494712972,0,0.00229316890462965,0,0,0,0.0104466583433129,0,0,0,0.000777129462124494,0.0477233928707927,0,0,0,0,0,0,0.0117716003770989,0.00690498636838484,0.00752923790353403,0,0,0,0.0119499579585701,0,0.00015287792697531,0.00015287792697531,0,0,0,0,0,0,0.00247152648610085,0,0,0.00498127245394552,0,0,0,0,0.00010191861798354,0.0028155018217953,0.0874206945753816,0,0,0.000547812571661528,0.00010191861798354,0.00105740566157923,0.000649731189645068,0,0,0,0.0359390526664458,0.0453792646571713,0.000751649807628609,0.017733839529136,0,0.000547812571661528,0,0,0,0.0051851096899126,0,0.0590745789487095,0.00151603944250516,0,0,0.000611511707901241,0.000433154126430046,0,0.0117333808953551,0,0,0.123690982750274,0.00180905546920784,0,0,0.003325094911713,0,0,0.000407674471934161,0,0,0.00458633780925931,0,0,0.000917267561851861,0,0,0,0,0,0,0,0,0,0,0,0.000140138099727368,0,0,0.00284098147629118,0,0.000267536372206793,0.00507045124468112,0,0.0204729023874436,0,0.0177720590108798,0.00671388895966571,0,0.00136316151552985
58,"alt_div",0,0,0,0.00974526244171853,0,0.163088067556481,0,0,0,0,0.002121145418526,0,0.00970524083004823,0,0,0,0,0,0.0275148580233326,0.0154283312989014,0.000740399815900586,0,0,0.00500270145878775,0,0,0.00362195585616233,0,0,0,0.0107458027334761,0,0,0,0,0,0,0,0,0,0,0,0.0610529686030456,0,0,0.00040021611670302,0,0,0,0.0669561563244152,0,0.0147879855121766,0.0019610589718448,0.00500270145878775,0,0,0,0,0,0.0134472615212215,0,0,0,0,0.0257539071098393,0,0,0,0,0,0,0.0154483421047366,0.00986532727672943,0.00954515438336702,0,0,0,0.021471594661117,0,0,0,0,0,0,0,0,0,0.00144077802013087,0,0,0.00592319852720469,0,0,0,0.00020010805835151,0,0.00328177215696476,0.0817641526424269,0,0,0.00122065915594421,0,0.00120064835010906,0.000440237728373322,0,0,0,0.047185480159286,0.031937246112901,0.00158085366097693,0.0226322213995558,0,0.000440237728373322,0,0.00142076721429572,0,0.00564304724551258,0.000220118864186661,0.100554299321634,0,0,0,0,0,0,0.00324175054529446,0,0,0.128309287014988,0.00164088607848238,0,0,0,0,0,0,0,0,0.00420226922538171,0,0,0.000780421427570888,0,0,0,0,0,0,0,0,0,0,0,0,0,0,0.00350189102115142,0,0.000500270145878775,0.00368198827366778,0,0.0185900386208553,0,0.0249934964881036,0.00698377123646769,0,0.00308166409861325
61,"mono",0,0.000564673994880289,0,0.0120338302464488,0.00335039903628972,0.212718968026904,0,0.000464287506901571,0,0,0.0018947949605983,0,0.011782864026502,0,0,0,0.000150579731968077,0,0.039778145861567,0.00981277919991969,0.000326256085930834,0,0.00252221051046529,0.00528283892988004,0,0,0.00323746423731366,0,0,0,0.00976258595593033,0,0,0,0.00180695678361693,0,0,0,0.000238417908949455,0,0,0,0.0661797921999699,0,0,0,0,0,0,0.0529789690307685,0.00437936053807158,0.018947949605983,0.00194498820458766,0.00450484364804497,0.000175676353962757,0.00445465040405561,0,0,0,0.0109672238116749,0,0,0,0.00051448075089093,0.0242809817798524,0,0,0,0,0,0,0.0103272599508106,0.00420368418410882,0.00878381769813783,0,0,0,0.0106033227927521,0,0,0,0.000213321286954776,0,0,0,0,0,0.00378958992119661,0,0,0.00675099131656879,0.000188224664960096,0.000313707774933494,0,0.000388997640917533,0.000112934798976058,0.00264769362043869,0.0962706419715906,0,0,0.00050193243989359,0,0.00160618380765949,0.000426642573909552,0.000138031420970737,0,0,0.0489258645786277,0.0301535913266074,0.000602318927872308,0.0176931185062491,0,0,0.00254730713245997,0,0,0.0033127541032977,0,0.06773578276364,0.00121718616674196,0,0,0,0.000388997640917533,0,0.00690157104853687,0.00698940922551824,0,0.091853636500527,0.00257240375445465,0,0,0.00190734327159564,0,0.000464287506901571,0,0,0,0.00271043517542539,0,0,0.000991316568789841,0,0,0,0,0,0,0,0,0,0,0,0,0,0,0.00257240375445465,0,0,0.00494403453295186,0,0.0166265120714752,0,0.025410329769613,0.00862068965517241,0,0.00253475882146263
64,"pasto",0,0,0.000309246469436141,0.00990963130948699,0.00180050166649486,0.194131189224479,0,0.000391712194619111,8.93378689482184e-05,0.00122324159021407,0.00262515891832457,8.24657251829708e-05,0.0292684602961894,0,0,0,0.000116826444009209,0,0.034058344500567,0.0153180084527368,0.000377967907088616,0,0.00222657457994021,0.00627426725767103,0,0,0.00477613991684706,0,0,0,0.0216335085729993,0,0,0.00048105006356733,0.00147751090952823,0,0,0,0.000934611552073669,0,0,0,0.0600350479332028,0,0,0.00028175789437515,0,0.000426072913445349,0,0.075057554204034,0.00408205339655706,0.0209531663402398,0.00391024980242587,0.00659725801463767,0.000474177919802082,0.00434319485963646,0,0,0,0.00859705185032471,0.00129196302786654,0,0.000151187162835447,0.00048105006356733,0.0280108579871491,0,0,0,6.87214376524757e-05,0,0,0.00564203003126825,0.00475552348555132,0.0086245404253857,0.000123698587774456,0,0,0.0139435796996873,0,0.000109954300243961,6.87214376524757e-05,0.000302374325670893,0,0,0,0,0,0.00511974710510944,0.000295502181905645,0,0.00705081950314401,0,0,0,0.000336735044497131,0.000158059306600694,0.00261141463079408,0.0852008384015394,0,0,0.000852145826890699,0,0.00463182489777686,0.000213036456722675,0.000419200769680102,0,0,0.0416314469298698,0.0410198261347627,0.000893378689482184,0.0158128028038347,0,0.000384840050853864,0.00277634608116002,0,0,0.0046661856166031,0,0.0623234718070302,0.0012713465965708,0,0.000460433632271587,0,0.000288630038140398,0,0.00799917534274817,0.00367659691440745,0.0045356148850634,0.0525031783664914,0.00847335326255025,0.000144315019070199,0,0,0,0.000247397175548912,0.000274885750609903,0,0,0.00252894890561111,0,0,0.000680342232759509,0,0.000247397175548912,0,0,0.000144315019070199,0,0,0,0,0.000501666494863073,0.00019929216919218,0,0,0,0.00498917637356973,0,0.000446689344741092,0.00476239562931657,0.000219908600487922,0.0196474590248428,0,0.0243205167852111,0.0079167096175652,0,0.0012850908841013
67,"mono",0,0.00084691567139672,0.000890125654631246,0.00873705861002126,0,0.204573344625542,0,0,0.000181481929585011,0,0.00135679347356413,0.00235062308795824,0.0202914081269336,0,0,0,0.000414815839051454,0,0.0298840244049985,0.0143543564305097,0.000579013775342655,0,0.00137407746685794,0.00414815839051454,0.000207407919525727,0,0.00429507233351193,0,0,7.77779698221477e-05,0.0237741327756365,0,0,0.000630865755224087,0.00156420139308986,0.000181481929585011,0,0.000691359731752424,0.000674075738458613,0.00236790708125205,0,0,0.058774219195603,0,0,0,0,0.000449383825639076,0.00042345783569836,0.0633631194151097,0.00865063864355221,0.0200407902241734,0.00184074528579083,0.00662841142817637,0,0.00487408610885459,0,0,0,0.00718149921357831,0.000483951812226697,0,0.000155555939644295,0,0.0181395509618542,0,0,0,0,0,0,0.00642100350865064,0.00972224622776846,0.00910866446583819,0.00558272983390082,0,0,0.0189691826399571,0,0,0.000216049916172633,0.000354321862523117,0,0,0,0,0,0.00589384171318942,0,0,0.00610989162936205,0.00057037177869575,0,0.00161605337297129,0.00121852152721365,0,0.00210000518519799,0.0888570095234803,0.000285185889347875,0,0.00084691567139672,0.000337037869229307,0.00127901550374198,0.00044074182899217,0.000181481929585011,0,0,0.0513161760893237,0.0301260003111119,0.000959261627806488,0.015054358158909,0,0,0.00333581070570545,0.000916051644571962,0,0.00398396045422334,0.000138271946350485,0.0815545223568453,0.00170247333944034,0,0,0.00058765577198956,0.000345679865876212,0,0.00431235632680575,0.00563458181378226,0,0.0535803792108129,0.0116407694833814,0,0,0,0,0.000354321862523117,5.18519798814318e-05,0,0,0.00199630122543512,0,0,0.000967903624453394,0.000613581761930276,0.000181481929585011,0.000267901896054064,0,0,0,0,0.00014691394299739,0,0.000207407919525727,0,0,0,0,0.00437285030333408,0,0,0.00819261282126623,6.04939765283371e-05,0.0132827488462934,0,0.0159790518001279,0.010949409751629,0,0.0016246953696182
70,"tri",0,0.000681780780051251,0.00281332528779769,0.0108379634346078,0.000854185115236625,0.202191102368992,0,0,0,0.0019121208084196,0.00210803482567571,0.000470193641414656,0.0122015249947103,0,0.00016456777449513,0.000180240895875618,0,0,0.0197167866966546,0.0125463336650811,0.000219423699326839,0,0.00166135086633178,0.00423957933342215,0,0,0.00337755765749528,0.000117548410353664,0,0.000148894653114641,0.0168486054840252,0,0,0.000391828034512213,0.00160649494150007,0,0,0,0.00219423699326839,0,0,0,0.070066689131474,0,0,0.000376154913131725,0,0.000360481791751236,0,0.0514626940528341,0,0.0189566403097009,0.00220991011464888,0.00411419436237824,0.000211587138636595,0.00376154913131725,0.000289952745539038,0,0,0.00663756690463689,0.00075230982626345,0,0,0.000963896964900045,0.0237526154521304,0,0,0,0,0,0,0.00550126560455147,0.00448251271481972,0.00842430274201258,8.62021675926869e-05,0,0,0.0257587749888329,0,0.000141058092424397,0.000148894653114641,0.000266443063468305,0,8.62021675926869e-05,0,0,0,0.00309544147264648,0,0,0.00680997123982227,0,0,0.00110495505732444,0.000399664595202458,0.000125384971043908,0.00249986286018792,0.0781461832031158,0,0,0.00166135086633178,0,0.000572068930387831,0.000250769942087816,0.000415337716582946,0,0,0.0503734121168901,0.0283526765773038,0.00058774205176832,0.00992108583384924,0,0.000673944219361007,0.00225692947879035,0.000454520520034167,0,0.00548559248317099,0,0.137531640113787,0.000485866762795144,0,0.000141058092424397,0.000415337716582946,0,0,0.00523482254108317,0.0076484832336784,0,0.0648945590759128,0.00716261647088326,9.40387282829312e-05,0,0.00122250346767811,0.000258606502778061,0.000282116184848794,0.000235096820707328,0,0,0.00357347167475138,0.00231178540362206,0,0,0,0,0,0,0,0,0,0,0,0.000869858236617113,0,0,0,0,0.0067629518756808,0,0,0.00597929580665637,0.000172404335185374,0.010524501006998,0,0.016331392478469,0.00558746777214416,0,0.0027976521664172
73,"mono",0,0.000370770291542535,0.000656978937645544,0.0149869254686667,0.00113182510049826,0.20637594806614,0,0,0,0.00240675452404803,0.00225714545903964,2.60189678275463e-05,0.0125086187830929,0,0.000123590097180845,0,0,0,0.0303055927771345,0.0281330089635344,0.000292713388059896,0,0.00192540361923842,0.00869033525440046,0,0,0.00561359230879311,0,0,3.90284517413194e-05,0.0181612395436273,0,0,0.000357760807628761,0.00200346052272106,0,0,0.000383779775456308,0.00126191993963599,0,0,0,0.0666801098000442,0,8.45616454395254e-05,0.000156113806965278,0,0.000617950485904224,0.000110580613267072,0.0636423953061782,0.00298567655821094,0.0265458519260541,0.00196443207097974,0.00496311811310445,0,0.00694706440995486,0,0,0,0.00854072618939207,0.00126191993963599,0,5.20379356550926e-05,0.000442322453068287,0.0197939297748058,0,0,0,0,0,0.00020815174262037,0.00632260918209375,0.0109344712295263,0.0108303953582161,8.45616454395254e-05,0,0,0.0158325419230619,0,0,0,0.000624455227861111,0,0.000130094839137731,0,0,0,0.00395488310978703,0,0,0.00901557235224479,0,0,0,0,7.80569034826388e-05,0.00306373346169357,0.0888352609051999,0.000429312969154514,0,0.00109930139071383,0,0.000513874614594039,0.00024718019436169,0.000331741839801215,0,0,0.0423458701393316,0.0392756319356811,0.000429312969154514,0.0132306451403073,0,0.000240675452404803,0.00238724029817737,0.00047484616285272,0,0.00431914865937268,0,0.0681371719983868,0.000865130680265914,0,0,0,0.000299218130016782,0,0.00815044167197887,0.00395488310978703,0,0.0489481832255714,0.00327838994627083,0,0,0.00207501268424682,0,0.000266694420232349,0.000448827195025173,0,0,0.00267995368623727,0.00239374504013426,0,0,0,0.000214656484577257,0,0.000286208646103009,0,0,0,0,0,0.000487855646766493,0,0,0,0,0.00451429091807928,0,0,0.00450128143416551,0,0.0160732173754667,0,0.0211859445535796,0.00625756176252488,0,0.00694055966799797
76,"mono",0,0,0.00082929318703751,0.0104162869536689,0,0.186882586665695,0,0,0,0.000920424306492181,0.00319870229285897,0,0.0194564940035723,0,0,0,0.000200488462800277,0,0.0229194765428499,0.00680749462326395,0.000218714686691211,0,0.00154922903072941,0.00455655597273357,0,0,0.0025243320088944,0,0,0,0.0292986549046768,0,0,0.000592352276455364,0.00172237815769329,0,0,0,0.000683483395910035,0,9.11311194546714e-05,0,0.0833758611890788,0,0,0.000236940910582146,0,0.000309845806145883,0,0.0591167571902453,0.00404622170378741,0.0284875879415303,0.00297087449422229,0.00473881821164291,0.000109357343345606,0.00333539897204097,0.000109357343345606,0,2.73393358364014e-05,0.0089855283782306,0.000154922903072941,0,0,0.000373637589764153,0.0222359931469398,0,0,0,0,0,0,0.00800131228812015,0.00344475631538658,0.00502132468195239,0.000820180075092042,0.000182262238909343,0,0.0142437939707651,0,0,0,0,0,0,0,0,0,0.00315313673313163,0,0,0.00516713447307987,0,0.000164036015018408,0,0.000555899828673495,0,0.00253344512083986,0.101000619691612,0,0,0.00105712098567419,0.00012758356723654,0.000856632522873911,0.000118470455291073,0,0,0,0.0391043633579995,0.0389950060146539,0.000455655597273357,0.011081544125688,0,0.000309845806145883,0.00275215980753108,0,0,0.00472970509969744,0,0.060866474683775,0.00163124703823862,0,0,0.000747275179528305,0,0,0.0137061203659826,0.00662523238435461,0,0.0785276856340903,0.0100335362519593,0.000145809791127474,0,0.00275215980753108,0.000200488462800277,0.000246054022527613,0.00012758356723654,0,0,0.00404622170378741,0,0,0.000965989866219517,0.000419203149491488,0,0.000209601574745744,0,0,0,0,0.00019137535085481,0,0.000428316261436956,0,0,0,0,0.00527649181642547,0,0,0.00594174898844457,0.000209601574745744,0.0157747967776036,0,0.0251795283053257,0.00921335617686728,0,0.00117559144096526
79,"tri",0.000261446452498448,0.000343148468904213,0.000147063629530377,0.0109235595934508,0.00217327363639335,0.226306415242328,0,0,0,0.00060459492140266,0.00123370044772705,0,0.0211199712408902,0,0,0,7.35318147651884e-05,0,0.0292493218732638,0.00789241478479689,0.000310467662341907,0,0.00184646557077029,0.00607863002058891,0,0,0.0012173600444459,0,0,0,0.0149351285989738,0,0,0.000571914114840354,0.0018056145625674,0,0,0.00016340403281153,0.00214876303147162,0.000228765645936142,0,0,0.072575901173241,0,0,0,0,0,0,0.0612846825059642,0.00693650119284944,0.0262590280728128,0,0.00609497042387006,9.80424196869179e-05,0.00290859178404523,0,0,0,0.0080966698258113,0,0,0,0.000261446452498448,0.0257606457727377,0,0,0,0,0,0,0.00732867087159711,0.00784339357495343,0.00792509559135919,0.00170757214288049,0,0,0.00589888558449623,0,0,0,0.000531063106637472,0,0,0,0,0,0.00405242001372594,0.000114382822968071,0,0.00580084316480931,0.000506552501715742,0,0,0.000220595444295565,0,0.00245106049217295,0.121670642831465,0.000171574234452106,0,0.000457531291872283,0,0.00102944540671264,0.00032680806562306,0,0,0,0.0414637733259257,0.0322232752704337,0,0.0161933396516226,0,0.000375829275466519,0,0,0,0.00383182456943037,0,0.0526651197751561,0.00102127520507206,0,0,0.000383999477107095,0.00030229746070133,0,0.00711624562894212,0.00458348312036341,0,0.0511781430765711,0.0149596392038956,0,0,0.00142161508546031,0.000196084839373836,0.000196084839373836,0.000457531291872283,0,0,0.00245106049217295,0,0,0.000915062583744567,0,0,0,0.000694467139449002,3.2680806562306e-05,0,0,0,0,0,0,0.000114382822968071,0.00211608222490931,0,0.00310467662341907,0,0,0.00700186280597405,0.000245106049217295,0.0166835517500572,0,0.0208421843851106,0.00811301022909245,0,0.00116833883460244
82,"hexa",0.000739551863041289,0,0,0.0112348942598187,0,0.233367950654582,0,0.000645140986908359,0,0,0.00377643504531722,0,0.034601586102719,0,0,0,0.000503524672708963,0,0.0537984642497482,0.0164746978851964,0.000818227593152065,0,0.00261203423967774,0.00347746727089627,0,0,0.00701787512588117,0,0,0,0.0304003021148036,4.72054380664653e-05,0,0.00157351460221551,0,0,0,0,0.00116440080563948,0,0,0,0.049612915407855,0,0,0,0,0.00102278449144008,0,0.052146273917422,0.00561744712990937,0.0186618831822759,0.00387084592145015,0.00390231621349446,0,0.0027693856998993,0,0,0,0.0094253524672709,0.00160498489425982,0,0.000361908358509567,0,0.0296607502517623,0,0,0,0,0,0,0.0134535498489426,0.00424848942598187,0.00964564451158107,0,0,0,0.00810360020140987,0,0,0,0.000472054380664653,0,0,0,0.000833962739174219,0,0.00585347432024169,0.000377643504531722,0,0.00599509063444109,0,0,0,0.000188821752265861,0,0,0.0909334088620342,0,0,0,7.86757301107754e-05,0.0017151309164149,0.000440584088620342,0.000550730110775428,0,0,0.0546638972809668,0.0548527190332326,0.00121160624370594,0.023335221550856,0,0,0.00475201409869084,0,0,0.00423275427995972,0,0.0433031218529708,0,0,0.000582200402819738,0,0,0,0.00664023162134945,0,0,0.0178279204431017,0.00349320241691843,0,0,0.00105425478348439,0,0,0,0,0,0,3.14702920443102e-05,0,0.000692346424974824,0,0,0,0,0,0,0,0,0,0,0,0,0,0,0.00497230614300101,0,0.000409113796576032,0.00986593655589124,0,0.0120059164149043,0,0.0228474320241692,0.00706508056394763,0,0.00236027190332326
85,"hexa",0.00101142482691815,0,0.000484344283312915,0.0118379441009715,0.00307701074104675,0.212869312516026,0,0.000683780164677056,0,0,0.00418815350864697,0.000199435881364141,0.0391036781674692,0,0,0.000227926721559019,0.000498589703410354,0.000113963360779509,0.0452007179691729,0.0197583976751474,0.000470098863215476,0,0.00175218667198496,0.00394598136699051,0,0,0.00982933986723268,0,0,0,0.0326932391236218,0,0,0.00148152369013362,0.00411692640815978,0,0,0,0.00156699621071825,0,0,0,0.0435197583976751,0,0,0,0,0.0010684065073079,0,0.0512692669306818,0.00628223026297046,0.0196301888942705,0.00485768825322659,0.00405994472777002,0,0.00212256759451836,0.000242172141656457,0,0,0.00737912761047323,0.00189464087295934,0,0,0,0.0351576968004786,0,0,0,0,0,0.000142454200974387,0.0112396364568791,0.0049004245135189,0.00917405054275051,0,0,0,0.00980084902703781,0.000113963360779509,0,0,0,0,0.000398871762728283,0,0.00317672868172882,0,0.00719393714920653,0.000327644662241089,4.2736260292316e-05,0.00562694093848828,0,8.5472520584632e-05,0,0.000370380922533406,0,0,0.0863130003703809,0,0,0,0,0.00215105843471324,0.000826234365651443,0,0,0,0.052608336419841,0.0634918373742842,0.00203709507393373,0.0171657312174136,0,0.00021368130146158,0.00417390808854953,0,0,0.00360409128465198,0,0.0462548790563834,0.00118236986808741,0,0.000484344283312915,0,0.000470098863215476,0,0.00575514971936522,0,0,0.0152995811846491,0.00340465540328784,0,0,0,0,0,0.000398871762728283,0,0,0.00156699621071825,0,0,0.00064104390438474,0,0.000128208780876948,0,0,0,0,0,0,0,0,0,0.000142454200974387,0,0,0.00572665887917035,0,0.000398871762728283,0.0106270833926892,0,0.0145588193395823,0,0.021952192370153,0.00960141314567367,0,0.00363258212484686
88,"tri",0,0.000636033758714886,0.000733885106209483,0.00841521588453541,0.00123945040159824,0.229950666612305,0,0,0,0.000864353569535614,0.00195702694989196,4.89256737472989e-05,0.0139845884127696,0,0,0,0.000301708321441677,0,0.0181840420760794,0.0080808904472622,0,0,0.00238104945570188,0.00426468789497289,0,0,0.00121498756472459,0.000277245484568027,0,0,0.0248787051005015,0,0,0.000611570921841236,0.000954050638072328,0,0,0,0.00102743914869328,0,0,0,0.0728095568149386,0,0,0,0,0.000195702694989196,0,0.0492436906266563,0.00238920373465976,0.0326741957842378,0.00238104945570188,0.00405267664206792,0.000179394137073429,0.00278876340359604,0,0,0,0.00859461002160884,0.000619725200799119,0,0,0.000432176784767807,0.0198556692624455,0,0,0,0,0,0,0.00489256737472989,0.00397928813144698,0.00486810453785624,0,0,0,0.0173196885065438,0,0,0,0.000252782647694378,7.33885106209483e-05,0,0,0,0,0.00235658661882823,0,0,0.00488441309577201,0,0,0.00088066212745138,0.000269091205610144,7.33885106209483e-05,0.00193256411301831,0.0983569127899865,0,0,0.000668650874546418,0,0.00132099319117707,0.000366942553104742,7.33885106209483e-05,0,0,0.0378113915277042,0.0286215191421699,0.000603416642883353,0.0112447506829209,0,0.000464793900599339,0.00229950666612305,0,0,0.00625433196069638,0,0.0710237697231622,0.000839890732661964,0,0,0.000627879479757002,0.00015493130019978,0,0.00924695233823949,0.0057079952705182,0,0.0814286296734211,0.0141232111550536,0.000179394137073429,0,0.00368573408896318,0,0.000301708321441677,0,0,0,0.00548782973865536,0.000179394137073429,0,0.000521873853304522,0,0,0,0.000603416642883353,0,0,0,0.000203856973947079,0,0.000424022505809924,0,0.00015493130019978,0,0,0.0043054592897623,0,0,0.00563460675989726,0.000244628368736494,0.0123700411791087,0,0.02777347413055,0.00698006278794798,0,0.00170424430219758
91,"alt_div",0.000123256435013045,0,0.000780624088415949,0.00815546745002979,0,0.236515403630587,0,0,0,0,0.00209535939522176,8.21709566753631e-05,0.0360045741832549,0,0,0,8.901853639831e-05,0,0.0218300841567548,0.00516307511110198,0,0,0.00629977334511117,0.00250621417859857,0,0,0.000897032943706047,0,0,0,0.0278148688346104,0,0,0.00121886919068455,0.00173928524962852,0,0,0,0.000698453131740586,0,0,0,0.0788087950313962,0,0.00150646753904832,0,0,0.00017803707279662,0,0.0503228633839369,0.00188993200353335,0.0211042407061224,0.0026705560919493,0.00335531406424399,0,0.00129419256763697,0,0,0,0.00728582482521553,0.000698453131740586,0,0,0,0.0286708162999788,0,0,0,0,0,0,0.00490971466135294,0.00467689695077275,0.00308141087532612,2.05427391688408e-05,0,0,0.00831980936338051,6.16282175065223e-05,0,3.42378986147346e-05,0,0,0,0,0.00252675691776742,0,0.00256099481638215,0.000253360449749036,0,0.00320466731033916,0,0,0,0.000246512870026089,0,0.00111615549484035,0.103528557831235,0,0,0.000582044276450489,0,0,0,0,0,0,0.0601012072283052,0.0320261303642228,0.00218437793162007,0.00556708231475585,0,0,0.00351965597759472,0.000431397522545656,0,0.00440984134157782,0,0.068119723083876,0.000164341913350726,0,0,0,0,0,0.00728582482521553,0.0121202161096161,0,0.0420099016002794,0.022193005882071,0,0,0.00195840780076282,0.000150646753904832,0,0,0,0,0.00256099481638215,0,0,0.000465635421160391,4.10854783376815e-05,0,0,0,0,0,0,0,0,0,0,0,0,0,0.00454679293603676,0,0,0.0102371316858057,0.000130104014735992,0.0114628484562132,0,0.0149756568540849,0.00562186295253942,0,0.00279381252696234
94,"mono",0,0,0.00108288846248836,0.0129756635066588,0,0.235917700476851,0,0,0,0,0.00258373387541083,0,0.0315367517145734,0.00127286889450387,0,0,0,0,0.0417576989570074,0.0197579649296123,0.000417956950434105,0,0.00305868495544959,0.0075232251078139,0,0,0.00343864581948059,0,0,0.000398958907232555,0.017953150825465,0,0,0,0.00260273191861238,0,0,0,0,0,0,0,0.0511237342553717,0,0.000436954993635656,0.000189980432015502,0,0,0,0.0776829986511389,0.00664931512054258,0.0218097535953797,0,0.00541444231244182,0,0.00450253623876741,0,0,0,0.0154834052092634,0.00155783954252712,0,0,0.000683929555255809,0.0204988886144727,0.000284970648023254,0.00119687672169767,0,0,0,0,0.00792218401504645,0.00600338165168988,0.0101449550696278,0.000398958907232555,0,0,0.0136595930619146,0,0,0,0,0,0,0,0,0,0.00674430533655034,0,0,0.0082451507494728,0,0.000512947166441857,0.00197579649296122,0,0.000170982388813952,0,0.0795258088416893,0,0,0.000569941296046507,0,0.00159583562893022,0,0,0,0,0.0355073427436974,0.0595398673936585,0.00174781997454262,0.0191310295039611,0,0.000550943252844957,0.00543344035564337,0,0,0.00233675931379068,0,0.0523206109770694,0.00123487280810077,0,0.000360962820829455,0.000265972604821703,0.000569941296046507,0,0.00596538556528678,0,0,0.0236715618291316,0.00260273191861238,0,0,0,0,0,0,0,0,0.00178581606094572,0,0,0.000531945209643407,0,0,0,0,0,0,0,0,0,0,0,0,0,0,0.00469251667078291,0,0,0.00689628968216274,0,0.0117787867849611,0,0.0256093622356897,0.00740923684860459,0,0.00279271235062789
97,"hexa",0,0,0.000784113853331504,0.0154274400642973,0,0.216003763746496,0,0,0,0,0.00317566110599259,0,0.0350890949365848,0.00178385901632917,0,0,0,0,0.0382451531962441,0.0208770313449513,0.000784113853331504,0,0.00292082410365985,0.00962499754964421,0,0.000509674004665477,0.0052143571246545,0,0,0.000254837002332739,0.0217003508909494,0,0,0,0.00384215788132437,0,0,0.000548879697332053,0.000901730931331229,0,0,0,0.047301668202223,0,0,0.000254837002332739,0,0.000470468311998902,0,0.0716288005018329,0.00670417344598436,0.0216611451982828,0,0.00664536490698449,0,0.00686099621665066,0.000333248387665889,0,0,0.0115656793366397,0.00133299355066356,0,0,0.000784113853331504,0.0257973457746065,0.00121537647266383,0.00162703624566287,0,0,0,0,0.00725305314331641,0.00558681120498696,0.0105267284809754,0,9.8014231666438e-05,0,0.0129770842726364,0,0,0,0,0,0,0.00115656793366397,0.000999745162997667,0,0.00809597553564778,0,0,0.00801756415031462,0,0.000842922392331366,0,0,0.000156822770666301,0,0.0770979946288201,0.000196028463332876,0,0.000627291082665203,0,0.00188187324799561,0.000509674004665477,0,0,0,0.0304236175092623,0.0512222374688805,0.00262678140866054,0.0194460235626213,0.000372454080332464,0.000196028463332876,0.00582204536098641,0,0,0.00227393017466136,0,0.0538686217238743,0.00098014231666438,0,0.00056848254366534,0.00049007115833219,0.000666496775331778,0,0.010703154097975,0.00290122125732656,0,0.0265226510889381,0.00358732087899163,0,0,0.000803716699664791,0,0.000196028463332876,0,0,0,0.00215631309666164,3.92056926665752e-05,0,0,0,0.000215631309666164,0,0.000686099621665066,0,0,0,0,0,0,0,0,0,0,0.00544959128065395,3.92056926665752e-05,0.000548879697332053,0.0069590104483171,0,0.0129182757336365,0,0.0266990767059377,0.00766471291631545,0,0.0050575343539882
149,"alt_div",0.000423845941214411,0.000773979544826315,0.000764765502626002,0.0127430203630333,0.00114254123283885,0.2,0,0.000175066801805952,0,0,0.00387911176633189,9.21404220031328e-05,0.00602598359900488,0,0,0,0.000193494886206579,0,0.0274209895881323,0.00844006265548696,0.000801621671427255,0,0.00571270616419423,0.00158481525845388,0,0,0.00300377775730213,0,0,0,0.0178844559108081,0,0,0.000433059983414724,0.00186123652446328,0,0,0,0.00112411314843822,0,0,0,0.0696028747811665,6.44982954021929e-05,0,0,0,0.000276421266009398,0,0.0465677692803833,0.00176909610246015,0.0142817654104856,0.00192573481986547,0.00469916152215977,0.000322491477010965,0.000783193587026629,0,0,0,0.0106145766147609,0,0,0,0.000221137012807519,0.0481249424122362,0,0,0,0,0,0,0.00897447710310513,0.00719616695844467,0.00507693725237262,0,0,0,0.0164562793697595,0,0,0.000202708928406892,0.00047913019441629,0,0,0,0.000469916152215977,0,0.00179673822906109,0.000377775730212844,0,0.0045793789735557,0.000635768911821616,0,0.00127153782364323,0.000267207223809085,0.000184280844006266,0.00245093522528333,0.0950244172118308,0.000202708928406892,0,0.000644982954021929,0,0.00164931355385608,0.000156638717405326,0,0,0,0.039528241039344,0.0314014558186676,0,0.0133050769372524,0,0,0.00206394545287017,0.00156638717405326,5.52842532018797e-05,0.00452409472035382,0.000257993181608772,0.0604349027918548,0.00101354464203446,0,0,0.000386989772413158,0.000386989772413158,0,0.00830185202248226,0.0070763844098406,0,0.101704597807058,0.00648668570902055,0.000202708928406892,0,0.00457016493135539,0.000202708928406892,0,0.000248779139408458,0,0,0.00415553303234129,0,0,0.000783193587026629,0,0,0,0.000543628489818483,0,0,0,0,0,0,0,0,0.00175066801805952,0,0.0020823735372708,0,0.000488344236616604,0.00453330876255413,0,0.0188335022574403,0,0.0313738136920667,0.00852298903528978,0,0.00138210633004699
166,"div",0.000264472524243315,0,0.00111666176902733,0.0077284748751102,0,0.260858066411989,0,0,0,0,0.00202762268586541,0.00017631501616221,0.036115192477226,0,0,0,0,0,0.0245077872465472,0.012577137819571,0,0,0,0.00558330884513664,0,0,0.0023508668821628,0,0,0,0.024390243902439,0,0,0,0,0,0,0,0.00114604760505436,0,0,0,0.0511607405230679,0,0,0,0,0,0,0.0459006758742286,0.00223332353805466,0.0340287981193065,0,0.00549515133705554,0,0.00373200117543344,0,0,0,0.00766970320305613,0.000852189244784014,0,0,0.00191007934175727,0.0236555980017631,0,0,0,0,0,0,0.00908022333235381,0.00517190714075815,0.0083161915956509,0,0,0,0.0192771084337349,0,0,0,0,0,0,0,0,0.00023508668821628,0.00464296209227153,0,0,0.00784601821921834,0,0,0,0,0,0,0.0693799588598296,0,0,0.00108727593300029,0,0,0,0,0,0,0.0320599471054952,0.0349985307081986,0.000852189244784014,0.0153981780781663,0,0,0.00437848956802821,0,0,0.00631795474581252,0,0.0984425506905671,0.00105789009697326,0,0,0,0.000323244196297385,0,0.00764031736702909,0,0,0.0488686453129592,0.00193946517778431,0,0,0.00349691448721716,0,0.00017631501616221,0,0,0,0.00170437848956803,0,0,0.000822803408756979,0,0,0,0,0,0,0,0,0,8.81575080811049e-05,0,0,0,0,0.00669997061416397,0,0,0.00681751395827211,0,0.0116661769027329,0,0.0241551572142227,0.00734645900675874,0,0.00423156038789304
175,"alt_div",0,0,0.000571152409823821,0.00711743772241993,0.00518430648917007,0.258732041650191,0,0,0,0,0.00241641404156232,0,0.0326435569614692,0,0,0,0,0,0.0593119810201661,0.008611220948113,0,0,0,0.00518430648917007,0,0,0.00140591362418171,0,0,0,0.0288212292957251,0,0,0,0,0,0,0,0,0,0,0,0.0554017837529107,0,0,0,0,0,0,0.052897500109837,0,0.0325117525592021,0.00294363165063046,0.00659022011335179,0,0.00136197882342604,0.000351478406045429,0,0,0.00782039453451079,0.00136197882342604,0,0,0,0.0220992047801063,0,0,0,0,0,0,0.0135758534335047,0.00584332850050525,0.00724924212468696,0,0,0,0.016124071877334,0,0,0,0,0,0,0,0,0,0.00540398049294846,0,0,0.00698563332015289,0,0,0,0,0,0,0.0687140283818813,0,0,0,0,0,0.000746891612846536,0,0,0,0,0.0396731250823778,0,0.0144984842493739,0,0,0.00663415491410746,0,0,0.00694169851939721,0,0.0907253635604763,0.000702956812090857,0,0,0,0.000219674003778393,0,0,0,0,0.0500417380607179,0.00250428364307368,0,0,0.00412987127103379,0,0,0,0,0,0.00193313123324986,0,0,0,0,0,0,0,0,0,0,0,0,0,0,0,0,0,0.00724924212468696,0,0,0.00773252493299943,0,0.0129607662229252,0,0.0240762708141119,0.00883089495189139,0,0.00316330565440886
271,"alt_div",0,0,0.00200472839386691,0.00656721370404679,0,0.185167775027997,0,0,0,0.00116135989713669,0.00139639701917626,0,0.0107840561876979,0,0,0,0,0,0.0162037357076691,0.0110882218750432,0,0,0.00188029697631655,0.00331817113467627,0,0,0.00107840561876979,0,0,0,0.0140054473309461,0,0,0.000760414218363312,0,0,0,0,0.000359468539589929,0,0,0,0.0798849700673312,0,0,0.00037329425265108,5.53028522446045e-05,0,0,0.0626581315931369,0.00270983975998562,0.0124984446072806,0,0.00573767092037772,0.000110605704489209,0.00342877683916548,0,0,0,0.0073276279224101,0.000553028522446045,0,0,0.000470074244079138,0.0258955605635361,0,0,0,8.29542783669068e-05,0,0,0.00681607653914751,0.0086272449501583,0.00460396244936333,0,0,0,0.0193698239986727,0,0,0.000165908556733814,0.00024886283510072,0,0,0,0,0,0.00244715121182375,0.000110605704489209,0,0.00597270804241729,0,0,0,0.00152082843672662,0,0.00167291128039929,0.100194942554162,0,0,0.00174203984570504,0,0,0.000193559982856116,0,0,0,0.0433297847336476,0.0206832667394821,0,0.00960887057750003,0,0.000317991400406476,0,0.00200472839386691,0,0.00485282528446405,0,0.122730854843839,0.00098162562734173,0,0,0.000331817113467627,0,0,0.00648425942567988,0.0055717623636439,0,0.112292441482669,0.00902819062893169,0,0,0.00132726845387051,0,0.000414771391834534,0,0,0,0.00436892532732376,0,0,0.000193559982856116,0,0.000304165687345325,0,0,0,0,0,0,0,0.000400945678773383,0,0.000290339974284174,0,0,0.00474221957997484,0,0,0.00521229382405398,0,0.0146690815578813,0,0.0126920045901367,0.00483899957140289,0,0.00107840561876979
274,"alt_div",0,0,0.00156113490210682,0.0200226292949113,0,0.169447587402071,0,0,0,0.00110282006846078,0.00189054868878991,0.000257802093925896,0.0177453774652325,0,0.000186190401168703,0,0,0,0.0416780051846866,0.0249351914180547,0.00116010942266653,0,0.00232021884533307,0.00647369702525028,0.000243479755374458,0,0.00706091290585927,0,0.00021483507827158,0.000200512739720141,0.0165279786883602,0,0,0.00187622635023847,0.00451153664370318,0,0,0.000401025479440283,0.000257802093925896,0,0,0,0.0564873032468741,0,0,0,0,0.000887984990189198,0,0.0387562481201931,0.00842153506824594,0.0133340971913894,0,0.00650234170235316,0,0.0045545036593575,0,0,0,0.0106128528666161,0,0,0.000229157416823019,0.000272124432477335,0.0432964294409991,0,0,0,0,0,0,0.0290743472594205,0.0121883101072743,0.0089228169175463,0.000458314833646038,0,0,0.0121883101072743,0,0,0,0,0,0,0,0,0,0.00484095043038627,0,0,0.00634479597828734,0.00229157416823019,0,0.00206241675140717,0.000773406281777689,0,0.0036665186691683,0.119706105612924,0,0,0.000716116927571934,0,0.00289311238739061,0.000257802093925896,0.000802050958880566,0,0,0.0468483694017559,0.0355910113003251,0,0.0215837641970181,0,0.00042967015654316,0.00482662809183484,0,0,0.0019621603815471,0,0.0366365420145801,0.000572893542057547,0,0.00075908394322625,0,0.000386703140888844,0,0.0106844645593733,0.0048123057532834,0,0.0600392432076309,0.00383838673178557,0,0,0.00224860715257587,0,0.000200512739720141,0,0,0,0.00186190401168703,0,0,0.000300769109580212,0.000988241360049269,0,0.000644505234814741,0,0,0,0,0,0,0,0,0,0,0,0.00201944973575285,0,0,0.00355193996075679,0,0.0163274659486401,0,0.0206384898526231,0.00896578393320061,0,0.00266395497056759
295,"div",0,0,0.00142183099229313,0.00763441736626185,0.00122259352840492,0.206464350078337,0,0,0,0.0010867498030266,0.00177502467827678,0.000262631202398095,0.00647521757636681,0,0,0,0,0,0.0208655962181107,0.00672879253040635,0,0,0.00166634969797412,0.0038217368073102,0,0,0.00105958105795093,0.000172068718812545,0,0,0.0180672154753172,0,0,0,0,0,0,0,0.000652049881815959,0,0,0,0.0859256844259697,0,0,0,0,0,0,0.0541744776808759,0.00306101194519158,0.0214633086097753,0.00203765588067487,0.00402097427119841,9.05624835855499e-05,0.00425643672852084,0,0,0,0.00652955506651814,0,0,0,0,0.0185562528866792,0,0,0,9.96187319441048e-05,0,0,0.00539752402169877,0.00470019289809004,0.00336892438938245,0,0,0,0.0211372836688673,0,0,0,0,0,0,0,0,0,0.00337798063774101,0,0,0.00737178616386376,0,0,0,0.000244518705680985,0,0.00134032475706614,0.0939857454650836,0,0,0.00115919978989504,0.00012678747701977,0,0,0,0,0,0.0331277564955941,0.0278932449443494,0,0.0062578676157615,0,0.000769781110477174,0.00292516821981326,0,0,0.00732650492207098,0,0.0826473225201728,0.000733556117042954,0,0,0.00025357495403954,0,0,0.0104780793508481,0.00459151791778738,0,0.1126868983255,0.0302931507593664,0,0,0.00273498700428361,0,0,0.000307912444190869,0,0,0.00373117432372465,5.43374901513299e-05,0,0.000815062352269949,0,0.000434699921210639,0,0,0,0,0,0,0,0.000416587424493529,0,0.000452812417927749,0,0,0.00539752402169877,0,0,0.00460057416614593,0.000172068718812545,0.0148703598047473,0,0.0162106845618134,0.0073627299155052,0,0.000652049881815959
319,"div",0,0,0.000591921122282448,0.0101218511910299,0.00142061069347787,0.246086978580911,0,0.00104008997201059,0,0,0.00165737914239085,0,0.0327501500942846,0,0,0,0.000363608689402075,0,0.039616435112761,0.00968213835733433,0.00032978462527165,0,0.00084560160326064,0.00353461470162947,0,0,0.00147134678967351,9.30161763586704e-05,0,0,0.0283107416771662,0,0,0.0011922982605975,0.00169965922255389,4.2280080163032e-05,0,0,0.000777953474999789,0,0,0,0.064451754200526,0,0.000287504545108618,0,0,0,0,0.048875772668465,0.00397432753532501,0.0171488005141258,0.00200407579972772,0.00241842058532543,0,0.00161509906222782,0,0,0,0.00690010908260682,0.000752585426901969,0,0,0.000372064705434682,0.0221632180214614,0,0,0,0,0,0,0.0100457470467364,0.00416035988804235,0.00659569250543299,0.000143752272554309,0,0,0.0112803253874969,0,0,0,0,8.4560160326064e-05,0,0,0,0,0.00353461470162947,0.000219856416847766,0,0.00403351964755325,0.000769497458967182,0.000202944384782554,0,0.000397432753532501,0,0.00137833061331484,0.110114240776601,0,0,0.000473536897825958,0,0.000955529811684523,0,0,0,0,0.0507614642437362,0.0320990368597739,0.000397432753532501,0.010806788489671,0,0.000338240641304256,0.00230849237690155,0,0,0.00592766723885708,0,0.0594035126290599,0.000312872593206437,0,0.000202944384782554,0,0,0,0.00603759544728097,0.00332321430081431,0,0.0369358780304247,0.0162609188307021,0,0,0.000786409491032395,0,0,0,0,0,0.00126840240489096,0,0,0.000651113234510693,0,0,0,0,0,0,0,0,0.000177576336684734,0,0,0,0,0,0.00432948020869448,0,0,0.00816851148749778,0.000152208288586915,0.0128869684336922,0,0.0287758225589596,0.00851520814483464,0,0.00219010815244506
373,"alt_div",0,0,0.000911419844319637,0.0228101290767563,0.00211843531382402,0.221672085919795,0,0,0,0.00128091437580057,0.00401517390875948,0,0.0208641245442901,0,0,0,0.000468026406542517,0,0.0618780175386738,0.00852300719282688,0.000344861562715538,0,0.00162577593851611,0.00773475219233422,0,0,0.00184747265740467,0,0,0,0.0231057247019411,0,0,0.002241600157651,0.00263572765789733,0,0,0,0.00187210562617007,0,0,0,0.0668538772292837,0,0,0,0,0.000468026406542517,0,0.0476894275298059,0.00179820671987388,0.0195832101684895,0.0016750418760469,0.00275889250172431,0,0.00443393437777121,0,0,0,0.00936052813085033,0.000862153906788846,0,0,0.000492659375307912,0.0362104640851315,0,0,0,0,0,0,0.00773475219233422,0.0072913587545571,0.0100995171938122,0.000295595625184747,0,0,0.0109863040693664,0,0,0,0,0,0,0,0.000763622031727264,0,0.00330081781456301,0.000369494531480934,0,0.00591191250369495,0,0,0.000936052813085033,0.00061582421913489,0,0.0033500837520938,0.0994432949059021,0.000320228593950143,0,0.000763622031727264,0,0.00332545078332841,0,0,0,0,0.0462114494038822,0.0240417775150261,0,0.0163562912602227,0,0,0,0,0,0.00219233422012021,0,0.0409892600256183,0.000344861562715538,0,0.000443393437777121,0,0,0,0.00677406641048379,0.00569021578480639,0,0.0514829047196768,0.00310375406443985,0,0,0.00061582421913489,0,0,0,0,0,0.00133018031333136,0,0,0.00100995171938122,0,0,0,0,0,0,0,0,0,0.000246329687653956,0,0,0,0,0.00174894078234309,0,0,0.00332545078332841,0,0.0175633067297271,0,0.0350034486156272,0.00569021578480639,0,0.00219233422012021
9996,"floresta",0,0.000313346607043771,0.00227176290106734,0.00891079413780723,0.00114893755916049,0.224441035349414,0,0.000215425792342592,0,0.00101837647289225,0.00169076606717368,0,0.0237686457551327,0,0,7.18085974475308e-05,0,0,0.0239905996017887,0.00511146652740151,0,0,0.000848647060743545,0.00293762444103535,0,0,0.00133172307993602,7.18085974475308e-05,0,0,0.0264647321865718,0,0,0.000443907693312008,0.00114893755916049,0,0,0,0.000306818552730359,0,0,0,0.078754447237001,0,0,0.00013708914058165,0,0.000110976923328002,0,0.0417207951170154,0.00141658778601038,0.0252570421385906,0.00261122172536476,0.00349903711198877,5.22244345072951e-05,0.00150798054639815,0,3.91683258804713e-05,0,0.00594705747951823,0.000770310408982603,0,0,0.000332930769984006,0.0207331004993962,0,0,0,0,0,0,0.00891732219212064,0.00299637692985606,0.00465450272546268,0,0,0,0.0190162222149688,0,0,0.00020889773802918,0,0,0,0,0.00020889773802918,0,0.0027483108659464,0.00013708914058165,0,0.00416489865195678,0.000150145249208473,0,0.000731142083102131,0.000626693214087541,0,0.00152756470933838,0.0958971178640206,0,0,0.0013186669713092,7.83366517609427e-05,0.000620165159774129,0,0,0,0,0.0499069752260339,0.0238796226784607,0.00024153800959624,0.0104057185755785,0,0.000476547964879068,0.00211508959754545,0.000254594118223064,0,0.00575121585011587,0.000235009955282828,0.088755426445148,0.000620165159774129,0,0.000110976923328002,0.000404739367431537,0.00013708914058165,0,0.00733100499396155,0.00690015340927637,0,0.0603192218559258,0.0191598394098639,0,0,0.00114893755916049,0,0.000476547964879068,0,0,0,0.00250024480203675,0.00306165747299018,0,0.000620165159774129,0,0.000150145249208473,0,0,0,3.91683258804713e-05,0,0,0,0.000365571041551066,0,0,0,0,0.00605150634853282,0,0.000339458824297418,0.00754643078630414,0.000202369683715769,0.0130495805725104,0,0.0240493520906094,0.00936775793974606,0,0.000626693214087541
9997,"floresta",0.000242401247839467,0,0.00111715357699928,0.0209097424223262,0,0.226202520972978,0,0,0,0,0.00331984317693183,0.000800978036339109,0.00746174275958012,0,0,0,0.000959065806669196,0,0.0485013279372708,0.017537203321951,0.00016862695501876,0,0.00128578053201804,0.0111399182159268,0,0,0.00484802495678934,0,0,0,0.0141119682981325,0,0,0.000790438851650436,0.00149656422579149,0,0,0.000453184941612917,0.00250832595590405,0,0,7.37742928207074e-05,0.074269634501075,0,0,0,0,0,0.000516420049744952,0.0469309894186586,0.00491126006492138,0.0238607141351545,0.00192867079802706,0.00523797479027022,0,0.00735635091269339,0.000368871464103537,0,0,0.0102862442561443,0.00106445765355592,0,0,0.000505880865056279,0.0180114666329413,0,0,0,0,0,0,0.00575439484001518,0.00522743560558155,0.00929556089540913,0.000274018801905485,0,0,0.0169364697946967,0,0,0,0.000274018801905485,0,0,0,0,0.00029509717128283,0.00396273344294085,0,0,0.0108975169680873,0,0,0,0.00149656422579149,0,0.00317229459129042,0.109101639897138,0.000411028202858227,0,0.000843134775093799,0,0.000548037603810969,0.000263479617216812,0,0,0,0.0482062307659879,0.030120989840226,0,0.0119408962522659,0,0.000853673959782471,0.00258210024872476,0,0,0.00214999367648919,0.000158087770330087,0.0491969141267232,0.000537498419122297,0,0.000600733527254332,0,0.000358332279414864,0,0.0104443320264744,0.00235023818557396,0,0.0382572404198811,0.00400489018169554,0,0,0.00105391846886725,0,0,0.000453184941612917,0,0,0.00232915981619662,0.000115931031575397,0,0.00196028835209308,0,0.000115931031575397,0,0,0,0,0,0,0,0.000158087770330087,0,0,0,0,0.00213945449180051,0,0,0.00348847013195059,0,0.0219636608911935,0,0.0253151216221913,0.00746174275958012,0,0.0037519497491674
9998,"floresta",0.000368810020284551,0,0.00065960253627814,0.00751095791310269,0,0.22205200221286,0.000602862533157439,0,0,0.000957487552661815,0.00122700256748514,0,0.0213200561726031,0.000319162517553938,0,5.67400031207002e-05,0,0,0.0223342837283856,0.00922734300750386,0,0,0.00194334510688398,0.00319162517553938,0,0,0.00270224264862335,0,0,0,0.0244265713434614,0,0,0,0.00129792757138602,0,0,0.000205682511312538,0.000368810020284551,0,0,0,0.0903088074669844,0,0.000354625019504376,0,0,0.000212775011702626,8.51100046810503e-05,0.0526192603940593,0.00339021518646184,0.0292352866079408,0.00207101011390556,0.00434061023873356,0,0.0053973927968566,0,0,0,0.00888690298877966,0,0.00268096514745308,0,0.000248237513653063,0.0213342411733833,0,0,0,0,0,0,0.00698611288423621,0.00462431025433706,0.00423422273288225,0.000680880037448402,0,0,0.00864575797551669,0,0,0.000106387505851313,0.000297885016383676,0,9.22025050711378e-05,0,0,0,0.00336184518490149,0.0001134800062414,0,0.0077875654283161,0,0.000290792515993588,0,0.000553215030426827,0,0.00188660510376328,0.107366270905145,0,0,0.00108515255968339,0,0.000546122530036739,0,0,0,0,0.0410301147566563,0.0219441962069308,0,0.00811382044626013,0,0.000241145013262976,0.00401435522078954,0,0,0.00480162276408925,0.000120572506631488,0.054619345504064,0.000985857554222165,1.4185000780175e-05,0,0,0.000177312509752188,0,0.0094330255188164,0.00276607515213413,0.00306396016851781,0.0643715335404343,0.0219371037065407,0.000134757507411663,0,0.00398598521922919,0,0.000375902520674639,0.000234052512872888,0,0,0.00433351773834348,0,0,0.000844007546420415,0,0,0,0.000432642523795339,0,0,0,0,0,0.000439735024185426,0,0,0,0,0.00544704029958722,0,0.000177312509752188,0.00678043037292367,0,0.017341163453764,0,0.0206037136332042,0.00932663801296509,0,0.00131211257216619
9999,"floresta",0,0,0.000530038937475791,0.0173587752023322,0.00540231993965711,0.159388824332864,0,0,0,0,0.00420973233033657,0.0002140541862883,0.0028336697041975,0,0,0,0,0,0.0278168511609891,0.00761421319796954,0.000937761197072554,0,0.00187552239414511,0.00461745458993334,0,0,0.0033127433592237,0,0,4.07722259596763e-05,0.0147493527409129,0,0,0.00043830142906652,0.00180417099871567,0,0,0,0.000611583389395144,0,0,0,0.0669887672517481,0,0,0.000203861129798381,0,0.000397529203106844,0,0.0737773428740342,0.00510672130144945,0.0162171528754612,0.0024055613316209,0.00531058243124783,0,0.0013352904001794,0.000417915316086682,0,0,0.0142804721423766,0,0,0,0.000356756977147167,0.023800786903961,0,0,0,0,0,0.000122316677879029,0.00557560189998573,0.00605467555501193,0.0063095019672599,0.000224247242778219,0.000132509734368948,0.00239536827513098,0.0119156830367154,0,0,0,0.00043830142906652,0,0,0,0.000366950033637086,0,0.00225266548427211,0,0,0.00557560189998573,0.000866409801643121,0,0.000937761197072554,0.000183475016818543,0.000173281960328624,0.00202841824149389,0.129268342405154,0,0,0.000489266711516115,0.000101930564899191,0.001763398772756,0.000499459768006034,0,0,0,0.0395796383503557,0.0728090025074919,0.000519845880985872,0.0161661875930116,0,0,0.00264000163088904,0.000835830632173364,0,0.00293560026909669,0,0.0341671253542087,0.000428108372576601,0,0,0.0019264876765947,0.000315984751187491,0,0.0114671885511589,0.00490286017165107,0,0.0889446109310338,0.00653374921003812,0.000417915316086682,0,0.00341467392412289,0.000163088903838705,0,0.000203861129798381,0,0,0.00404664342649787,0,0,0.000896988971112878,0,0,0,0.000601390332905225,0,0,0,0.000132509734368948,0,0,0,0,0,0,0.00179397794222576,0,0.000509652824495953,0.00396509897457852,0,0.0217621756059772,0,0.0271543024891444,0.0065235561535482,0,0.00221189325831244
